[{"prefecture_jis_code":"42","city_jis_code":"42211","town_name_kana":"ｱｶｼﾏﾁｮｳ","town_name":"赤島町","zip_code":"8530062"},{"prefecture_jis_code":"42","city_jis_code":"42211","town_name_kana":"ｲｹﾀﾞﾏﾁ","town_name":"池田町","zip_code":"8530018"},{"prefecture_jis_code":"42","city_jis_code":"42211","town_name_kana":"ｲﾉｷﾁｮｳ","town_name":"猪之木町","zip_code":"8532174"},{"prefecture_jis_code":"42","city_jis_code":"42211","town_name_kana":"ｲﾌｷﾁｮｳ","town_name":"伊福貴町","zip_code":"8532481"},{"prefecture_jis_code":"42","city_jis_code":"42211","town_name_kana":"ｴｶﾞﾜﾏﾁ","town_name":"江川町","zip_code":"8530006"},{"prefecture_jis_code":"42","city_jis_code":"42211","town_name_kana":"ｵｳｼﾏﾁｮｳ","town_name":"黄島町","zip_code":"8530061"},{"prefecture_jis_code":"42","city_jis_code":"42211","town_name_kana":"ｵｵｱﾚﾁｮｳ","town_name":"大荒町","zip_code":"8530032"},{"prefecture_jis_code":"42","city_jis_code":"42211","town_name_kana":"ｵｸｳﾗﾁｮｳ","town_name":"奥浦町","zip_code":"8530053"},{"prefecture_jis_code":"42","city_jis_code":"42211","town_name_kana":"ｵﾄﾞﾏﾘﾁｮｳ","town_name":"小泊町","zip_code":"8530025"},{"prefecture_jis_code":"42","city_jis_code":"42211","town_name_kana":"ｶﾐｵｵﾂﾞﾁｮｳ","town_name":"上大津町","zip_code":"8530013"},{"prefecture_jis_code":"42","city_jis_code":"42211","town_name_kana":"ｶﾐｻｷﾔﾏﾁｮｳ","town_name":"上崎山町","zip_code":"8530023"},{"prefecture_jis_code":"42","city_jis_code":"42211","town_name_kana":"ｷｼｸﾏﾁｶﾜﾗ","town_name":"岐宿町川原","zip_code":"8530702"},{"prefecture_jis_code":"42","city_jis_code":"42211","town_name_kana":"ｷｼｸﾏﾁｷｼｸ","town_name":"岐宿町岐宿","zip_code":"8530701"},{"prefecture_jis_code":"42","city_jis_code":"42211","town_name_kana":"ｷｼｸﾏﾁｸｽﾊﾗ","town_name":"岐宿町楠原","zip_code":"8530703"},{"prefecture_jis_code":"42","city_jis_code":"42211","town_name_kana":"ｷｼｸﾏﾁｺｳﾑ","town_name":"岐宿町河務","zip_code":"8530704"},{"prefecture_jis_code":"42","city_jis_code":"42211","town_name_kana":"ｷｼｸﾏﾁﾄｳｾﾝﾉｳﾗ","town_name":"岐宿町唐船ノ浦","zip_code":"8530706"},{"prefecture_jis_code":"42","city_jis_code":"42211","town_name_kana":"ｷｼｸﾏﾁﾄｷﾞﾉｸﾋﾞ","town_name":"岐宿町戸岐ノ首","zip_code":"8530705"},{"prefecture_jis_code":"42","city_jis_code":"42211","town_name_kana":"ｷｼｸﾏﾁﾅｶﾀﾞｹ","town_name":"岐宿町中嶽","zip_code":"8530312"},{"prefecture_jis_code":"42","city_jis_code":"42211","town_name_kana":"ｷｼｸﾏﾁﾆﾎﾝｸﾞｽ","town_name":"岐宿町二本楠","zip_code":"8530311"},{"prefecture_jis_code":"42","city_jis_code":"42211","town_name_kana":"ｷｼｸﾏﾁﾏﾂﾔﾏ","town_name":"岐宿町松山","zip_code":"8530313"},{"prefecture_jis_code":"42","city_jis_code":"42211","town_name_kana":"ｺｳﾀﾞﾁｮｳ","town_name":"高田町","zip_code":"8530043"},{"prefecture_jis_code":"42","city_jis_code":"42211","town_name_kana":"ｺﾊﾞﾁｮｳ","town_name":"木場町","zip_code":"8530033"},{"prefecture_jis_code":"42","city_jis_code":"42211","town_name_kana":"ｺﾓﾘﾌﾞﾁﾁｮｳ","town_name":"籠淵町","zip_code":"8530041"},{"prefecture_jis_code":"42","city_jis_code":"42211","town_name_kana":"ｺﾝﾔﾏﾁ","town_name":"紺屋町","zip_code":"8530016"},{"prefecture_jis_code":"42","city_jis_code":"42211","town_name_kana":"ｻｲﾜｲﾏﾁ","town_name":"幸町","zip_code":"8530004"},{"prefecture_jis_code":"42","city_jis_code":"42211","town_name_kana":"ｻｶｴﾏﾁ","town_name":"栄町","zip_code":"8530001"},{"prefecture_jis_code":"42","city_jis_code":"42211","town_name_kana":"ｻｶﾉｳｴ","town_name":"坂の上","zip_code":"8530065"},{"prefecture_jis_code":"42","city_jis_code":"42211","town_name_kana":"ｼﾓｵｵﾂﾞﾁｮｳ","town_name":"下大津町","zip_code":"8530011"},{"prefecture_jis_code":"42","city_jis_code":"42211","town_name_kana":"ｼﾓｻｷﾔﾏﾁｮｳ","town_name":"下崎山町","zip_code":"8530021"},{"prefecture_jis_code":"42","city_jis_code":"42211","town_name_kana":"ｼﾝﾐﾅﾄﾏﾁ","town_name":"新港町","zip_code":"8530063"},{"prefecture_jis_code":"42","city_jis_code":"42211","town_name_kana":"ｽｴﾋﾛﾏﾁ","town_name":"末広町","zip_code":"8530005"},{"prefecture_jis_code":"42","city_jis_code":"42211","town_name_kana":"ﾀﾉｳﾗﾁｮｳ","town_name":"田ノ浦町","zip_code":"8532173"},{"prefecture_jis_code":"42","city_jis_code":"42211","town_name_kana":"ﾀﾏﾉｳﾗﾏﾁｱﾗｶﾜ","town_name":"玉之浦町荒川","zip_code":"8530501"},{"prefecture_jis_code":"42","city_jis_code":"42211","town_name_kana":"ﾀﾏﾉｳﾗﾏﾁｲﾂｸﾔﾏ","town_name":"玉之浦町幾久山","zip_code":"8530502"},{"prefecture_jis_code":"42","city_jis_code":"42211","town_name_kana":"ﾀﾏﾉｳﾗﾏﾁｵｶﾞﾜ","town_name":"玉之浦町小川","zip_code":"8530503"},{"prefecture_jis_code":"42","city_jis_code":"42211","town_name_kana":"ﾀﾏﾉｳﾗﾏﾁｶﾐﾉﾋﾗ","town_name":"玉之浦町上の平","zip_code":"8530506"},{"prefecture_jis_code":"42","city_jis_code":"42211","town_name_kana":"ﾀﾏﾉｳﾗﾏﾁﾀﾁﾔ","town_name":"玉之浦町立谷","zip_code":"8530412"},{"prefecture_jis_code":"42","city_jis_code":"42211","town_name_kana":"ﾀﾏﾉｳﾗﾏﾁﾀﾏﾉｳﾗ","town_name":"玉之浦町玉之浦","zip_code":"8530411"},{"prefecture_jis_code":"42","city_jis_code":"42211","town_name_kana":"ﾀﾏﾉｳﾗﾏﾁﾀﾝﾅ","town_name":"玉之浦町丹奈","zip_code":"8530504"},{"prefecture_jis_code":"42","city_jis_code":"42211","town_name_kana":"ﾀﾏﾉｳﾗﾏﾁﾀﾞｲﾎｳ","town_name":"玉之浦町大宝","zip_code":"8530413"},{"prefecture_jis_code":"42","city_jis_code":"42211","town_name_kana":"ﾀﾏﾉｳﾗﾏﾁﾄﾝﾄﾏﾘ","town_name":"玉之浦町頓泊","zip_code":"8530507"},{"prefecture_jis_code":"42","city_jis_code":"42211","town_name_kana":"ﾀﾏﾉｳﾗﾏﾁﾅｶｽ","town_name":"玉之浦町中須","zip_code":"8530505"},{"prefecture_jis_code":"42","city_jis_code":"42211","town_name_kana":"ﾀﾏﾉｳﾗﾏﾁﾇﾉｳﾗ","town_name":"玉之浦町布浦","zip_code":"8530508"},{"prefecture_jis_code":"42","city_jis_code":"42211","town_name_kana":"ﾀﾞｲｴﾝｼﾞﾁｮｳ","town_name":"大円寺町","zip_code":"8530066"},{"prefecture_jis_code":"42","city_jis_code":"42211","town_name_kana":"ﾁｭｳｵｳﾏﾁ","town_name":"中央町","zip_code":"8530002"},{"prefecture_jis_code":"42","city_jis_code":"42211","town_name_kana":"ﾂﾂﾐﾁｮｳ","town_name":"堤町","zip_code":"8530044"},{"prefecture_jis_code":"42","city_jis_code":"42211","town_name_kana":"ﾄｷﾞﾁｮｳ","town_name":"戸岐町","zip_code":"8530054"},{"prefecture_jis_code":"42","city_jis_code":"42211","town_name_kana":"ﾄﾐｴﾏﾁｶﾘﾀﾃ","town_name":"富江町狩立","zip_code":"8530205"},{"prefecture_jis_code":"42","city_jis_code":"42211","town_name_kana":"ﾄﾐｴﾏﾁｸﾛｼﾏ","town_name":"富江町黒島","zip_code":"8530208"},{"prefecture_jis_code":"42","city_jis_code":"42211","town_name_kana":"ﾄﾐｴﾏﾁｸﾛｾ","town_name":"富江町黒瀬","zip_code":"8530211"},{"prefecture_jis_code":"42","city_jis_code":"42211","town_name_kana":"ﾄﾐｴﾏﾁｼｮｸﾆﾝ","town_name":"富江町職人","zip_code":"8530215"},{"prefecture_jis_code":"42","city_jis_code":"42211","town_name_kana":"ﾄﾐｴﾏﾁｼｹﾞｼﾞｷ","town_name":"富江町繁敷","zip_code":"8530204"},{"prefecture_jis_code":"42","city_jis_code":"42211","town_name_kana":"ﾄﾐｴﾏﾁﾀｵ","town_name":"富江町田尾","zip_code":"8530203"},{"prefecture_jis_code":"42","city_jis_code":"42211","town_name_kana":"ﾄﾐｴﾏﾁﾀｹ","town_name":"富江町岳","zip_code":"8530213"},{"prefecture_jis_code":"42","city_jis_code":"42211","town_name_kana":"ﾄﾐｴﾏﾁﾂﾁﾄﾘ","town_name":"富江町土取","zip_code":"8530214"},{"prefecture_jis_code":"42","city_jis_code":"42211","town_name_kana":"ﾄﾐｴﾏﾁﾄﾐｴ","town_name":"富江町富江","zip_code":"8530201"},{"prefecture_jis_code":"42","city_jis_code":"42211","town_name_kana":"ﾄﾐｴﾏﾁﾅｶﾞﾐﾈ","town_name":"富江町長峰","zip_code":"8530207"},{"prefecture_jis_code":"42","city_jis_code":"42211","town_name_kana":"ﾄﾐｴﾏﾁﾏﾂｵ","town_name":"富江町松尾","zip_code":"8530202"},{"prefecture_jis_code":"42","city_jis_code":"42211","town_name_kana":"ﾄﾐｴﾏﾁﾔﾏｼﾀ","town_name":"富江町山下","zip_code":"8530212"},{"prefecture_jis_code":"42","city_jis_code":"42211","town_name_kana":"ﾄﾐｴﾏﾁﾔﾏﾃ","town_name":"富江町山手","zip_code":"8530206"},{"prefecture_jis_code":"42","city_jis_code":"42211","town_name_kana":"ﾅｶﾞﾃﾁｮｳ","town_name":"長手町","zip_code":"8530012"},{"prefecture_jis_code":"42","city_jis_code":"42211","town_name_kana":"ﾅﾙﾏﾁｳﾗ","town_name":"奈留町浦","zip_code":"8532201"},{"prefecture_jis_code":"42","city_jis_code":"42211","town_name_kana":"ﾅﾙﾏﾁｵｵｸｼ","town_name":"奈留町大串","zip_code":"8532202"},{"prefecture_jis_code":"42","city_jis_code":"42211","town_name_kana":"ﾅﾙﾏﾁﾄﾏﾘ","town_name":"奈留町泊","zip_code":"8532203"},{"prefecture_jis_code":"42","city_jis_code":"42211","town_name_kana":"ﾅﾙﾏﾁﾌﾅﾏﾜﾘ","town_name":"奈留町船廻","zip_code":"8532204"},{"prefecture_jis_code":"42","city_jis_code":"42211","town_name_kana":"ﾆｼｷﾏﾁ","town_name":"錦町","zip_code":"8530003"},{"prefecture_jis_code":"42","city_jis_code":"42211","town_name_kana":"ﾉﾉｷﾚﾁｮｳ","town_name":"野々切町","zip_code":"8530024"},{"prefecture_jis_code":"42","city_jis_code":"42211","town_name_kana":"ﾊﾏﾁｮｳ","town_name":"浜町","zip_code":"8530026"},{"prefecture_jis_code":"42","city_jis_code":"42211","town_name_kana":"ﾋｶﾞｼﾊﾏﾏﾁ","town_name":"東浜町","zip_code":"8530015"},{"prefecture_jis_code":"42","city_jis_code":"42211","town_name_kana":"ﾋｻｶﾁｮｳ","town_name":"久賀町","zip_code":"8532171"},{"prefecture_jis_code":"42","city_jis_code":"42211","town_name_kana":"ﾋﾗｿﾞｳﾁｮｳ","town_name":"平蔵町","zip_code":"8530051"},{"prefecture_jis_code":"42","city_jis_code":"42211","town_name_kana":"ﾌｸｴﾁｮｳ","town_name":"福江町","zip_code":"8530007"},{"prefecture_jis_code":"42","city_jis_code":"42211","town_name_kana":"ﾌﾞｹﾔｼｷ","town_name":"武家屋敷","zip_code":"8530017"},{"prefecture_jis_code":"42","city_jis_code":"42211","town_name_kana":"ﾏｽﾀﾞﾁｮｳ","town_name":"増田町","zip_code":"8530027"},{"prefecture_jis_code":"42","city_jis_code":"42211","town_name_kana":"ﾏﾂﾔﾏﾁｮｳ","town_name":"松山町","zip_code":"8530052"},{"prefecture_jis_code":"42","city_jis_code":"42211","town_name_kana":"ﾐｲﾗｸﾏﾁｳｼﾉｳﾗ","town_name":"三井楽町丑ノ浦","zip_code":"8530606"},{"prefecture_jis_code":"42","city_jis_code":"42211","town_name_kana":"ﾐｲﾗｸﾏﾁｵｵｶﾜ","town_name":"三井楽町大川","zip_code":"8530602"},{"prefecture_jis_code":"42","city_jis_code":"42211","town_name_kana":"ﾐｲﾗｸﾏﾁｶｲﾂ","town_name":"三井楽町貝津","zip_code":"8530604"},{"prefecture_jis_code":"42","city_jis_code":"42211","town_name_kana":"ﾐｲﾗｸﾏﾁｶｼﾜ","town_name":"三井楽町柏","zip_code":"8530603"},{"prefecture_jis_code":"42","city_jis_code":"42211","town_name_kana":"ﾐｲﾗｸﾏﾁｻｶﾞﾉｼﾏ","town_name":"三井楽町嵯峨島","zip_code":"8530611"},{"prefecture_jis_code":"42","city_jis_code":"42211","town_name_kana":"ﾐｲﾗｸﾏﾁｼｵﾐｽﾞ","town_name":"三井楽町塩水","zip_code":"8530613"},{"prefecture_jis_code":"42","city_jis_code":"42211","town_name_kana":"ﾐｲﾗｸﾏﾁﾀｶｻｷ","town_name":"三井楽町高崎","zip_code":"8530612"},{"prefecture_jis_code":"42","city_jis_code":"42211","town_name_kana":"ﾐｲﾗｸﾏﾁﾀｹ","town_name":"三井楽町嶽","zip_code":"8530607"},{"prefecture_jis_code":"42","city_jis_code":"42211","town_name_kana":"ﾐｲﾗｸﾏﾁﾊｻﾏ","town_name":"三井楽町波砂間","zip_code":"8530608"},{"prefecture_jis_code":"42","city_jis_code":"42211","town_name_kana":"ﾐｲﾗｸﾏﾁﾊﾏｻｺ","town_name":"三井楽町濱窄","zip_code":"8530605"},{"prefecture_jis_code":"42","city_jis_code":"42211","town_name_kana":"ﾐｲﾗｸﾏﾁﾊﾏﾉｸﾘ","town_name":"三井楽町濱ノ畔","zip_code":"8530601"},{"prefecture_jis_code":"42","city_jis_code":"42211","town_name_kana":"ﾐｲﾗｸﾏﾁﾌﾁﾉﾓﾄ","town_name":"三井楽町渕ノ元","zip_code":"8530609"},{"prefecture_jis_code":"42","city_jis_code":"42211","town_name_kana":"ﾐｵﾉ","town_name":"三尾野","zip_code":"8530064"},{"prefecture_jis_code":"42","city_jis_code":"42211","town_name_kana":"ﾐｵﾉﾁｮｳ","town_name":"三尾野町","zip_code":"8530014"},{"prefecture_jis_code":"42","city_jis_code":"42211","town_name_kana":"ﾑｶｴﾁｮｳ","town_name":"向町","zip_code":"8530022"},{"prefecture_jis_code":"42","city_jis_code":"42211","town_name_kana":"ﾓﾄｶﾞﾏﾁｮｳ","town_name":"本窯町","zip_code":"8532482"},{"prefecture_jis_code":"42","city_jis_code":"42211","town_name_kana":"ﾖｼｸｷﾞﾁｮｳ","town_name":"吉久木町","zip_code":"8530031"},{"prefecture_jis_code":"42","city_jis_code":"42211","town_name_kana":"ﾖｼﾀﾞﾁｮｳ","town_name":"吉田町","zip_code":"8530042"},{"prefecture_jis_code":"42","city_jis_code":"42211","town_name_kana":"ﾜﾗﾋﾞﾁｮｳ","town_name":"蕨町","zip_code":"8532172"}]