[{"prefecture_jis_code":"06","city_jis_code":"06208","town_name_kana":"ｲｻｻﾞﾜ","town_name":"五十沢","zip_code":"9950002"},{"prefecture_jis_code":"06","city_jis_code":"06208","town_name_kana":"ｲﾅｸﾀﾞｼ","town_name":"稲下","zip_code":"9950204"},{"prefecture_jis_code":"06","city_jis_code":"06208","town_name_kana":"ｲﾜﾉ","town_name":"岩野","zip_code":"9950113"},{"prefecture_jis_code":"06","city_jis_code":"06208","town_name_kana":"ｴｷﾆｼ","town_name":"駅西","zip_code":"9950038"},{"prefecture_jis_code":"06","city_jis_code":"06208","town_name_kana":"ｵｵｸﾎﾞ","town_name":"大久保","zip_code":"9950111"},{"prefecture_jis_code":"06","city_jis_code":"06208","town_name_kana":"ｵｵﾏｷ","town_name":"大槇","zip_code":"9950203"},{"prefecture_jis_code":"06","city_jis_code":"06208","town_name_kana":"ｵｵﾖﾄﾞ","town_name":"大淀","zip_code":"9950054"},{"prefecture_jis_code":"06","city_jis_code":"06208","town_name_kana":"ｶﾅﾔ","town_name":"金谷","zip_code":"9950004"},{"prefecture_jis_code":"06","city_jis_code":"06208","town_name_kana":"ｶﾜｼﾏ","town_name":"河島","zip_code":"9950041"},{"prefecture_jis_code":"06","city_jis_code":"06208","town_name_kana":"ｶﾜｼﾏﾔﾏ","town_name":"河島山","zip_code":"9950056"},{"prefecture_jis_code":"06","city_jis_code":"06208","town_name_kana":"ｺﾞﾃﾝ","town_name":"碁点","zip_code":"9950209"},{"prefecture_jis_code":"06","city_jis_code":"06208","town_name_kana":"ｼﾛﾄﾘ","town_name":"白鳥","zip_code":"9950202"},{"prefecture_jis_code":"06","city_jis_code":"06208","town_name_kana":"ｽｷﾞｼﾏ","town_name":"杉島","zip_code":"9950042"},{"prefecture_jis_code":"06","city_jis_code":"06208","town_name_kana":"ﾀｻﾞﾜ","town_name":"田沢","zip_code":"9950051"},{"prefecture_jis_code":"06","city_jis_code":"06208","town_name_kana":"ﾀﾃｵｶ","town_name":"楯岡","zip_code":"9950025"},{"prefecture_jis_code":"06","city_jis_code":"06208","town_name_kana":"ﾀﾃｵｶｱﾗﾏﾁ","town_name":"楯岡荒町","zip_code":"9950032"},{"prefecture_jis_code":"06","city_jis_code":"06208","town_name_kana":"ﾀﾃｵｶｲﾂｶﾏﾁ","town_name":"楯岡五日町","zip_code":"9950034"},{"prefecture_jis_code":"06","city_jis_code":"06208","town_name_kana":"ﾀﾃｵｶｵｵｻﾜｶﾞﾜ","town_name":"楯岡大沢川","zip_code":"9950031"},{"prefecture_jis_code":"06","city_jis_code":"06208","town_name_kana":"ﾀﾃｵｶｷﾀﾏﾁ","town_name":"楯岡北町","zip_code":"9950011"},{"prefecture_jis_code":"06","city_jis_code":"06208","town_name_kana":"ﾀﾃｵｶｼﾝﾀｶﾀﾞ","town_name":"楯岡新高田","zip_code":"9950018"},{"prefecture_jis_code":"06","city_jis_code":"06208","town_name_kana":"ﾀﾃｵｶｼﾝﾏﾁ","town_name":"楯岡新町","zip_code":"9950033"},{"prefecture_jis_code":"06","city_jis_code":"06208","town_name_kana":"ﾀﾃｵｶﾀﾃ","town_name":"楯岡楯","zip_code":"9950021"},{"prefecture_jis_code":"06","city_jis_code":"06208","town_name_kana":"ﾀﾃｵｶﾀﾜﾗﾏﾁ","town_name":"楯岡俵町","zip_code":"9950037"},{"prefecture_jis_code":"06","city_jis_code":"06208","town_name_kana":"ﾀﾃｵｶﾂﾙｶﾞﾁｮｳ","town_name":"楯岡鶴ケ町","zip_code":"9950014"},{"prefecture_jis_code":"06","city_jis_code":"06208","town_name_kana":"ﾀﾃｵｶﾄｵｶﾏﾁ","town_name":"楯岡十日町","zip_code":"9950017"},{"prefecture_jis_code":"06","city_jis_code":"06208","town_name_kana":"ﾀﾃｵｶﾅｶﾏﾁ","town_name":"楯岡中町","zip_code":"9950036"},{"prefecture_jis_code":"06","city_jis_code":"06208","town_name_kana":"ﾀﾃｵｶﾊﾞﾊﾞ","town_name":"楯岡馬場","zip_code":"9950022"},{"prefecture_jis_code":"06","city_jis_code":"06208","town_name_kana":"ﾀﾃｵｶﾋｶﾞｼｻﾞﾜ","town_name":"楯岡東沢","zip_code":"9950023"},{"prefecture_jis_code":"06","city_jis_code":"06208","town_name_kana":"ﾀﾃｵｶﾌｴﾀﾞ","town_name":"楯岡笛田","zip_code":"9950024"},{"prefecture_jis_code":"06","city_jis_code":"06208","town_name_kana":"ﾀﾃｵｶﾌﾂｶﾏﾁ","town_name":"楯岡二日町","zip_code":"9950015"},{"prefecture_jis_code":"06","city_jis_code":"06208","town_name_kana":"ﾀﾃｵｶﾐｿｶﾏﾁ","town_name":"楯岡晦日町","zip_code":"9950016"},{"prefecture_jis_code":"06","city_jis_code":"06208","town_name_kana":"ﾀﾃｵｶﾕｻﾞﾜ","town_name":"楯岡湯沢","zip_code":"9950013"},{"prefecture_jis_code":"06","city_jis_code":"06208","town_name_kana":"ﾀﾓﾔﾏ","town_name":"たも山","zip_code":"9950005"},{"prefecture_jis_code":"06","city_jis_code":"06208","town_name_kana":"ﾀﾙｲｼ","town_name":"樽石","zip_code":"9950205"},{"prefecture_jis_code":"06","city_jis_code":"06208","town_name_kana":"ﾁｭｳｵｳ","town_name":"中央","zip_code":"9950035"},{"prefecture_jis_code":"06","city_jis_code":"06208","town_name_kana":"ﾁｮｳｾﾞﾝｼﾞ","town_name":"長善寺","zip_code":"9950201"},{"prefecture_jis_code":"06","city_jis_code":"06208","town_name_kana":"ﾄﾁｳﾀﾞ","town_name":"土生田","zip_code":"9950001"},{"prefecture_jis_code":"06","city_jis_code":"06208","town_name_kana":"ﾄﾐﾅﾐ","town_name":"富並","zip_code":"9950208"},{"prefecture_jis_code":"06","city_jis_code":"06208","town_name_kana":"ﾅｶﾞｼﾏ","town_name":"長島","zip_code":"9950055"},{"prefecture_jis_code":"06","city_jis_code":"06208","town_name_kana":"ﾅﾄﾘ","town_name":"名取","zip_code":"9950052"},{"prefecture_jis_code":"06","city_jis_code":"06208","town_name_kana":"ﾆｼｺﾞｳ","town_name":"西郷","zip_code":"9950053"},{"prefecture_jis_code":"06","city_jis_code":"06208","town_name_kana":"ﾊﾔｼｻﾞｷ","town_name":"林崎","zip_code":"9950006"},{"prefecture_jis_code":"06","city_jis_code":"06208","town_name_kana":"ﾓﾄｲｲﾀﾞ","town_name":"本飯田","zip_code":"9950003"},{"prefecture_jis_code":"06","city_jis_code":"06208","town_name_kana":"ﾔﾏﾉｳﾁ","town_name":"山の内","zip_code":"9950206"},{"prefecture_jis_code":"06","city_jis_code":"06208","town_name_kana":"ﾕｷﾉｶﾝﾉﾝｺﾞｳ","town_name":"雪の観音郷","zip_code":"9950207"},{"prefecture_jis_code":"06","city_jis_code":"06208","town_name_kana":"ﾕｻﾞﾜ","town_name":"湯沢","zip_code":"9950012"},{"prefecture_jis_code":"06","city_jis_code":"06208","town_name_kana":"ﾕﾉｻﾜ","town_name":"湯野沢","zip_code":"9950112"}]