[{"prefecture_jis_code":"06","city_jis_code":"06203","town_name_kana":"ｱｵﾔｷﾞﾁｮｳ","town_name":"青柳町","zip_code":"9970832"},{"prefecture_jis_code":"06","city_jis_code":"06203","town_name_kana":"ｱﾂﾐ","town_name":"温海","zip_code":"9997205"},{"prefecture_jis_code":"06","city_jis_code":"06203","town_name_kana":"ｱﾂﾐｶﾞﾜ","town_name":"温海川","zip_code":"9997312"},{"prefecture_jis_code":"06","city_jis_code":"06203","town_name_kana":"ｱﾌﾞﾗﾄ","town_name":"油戸","zip_code":"9971205"},{"prefecture_jis_code":"06","city_jis_code":"06203","town_name_kana":"ｱﾗｲｷｮｳﾃﾞﾝ","town_name":"荒井京田","zip_code":"9970051"},{"prefecture_jis_code":"06","city_jis_code":"06203","town_name_kana":"ｱﾗｻﾜ","town_name":"荒沢","zip_code":"9970621"},{"prefecture_jis_code":"06","city_jis_code":"06203","town_name_kana":"ｱﾗﾏﾀ","town_name":"荒俣","zip_code":"9997673"},{"prefecture_jis_code":"06","city_jis_code":"06203","town_name_kana":"ｱﾗﾔｼｷ","town_name":"新屋敷","zip_code":"9997682"},{"prefecture_jis_code":"06","city_jis_code":"06203","town_name_kana":"ｱﾝﾀﾝ","town_name":"安丹","zip_code":"9970057"},{"prefecture_jis_code":"06","city_jis_code":"06203","town_name_kana":"ｲｻｺﾞﾀﾞﾆ","town_name":"砂谷","zip_code":"9970755"},{"prefecture_jis_code":"06","city_jis_code":"06203","town_name_kana":"ｲｽﾞﾐﾏﾁ","town_name":"泉町","zip_code":"9970033"},{"prefecture_jis_code":"06","city_jis_code":"06203","town_name_kana":"ｲｾﾊﾗﾏﾁ","town_name":"伊勢原町","zip_code":"9970802"},{"prefecture_jis_code":"06","city_jis_code":"06203","town_name_kana":"ｲｾﾖｺｳﾁ","town_name":"伊勢横内","zip_code":"9970803"},{"prefecture_jis_code":"06","city_jis_code":"06203","town_name_kana":"ｲﾀｲｶﾞﾜ","town_name":"板井川","zip_code":"9970331"},{"prefecture_jis_code":"06","city_jis_code":"06203","town_name_kana":"ｲﾅｵｲ","town_name":"稲生","zip_code":"9970834"},{"prefecture_jis_code":"06","city_jis_code":"06203","town_name_kana":"ｲﾉｵｶ","town_name":"井岡","zip_code":"9970842"},{"prefecture_jis_code":"06","city_jis_code":"06203","town_name_kana":"ｲﾏｲｽﾞﾐ","town_name":"今泉","zip_code":"9971206"},{"prefecture_jis_code":"06","city_jis_code":"06203","town_name_kana":"ｲﾗｶﾞﾜ","town_name":"五十川","zip_code":"9997207"},{"prefecture_jis_code":"06","city_jis_code":"06203","town_name_kana":"ｳﾏﾏﾁ","town_name":"馬町","zip_code":"9971125"},{"prefecture_jis_code":"06","city_jis_code":"06203","town_name_kana":"ｴｯﾁｭｳﾔﾏ","town_name":"越中山","zip_code":"9970403"},{"prefecture_jis_code":"06","city_jis_code":"06203","town_name_kana":"ｴﾁｺﾞｷｮｳﾃﾞﾝ","town_name":"越後京田","zip_code":"9997635"},{"prefecture_jis_code":"06","city_jis_code":"06203","town_name_kana":"ｴﾋﾞｼﾞﾏﾏﾁ","town_name":"海老島町","zip_code":"9970823"},{"prefecture_jis_code":"06","city_jis_code":"06203","town_name_kana":"ｵｵｱﾐ","town_name":"大網","zip_code":"9970531"},{"prefecture_jis_code":"06","city_jis_code":"06203","town_name_kana":"ｵｵｱﾗ","town_name":"大荒","zip_code":"9997547"},{"prefecture_jis_code":"06","city_jis_code":"06203","town_name_kana":"ｵｵｲﾜｶﾞﾜ","town_name":"大岩川","zip_code":"9997123"},{"prefecture_jis_code":"06","city_jis_code":"06203","town_name_kana":"ｵｵｶﾜﾄﾞ","town_name":"大川渡","zip_code":"9997661"},{"prefecture_jis_code":"06","city_jis_code":"06203","town_name_kana":"ｵｵﾂｶﾏﾁ","town_name":"大塚町","zip_code":"9970047"},{"prefecture_jis_code":"06","city_jis_code":"06203","town_name_kana":"ｵｵﾄﾘ","town_name":"大鳥","zip_code":"9970622"},{"prefecture_jis_code":"06","city_jis_code":"06203","town_name_kana":"ｵｵﾆｼﾏﾁ","town_name":"大西町","zip_code":"9970831"},{"prefecture_jis_code":"06","city_jis_code":"06203","town_name_kana":"ｵｵﾊﾞﾘ","town_name":"大針","zip_code":"9970414"},{"prefecture_jis_code":"06","city_jis_code":"06203","town_name_kana":"ｵｵﾋﾛ","town_name":"大広","zip_code":"9997543"},{"prefecture_jis_code":"06","city_jis_code":"06203","town_name_kana":"ｵｵﾔﾏ","town_name":"大山","zip_code":"9971121"},{"prefecture_jis_code":"06","city_jis_code":"06203","town_name_kana":"ｵｵﾖﾄﾞｶﾜ","town_name":"大淀川","zip_code":"9970854"},{"prefecture_jis_code":"06","city_jis_code":"06203","town_name_kana":"ｵｶﾔﾏ","town_name":"岡山","zip_code":"9970843"},{"prefecture_jis_code":"06","city_jis_code":"06203","town_name_kana":"ｵｶﾞﾜﾗ","town_name":"遠賀原","zip_code":"9970806"},{"prefecture_jis_code":"06","city_jis_code":"06203","town_name_kana":"ｵｸﾞﾆ","town_name":"小国","zip_code":"9997316"},{"prefecture_jis_code":"06","city_jis_code":"06203","town_name_kana":"ｵﾅﾍﾞ","town_name":"小名部","zip_code":"9997125"},{"prefecture_jis_code":"06","city_jis_code":"06203","town_name_kana":"ｵﾓﾉﾔﾏ","town_name":"面野山","zip_code":"9971116"},{"prefecture_jis_code":"06","city_jis_code":"06203","town_name_kana":"ｶｸｶﾞﾝｼﾞ","town_name":"覚岸寺","zip_code":"9970052"},{"prefecture_jis_code":"06","city_jis_code":"06203","town_name_kana":"ｶﾀﾉﾘｻﾞﾜ","town_name":"堅苔沢","zip_code":"9997461"},{"prefecture_jis_code":"06","city_jis_code":"06203","town_name_kana":"ｶﾁｭｳｼﾝﾏﾁ","town_name":"家中新町","zip_code":"9970036"},{"prefecture_jis_code":"06","city_jis_code":"06203","town_name_kana":"ｶﾂﾗｱﾗﾏﾀ","town_name":"桂荒俣","zip_code":"9970343"},{"prefecture_jis_code":"06","city_jis_code":"06203","town_name_kana":"ｶﾅﾔ","town_name":"金谷","zip_code":"9970365"},{"prefecture_jis_code":"06","city_jis_code":"06203","town_name_kana":"ｶﾈｻﾞﾜ","town_name":"金沢","zip_code":"9971203"},{"prefecture_jis_code":"06","city_jis_code":"06203","town_name_kana":"ｶﾐｼﾐｽﾞ","town_name":"上清水","zip_code":"9970847"},{"prefecture_jis_code":"06","city_jis_code":"06203","town_name_kana":"ｶﾐﾀｻﾞﾜ","town_name":"上田沢","zip_code":"9970623"},{"prefecture_jis_code":"06","city_jis_code":"06203","town_name_kana":"ｶﾐﾅｶﾉﾒ","town_name":"上中野目","zip_code":"9997664"},{"prefecture_jis_code":"06","city_jis_code":"06203","town_name_kana":"ｶﾐﾅｶﾞﾜ","town_name":"上名川","zip_code":"9970405"},{"prefecture_jis_code":"06","city_jis_code":"06203","town_name_kana":"ｶﾐﾊﾀﾏﾁ","town_name":"上畑町","zip_code":"9970032"},{"prefecture_jis_code":"06","city_jis_code":"06203","town_name_kana":"ｶﾐﾌｼﾞｼﾏ","town_name":"上藤島","zip_code":"9997611"},{"prefecture_jis_code":"06","city_jis_code":"06203","town_name_kana":"ｶﾐﾔﾏｿﾞｴ","town_name":"上山添","zip_code":"9970346"},{"prefecture_jis_code":"06","city_jis_code":"06203","town_name_kana":"ｶﾐﾔﾏﾔ","town_name":"上山谷","zip_code":"9970367"},{"prefecture_jis_code":"06","city_jis_code":"06203","town_name_kana":"ｶﾓ","town_name":"加茂","zip_code":"9971204"},{"prefecture_jis_code":"06","city_jis_code":"06203","town_name_kana":"ｶﾜｼﾘ","town_name":"川尻","zip_code":"9997644"},{"prefecture_jis_code":"06","city_jis_code":"06203","town_name_kana":"ｶﾞﾛｳﾊﾞﾔｼ","town_name":"我老林","zip_code":"9970805"},{"prefecture_jis_code":"06","city_jis_code":"06203","town_name_kana":"ｷﾀｷｮｳﾃﾞﾝ","town_name":"北京田","zip_code":"9970053"},{"prefecture_jis_code":"06","city_jis_code":"06203","town_name_kana":"ｷﾉﾏﾀ","town_name":"木野俣","zip_code":"9997313"},{"prefecture_jis_code":"06","city_jis_code":"06203","town_name_kana":"ｷﾘｿﾞｴﾏﾁ","town_name":"切添町","zip_code":"9970022"},{"prefecture_jis_code":"06","city_jis_code":"06203","town_name_kana":"ｸﾄﾞｳ","town_name":"工藤","zip_code":"9997646"},{"prefecture_jis_code":"06","city_jis_code":"06203","town_name_kana":"ｸﾏｲﾃﾞ","town_name":"熊出","zip_code":"9970411"},{"prefecture_jis_code":"06","city_jis_code":"06203","town_name_kana":"ｸﾗｻﾜ","town_name":"倉沢","zip_code":"9970624"},{"prefecture_jis_code":"06","city_jis_code":"06203","town_name_kana":"ｸﾛｶﾜ","town_name":"黒川","zip_code":"9970311"},{"prefecture_jis_code":"06","city_jis_code":"06203","town_name_kana":"ｺｲﾜｶﾞﾜ","town_name":"小岩川","zip_code":"9997122"},{"prefecture_jis_code":"06","city_jis_code":"06203","town_name_kana":"ｺｴｻﾜ","town_name":"越沢","zip_code":"9997314"},{"prefecture_jis_code":"06","city_jis_code":"06203","town_name_kana":"ｺｷｮｳﾃﾞﾝ","town_name":"小京田","zip_code":"9970005"},{"prefecture_jis_code":"06","city_jis_code":"06203","town_name_kana":"ｺｽｶﾞﾉﾀﾞｲ","town_name":"小菅野代","zip_code":"9997206"},{"prefecture_jis_code":"06","city_jis_code":"06203","town_name_kana":"ｺﾄﾌﾞｷ","town_name":"寿","zip_code":"9970363"},{"prefecture_jis_code":"06","city_jis_code":"06203","town_name_kana":"ｺﾅｶｼﾞﾏ","town_name":"小中島","zip_code":"9997632"},{"prefecture_jis_code":"06","city_jis_code":"06203","town_name_kana":"ｺﾊﾞﾄ","town_name":"小波渡","zip_code":"9997462"},{"prefecture_jis_code":"06","city_jis_code":"06203","town_name_kana":"ｺﾏｷﾞﾊﾗﾏﾁ","town_name":"小真木原町","zip_code":"9970825"},{"prefecture_jis_code":"06","city_jis_code":"06203","town_name_kana":"ｺﾖﾄﾞｶﾜ","town_name":"小淀川","zip_code":"9970853"},{"prefecture_jis_code":"06","city_jis_code":"06203","town_name_kana":"ｻｲﾄｳｶﾞﾜﾗ","town_name":"斎藤川原","zip_code":"9970804"},{"prefecture_jis_code":"06","city_jis_code":"06203","town_name_kana":"ｻｶﾉｼﾀ","town_name":"坂野下","zip_code":"9970757"},{"prefecture_jis_code":"06","city_jis_code":"06203","town_name_kana":"ｻｷﾞﾊﾀ","town_name":"鷺畑","zip_code":"9997651"},{"prefecture_jis_code":"06","city_jis_code":"06203","town_name_kana":"ｻｸﾗｼﾝﾏﾁ","town_name":"桜新町","zip_code":"9970861"},{"prefecture_jis_code":"06","city_jis_code":"06203","town_name_kana":"ｻﾝｺｳﾁｮｳ","town_name":"三光町","zip_code":"9970821"},{"prefecture_jis_code":"06","city_jis_code":"06203","town_name_kana":"ｻﾝｾﾞ","town_name":"三瀬","zip_code":"9997463"},{"prefecture_jis_code":"06","city_jis_code":"06203","town_name_kana":"ｻﾝｾﾞﾝｶﾞﾘ","town_name":"三千刈","zip_code":"9970342"},{"prefecture_jis_code":"06","city_jis_code":"06203","town_name_kana":"ｻﾝﾉｳﾏﾁ","town_name":"山王町","zip_code":"9970028"},{"prefecture_jis_code":"06","city_jis_code":"06203","town_name_kana":"ｼｮｳﾌｸｼﾞ","town_name":"勝福寺","zip_code":"9970351"},{"prefecture_jis_code":"06","city_jis_code":"06203","town_name_kana":"ｼｮｳﾘｭｳｼﾞ","town_name":"青龍寺","zip_code":"9970368"},{"prefecture_jis_code":"06","city_jis_code":"06203","town_name_kana":"ｼｮｳﾚﾝｼﾞ","town_name":"少連寺","zip_code":"9970754"},{"prefecture_jis_code":"06","city_jis_code":"06203","town_name_kana":"ｼｮｳﾜﾏﾁ","town_name":"昭和町","zip_code":"9970027"},{"prefecture_jis_code":"06","city_jis_code":"06203","town_name_kana":"ｼﾐｽﾞｼﾝﾃﾞﾝ","town_name":"清水新田","zip_code":"9970848"},{"prefecture_jis_code":"06","city_jis_code":"06203","town_name_kana":"ｼﾓｶﾞﾜ","town_name":"下川","zip_code":"9971117"},{"prefecture_jis_code":"06","city_jis_code":"06203","town_name_kana":"ｼﾓｺｳﾔ","town_name":"下興屋","zip_code":"9971133"},{"prefecture_jis_code":"06","city_jis_code":"06203","town_name_kana":"ｼﾓｺﾅｶ","town_name":"下小中","zip_code":"9971134"},{"prefecture_jis_code":"06","city_jis_code":"06203","town_name_kana":"ｼﾓｼﾐｽﾞ","town_name":"下清水","zip_code":"9970845"},{"prefecture_jis_code":"06","city_jis_code":"06203","town_name_kana":"ｼﾓﾀｻﾞﾜ","town_name":"下田沢","zip_code":"9970625"},{"prefecture_jis_code":"06","city_jis_code":"06203","town_name_kana":"ｼﾓﾅｶﾉﾒ","town_name":"下中野目","zip_code":"9997637"},{"prefecture_jis_code":"06","city_jis_code":"06203","town_name_kana":"ｼﾓﾅｶﾞﾜ","town_name":"下名川","zip_code":"9970404"},{"prefecture_jis_code":"06","city_jis_code":"06203","town_name_kana":"ｼﾓﾔﾏｿﾞｴ","town_name":"下山添","zip_code":"9970341"},{"prefecture_jis_code":"06","city_jis_code":"06203","town_name_kana":"ｼﾗﾔﾏ","town_name":"白山","zip_code":"9970841"},{"prefecture_jis_code":"06","city_jis_code":"06203","town_name_kana":"ｼﾝｶｲﾏﾁ","town_name":"新海町","zip_code":"9970044"},{"prefecture_jis_code":"06","city_jis_code":"06203","town_name_kana":"ｼﾝｻｲﾌﾞ","town_name":"新斎部","zip_code":"9970852"},{"prefecture_jis_code":"06","city_jis_code":"06203","town_name_kana":"ｼﾝﾒｲﾁｮｳ","town_name":"神明町","zip_code":"9970811"},{"prefecture_jis_code":"06","city_jis_code":"06203","town_name_kana":"ｼﾞｮｳﾅﾝﾏﾁ","town_name":"城南町","zip_code":"9970814"},{"prefecture_jis_code":"06","city_jis_code":"06203","town_name_kana":"ｼﾞｮｳﾎｸﾏﾁ","town_name":"城北町","zip_code":"9970041"},{"prefecture_jis_code":"06","city_jis_code":"06203","town_name_kana":"ｽｴﾋﾛﾏﾁ","town_name":"末広町","zip_code":"9970015"},{"prefecture_jis_code":"06","city_jis_code":"06203","town_name_kana":"ｽｶﾞﾉﾀﾞｲ","town_name":"菅野代","zip_code":"9997311"},{"prefecture_jis_code":"06","city_jis_code":"06203","town_name_kana":"ｽﾅｶﾞﾜ","town_name":"砂川","zip_code":"9970415"},{"prefecture_jis_code":"06","city_jis_code":"06203","town_name_kana":"ｽﾅﾀﾞﾏﾁ","town_name":"砂田町","zip_code":"9970839"},{"prefecture_jis_code":"06","city_jis_code":"06203","town_name_kana":"ｽﾅﾂﾞｶ","town_name":"砂塚","zip_code":"9997685"},{"prefecture_jis_code":"06","city_jis_code":"06203","town_name_kana":"ｽﾊﾞｼﾘ","town_name":"須走","zip_code":"9997633"},{"prefecture_jis_code":"06","city_jis_code":"06203","town_name_kana":"ｾｷｶﾞﾜ","town_name":"関川","zip_code":"9997315"},{"prefecture_jis_code":"06","city_jis_code":"06203","town_name_kana":"ｾｷﾈ","town_name":"関根","zip_code":"9970758"},{"prefecture_jis_code":"06","city_jis_code":"06203","town_name_kana":"ｾﾝｺﾞｸﾏﾁ","town_name":"千石町","zip_code":"9970813"},{"prefecture_jis_code":"06","city_jis_code":"06203","town_name_kana":"ｿｴｶﾞﾜ","town_name":"添川","zip_code":"9996652"},{"prefecture_jis_code":"06","city_jis_code":"06203","town_name_kana":"ｿｴｶﾞﾜﾜﾀﾄｻﾞﾜ<ﾀｹﾉｺｻﾞﾜｵﾝｾﾝ>","town_name":"添川渡戸沢「筍沢温泉」","zip_code":"9996652"},{"prefecture_jis_code":"06","city_jis_code":"06203","town_name_kana":"ﾀｶｻｶ","town_name":"高坂","zip_code":"9970369"},{"prefecture_jis_code":"06","city_jis_code":"06203","town_name_kana":"ﾀｶﾀﾞ","town_name":"高田","zip_code":"9970054"},{"prefecture_jis_code":"06","city_jis_code":"06203","town_name_kana":"ﾀｶﾗﾀﾞ","town_name":"宝田","zip_code":"9970011"},{"prefecture_jis_code":"06","city_jis_code":"06203","town_name_kana":"ﾀｶﾗﾏﾁ","town_name":"宝町","zip_code":"9970021"},{"prefecture_jis_code":"06","city_jis_code":"06203","town_name_kana":"ﾀｶﾞﾜ","town_name":"田川","zip_code":"9970753"},{"prefecture_jis_code":"06","city_jis_code":"06203","town_name_kana":"ﾀｷｻﾞﾜ","town_name":"滝沢","zip_code":"9970364"},{"prefecture_jis_code":"06","city_jis_code":"06203","town_name_kana":"ﾀｺｲｺｳﾔ","town_name":"蛸井興屋","zip_code":"9997663"},{"prefecture_jis_code":"06","city_jis_code":"06203","town_name_kana":"ﾀｼﾛ","town_name":"田代","zip_code":"9970302"},{"prefecture_jis_code":"06","city_jis_code":"06203","town_name_kana":"ﾀﾆｻﾀﾞ","town_name":"谷定","zip_code":"9970366"},{"prefecture_jis_code":"06","city_jis_code":"06203","town_name_kana":"ﾀﾑｷﾞﾏﾀ","town_name":"田麦俣","zip_code":"9970532"},{"prefecture_jis_code":"06","city_jis_code":"06203","town_name_kana":"ﾀﾗﾉｷﾀﾞｲ","town_name":"たらのき代","zip_code":"9970303"},{"prefecture_jis_code":"06","city_jis_code":"06203","town_name_kana":"ﾀﾞｲﾄｳﾏﾁ","town_name":"大東町","zip_code":"9970026"},{"prefecture_jis_code":"06","city_jis_code":"06203","town_name_kana":"ﾀﾞｲﾊﾝﾀﾞ","town_name":"大半田","zip_code":"9997677"},{"prefecture_jis_code":"06","city_jis_code":"06203","town_name_kana":"ﾀﾞｲﾌﾞﾏﾁ","town_name":"大部町","zip_code":"9970049"},{"prefecture_jis_code":"06","city_jis_code":"06203","town_name_kana":"ﾀﾞｲﾎｳｼﾞ","town_name":"大宝寺","zip_code":"9970017"},{"prefecture_jis_code":"06","city_jis_code":"06203","town_name_kana":"ﾀﾞｲﾎｳｼﾞﾅｶﾉ","town_name":"大宝寺中野","zip_code":"9970117"},{"prefecture_jis_code":"06","city_jis_code":"06203","town_name_kana":"ﾀﾞｲﾎｳｼﾞﾏﾁ","town_name":"大宝寺町","zip_code":"9970014"},{"prefecture_jis_code":"06","city_jis_code":"06203","town_name_kana":"ﾁｮｳｼﾞｬﾏﾁ","town_name":"長者町","zip_code":"9970812"},{"prefecture_jis_code":"06","city_jis_code":"06203","town_name_kana":"ﾁｮｳﾖｳﾏﾁ","town_name":"朝暘町","zip_code":"9970024"},{"prefecture_jis_code":"06","city_jis_code":"06203","town_name_kana":"ﾁﾔｽｷｮｳﾃﾞﾝ","town_name":"千安京田","zip_code":"9971114"},{"prefecture_jis_code":"06","city_jis_code":"06203","town_name_kana":"ﾁﾜﾗ","town_name":"茅原","zip_code":"9970019"},{"prefecture_jis_code":"06","city_jis_code":"06203","town_name_kana":"ﾁﾜﾗﾏﾁ","town_name":"茅原町","zip_code":"9970018"},{"prefecture_jis_code":"06","city_jis_code":"06203","town_name_kana":"ﾂｼﾞｺｳﾔ","town_name":"辻興屋","zip_code":"9971115"},{"prefecture_jis_code":"06","city_jis_code":"06203","town_name_kana":"ﾃﾗﾀﾞ","town_name":"寺田","zip_code":"9970836"},{"prefecture_jis_code":"06","city_jis_code":"06203","town_name_kana":"ﾄｷﾜｷﾞ","town_name":"常盤木","zip_code":"9970333"},{"prefecture_jis_code":"06","city_jis_code":"06203","town_name_kana":"ﾄｻﾞﾜ","town_name":"戸沢","zip_code":"9997202"},{"prefecture_jis_code":"06","city_jis_code":"06203","town_name_kana":"ﾄﾁﾔ","town_name":"栃屋","zip_code":"9971132"},{"prefecture_jis_code":"06","city_jis_code":"06203","town_name_kana":"ﾄﾉｼﾞﾏ","town_name":"外内島","zip_code":"9970815"},{"prefecture_jis_code":"06","city_jis_code":"06203","town_name_kana":"ﾄﾓｴ","town_name":"友江","zip_code":"9971122"},{"prefecture_jis_code":"06","city_jis_code":"06203","town_name_kana":"ﾄﾓｴﾏﾁ","town_name":"友江町","zip_code":"9971123"},{"prefecture_jis_code":"06","city_jis_code":"06203","town_name_kana":"ﾄﾖﾀﾞ","town_name":"豊田","zip_code":"9970007"},{"prefecture_jis_code":"06","city_jis_code":"06203","town_name_kana":"ﾄﾘｲﾏﾁ","town_name":"鳥居町","zip_code":"9970023"},{"prefecture_jis_code":"06","city_jis_code":"06203","town_name_kana":"ﾄﾞｳｶﾞﾀ","town_name":"道形","zip_code":"9970012"},{"prefecture_jis_code":"06","city_jis_code":"06203","town_name_kana":"ﾄﾞｳｶﾞﾀﾏﾁ","town_name":"道形町","zip_code":"9970013"},{"prefecture_jis_code":"06","city_jis_code":"06203","town_name_kana":"ﾅｴﾂﾞ","town_name":"苗津","zip_code":"9970808"},{"prefecture_jis_code":"06","city_jis_code":"06203","town_name_kana":"ﾅｴﾂﾞﾏﾁ","town_name":"苗津町","zip_code":"9970809"},{"prefecture_jis_code":"06","city_jis_code":"06203","town_name_kana":"ﾅｶｷｮｳﾃﾞﾝ","town_name":"中京田","zip_code":"9970009"},{"prefecture_jis_code":"06","city_jis_code":"06203","town_name_kana":"ﾅｶｻﾞﾜ","town_name":"中沢","zip_code":"9997546"},{"prefecture_jis_code":"06","city_jis_code":"06203","town_name_kana":"ﾅｶｼﾐｽﾞ","town_name":"中清水","zip_code":"9970846"},{"prefecture_jis_code":"06","city_jis_code":"06203","town_name_kana":"ﾅｶﾀﾞ","town_name":"中田","zip_code":"9970345"},{"prefecture_jis_code":"06","city_jis_code":"06203","town_name_kana":"ﾅｶﾀﾞﾃ","town_name":"中楯","zip_code":"9971135"},{"prefecture_jis_code":"06","city_jis_code":"06203","town_name_kana":"ﾅｶﾉｷｮｳﾃﾞﾝ","town_name":"中野京田","zip_code":"9970056"},{"prefecture_jis_code":"06","city_jis_code":"06203","town_name_kana":"ﾅｶﾉｼﾝﾃﾞﾝ","town_name":"中野新田","zip_code":"9970401"},{"prefecture_jis_code":"06","city_jis_code":"06203","town_name_kana":"ﾅｶﾊｼ","town_name":"中橋","zip_code":"9970362"},{"prefecture_jis_code":"06","city_jis_code":"06203","town_name_kana":"ﾅｶﾔﾏ","town_name":"中山","zip_code":"9997544"},{"prefecture_jis_code":"06","city_jis_code":"06203","town_name_kana":"ﾅｶﾞｻｷ","town_name":"長崎","zip_code":"9971113"},{"prefecture_jis_code":"06","city_jis_code":"06203","town_name_kana":"ﾅｶﾞﾇﾏ","town_name":"長沼","zip_code":"9997621"},{"prefecture_jis_code":"06","city_jis_code":"06203","town_name_kana":"ﾅﾒｻﾞﾜ","town_name":"行沢","zip_code":"9970413"},{"prefecture_jis_code":"06","city_jis_code":"06203","town_name_kana":"ﾆｲｶﾞﾀﾏﾁ","town_name":"新形町","zip_code":"9970042"},{"prefecture_jis_code":"06","city_jis_code":"06203","town_name_kana":"ﾆｼｱﾗﾔ","town_name":"西荒屋","zip_code":"9970332"},{"prefecture_jis_code":"06","city_jis_code":"06203","town_name_kana":"ﾆｼｶﾀﾔ","town_name":"西片屋","zip_code":"9970323"},{"prefecture_jis_code":"06","city_jis_code":"06203","town_name_kana":"ﾆｼｷｮｳﾃﾞﾝ","town_name":"西京田","zip_code":"9970055"},{"prefecture_jis_code":"06","city_jis_code":"06203","town_name_kana":"ﾆｼｷﾏﾁ","town_name":"錦町","zip_code":"9970031"},{"prefecture_jis_code":"06","city_jis_code":"06203","town_name_kana":"ﾆｼｼﾝｻｲﾏﾁ","town_name":"西新斎町","zip_code":"9970045"},{"prefecture_jis_code":"06","city_jis_code":"06203","town_name_kana":"ﾆｼﾇﾏ","town_name":"西沼","zip_code":"9971112"},{"prefecture_jis_code":"06","city_jis_code":"06203","town_name_kana":"ﾆｼﾒ","town_name":"西目","zip_code":"9997541"},{"prefecture_jis_code":"06","city_jis_code":"06203","town_name_kana":"ﾇﾉﾒ","town_name":"布目","zip_code":"9970851"},{"prefecture_jis_code":"06","city_jis_code":"06203","town_name_kana":"ﾈｽﾞｶﾞｾｷ","town_name":"鼠ケ関","zip_code":"9997126"},{"prefecture_jis_code":"06","city_jis_code":"06203","town_name_kana":"ﾉｿﾞﾐﾏﾁ","town_name":"のぞみ町","zip_code":"9970819"},{"prefecture_jis_code":"06","city_jis_code":"06203","town_name_kana":"ﾉﾀﾞﾉﾒ","town_name":"野田目","zip_code":"9997636"},{"prefecture_jis_code":"06","city_jis_code":"06203","town_name_kana":"ﾊｸﾞﾛﾏﾁｱｶｶﾞﾜ","town_name":"羽黒町赤川","zip_code":"9970167"},{"prefecture_jis_code":"06","city_jis_code":"06203","town_name_kana":"ﾊｸﾞﾛﾏﾁｱﾗｶﾜ","town_name":"羽黒町荒川","zip_code":"9970141"},{"prefecture_jis_code":"06","city_jis_code":"06203","town_name_kana":"ﾊｸﾞﾛﾏﾁｲｼﾉｼﾝﾃﾞﾝ","town_name":"羽黒町石野新田","zip_code":"9970155"},{"prefecture_jis_code":"06","city_jis_code":"06203","town_name_kana":"ﾊｸﾞﾛﾏﾁｲﾁﾉﾔﾏ","town_name":"羽黒町市野山","zip_code":"9970123"},{"prefecture_jis_code":"06","city_jis_code":"06203","town_name_kana":"ﾊｸﾞﾛﾏﾁｲﾉﾏﾀｼﾝﾃﾞﾝ","town_name":"羽黒町猪俣新田","zip_code":"9970152"},{"prefecture_jis_code":"06","city_jis_code":"06203","town_name_kana":"ﾊｸﾞﾛﾏﾁｳｼﾛﾀﾞ","town_name":"羽黒町後田","zip_code":"9970157"},{"prefecture_jis_code":"06","city_jis_code":"06203","town_name_kana":"ﾊｸﾞﾛﾏﾁｳﾜﾉｼﾝﾃﾞﾝ","town_name":"羽黒町上野新田","zip_code":"9970142"},{"prefecture_jis_code":"06","city_jis_code":"06203","town_name_kana":"ﾊｸﾞﾛﾏﾁｵｵｸﾞﾁ","town_name":"羽黒町大口","zip_code":"9970122"},{"prefecture_jis_code":"06","city_jis_code":"06203","town_name_kana":"ﾊｸﾞﾛﾏﾁｵｻｴｸﾞﾁ","town_name":"羽黒町押口","zip_code":"9970161"},{"prefecture_jis_code":"06","city_jis_code":"06203","town_name_kana":"ﾊｸﾞﾛﾏﾁｶﾅﾓﾘﾒ","town_name":"羽黒町金森目","zip_code":"9970108"},{"prefecture_jis_code":"06","city_jis_code":"06203","town_name_kana":"ﾊｸﾞﾛﾏﾁｶﾘﾔﾉﾒ","town_name":"羽黒町狩谷野目","zip_code":"9970163"},{"prefecture_jis_code":"06","city_jis_code":"06203","town_name_kana":"ﾊｸﾞﾛﾏﾁｶﾜﾀﾞｲ","town_name":"羽黒町川代","zip_code":"9970131"},{"prefecture_jis_code":"06","city_jis_code":"06203","town_name_kana":"ﾊｸﾞﾛﾏﾁｶﾜﾂﾗ","town_name":"羽黒町川行","zip_code":"9970105"},{"prefecture_jis_code":"06","city_jis_code":"06203","town_name_kana":"ﾊｸﾞﾛﾏﾁｸﾛｾ","town_name":"羽黒町黒瀬","zip_code":"9970151"},{"prefecture_jis_code":"06","city_jis_code":"06203","town_name_kana":"ﾊｸﾞﾛﾏﾁｺﾏｽｶﾞﾜ","town_name":"羽黒町小増川","zip_code":"9970107"},{"prefecture_jis_code":"06","city_jis_code":"06203","town_name_kana":"ﾊｸﾞﾛﾏﾁｻｶﾉｼﾀ","town_name":"羽黒町坂ノ下","zip_code":"9970104"},{"prefecture_jis_code":"06","city_jis_code":"06203","town_name_kana":"ﾊｸﾞﾛﾏﾁｼﾞｭｳﾓﾝｼﾞ","town_name":"羽黒町十文字","zip_code":"9970127"},{"prefecture_jis_code":"06","city_jis_code":"06203","town_name_kana":"ﾊｸﾞﾛﾏﾁｾﾝﾄﾞｳ","town_name":"羽黒町仙道","zip_code":"9970125"},{"prefecture_jis_code":"06","city_jis_code":"06203","town_name_kana":"ﾊｸﾞﾛﾏﾁｿﾒｺｳﾔ","town_name":"羽黒町染興屋","zip_code":"9970106"},{"prefecture_jis_code":"06","city_jis_code":"06203","town_name_kana":"ﾊｸﾞﾛﾏﾁﾀｶﾃﾞﾗ","town_name":"羽黒町高寺","zip_code":"9970153"},{"prefecture_jis_code":"06","city_jis_code":"06203","town_name_kana":"ﾊｸﾞﾛﾏﾁﾀﾏｶﾞﾜ","town_name":"羽黒町玉川","zip_code":"9970121"},{"prefecture_jis_code":"06","city_jis_code":"06203","town_name_kana":"ﾊｸﾞﾛﾏﾁﾄｳｹﾞ","town_name":"羽黒町手向","zip_code":"9970211"},{"prefecture_jis_code":"06","city_jis_code":"06203","town_name_kana":"ﾊｸﾞﾛﾏﾁﾄﾉ","town_name":"羽黒町戸野","zip_code":"9970103"},{"prefecture_jis_code":"06","city_jis_code":"06203","town_name_kana":"ﾊｸﾞﾛﾏﾁﾄﾐｻﾞﾜ","town_name":"羽黒町富沢","zip_code":"9970165"},{"prefecture_jis_code":"06","city_jis_code":"06203","town_name_kana":"ﾊｸﾞﾛﾏﾁﾅｶｻﾞﾄ","town_name":"羽黒町中里","zip_code":"9970102"},{"prefecture_jis_code":"06","city_jis_code":"06203","town_name_kana":"ﾊｸﾞﾛﾏﾁﾉｱﾗﾏﾁ","town_name":"羽黒町野荒町","zip_code":"9970126"},{"prefecture_jis_code":"06","city_jis_code":"06203","town_name_kana":"ﾊｸﾞﾛﾏﾁﾉﾀﾞ","town_name":"羽黒町野田","zip_code":"9970143"},{"prefecture_jis_code":"06","city_jis_code":"06203","town_name_kana":"ﾊｸﾞﾛﾏﾁﾋﾙﾀﾞ","town_name":"羽黒町昼田","zip_code":"9970164"},{"prefecture_jis_code":"06","city_jis_code":"06203","town_name_kana":"ﾊｸﾞﾛﾏﾁﾎｿﾔ","town_name":"羽黒町細谷","zip_code":"9970162"},{"prefecture_jis_code":"06","city_jis_code":"06203","town_name_kana":"ﾊｸﾞﾛﾏﾁﾏｽｶﾜｼﾝﾃﾞﾝ","town_name":"羽黒町増川新田","zip_code":"9970124"},{"prefecture_jis_code":"06","city_jis_code":"06203","town_name_kana":"ﾊｸﾞﾛﾏﾁﾏﾁﾔ","town_name":"羽黒町町屋","zip_code":"9970101"},{"prefecture_jis_code":"06","city_jis_code":"06203","town_name_kana":"ﾊｸﾞﾛﾏﾁﾏﾂｵ","town_name":"羽黒町松尾","zip_code":"9970156"},{"prefecture_jis_code":"06","city_jis_code":"06203","town_name_kana":"ﾊｸﾞﾛﾏﾁﾏﾂｶﾞｵｶ","town_name":"羽黒町松ケ岡","zip_code":"9970158"},{"prefecture_jis_code":"06","city_jis_code":"06203","town_name_kana":"ﾊｸﾞﾛﾏﾁﾏﾜﾀﾘﾉｳﾁｼﾓ","town_name":"羽黒町馬渡ノ内下","zip_code":"9970154"},{"prefecture_jis_code":"06","city_jis_code":"06203","town_name_kana":"ﾊｸﾞﾛﾏﾁﾐﾂﾊｼ","town_name":"羽黒町三ツ橋","zip_code":"9970166"},{"prefecture_jis_code":"06","city_jis_code":"06203","town_name_kana":"ﾊﾔｼｻﾞｷ","town_name":"林崎","zip_code":"9970058"},{"prefecture_jis_code":"06","city_jis_code":"06203","town_name_kana":"ﾊﾘﾏ","town_name":"播磨","zip_code":"9970002"},{"prefecture_jis_code":"06","city_jis_code":"06203","town_name_kana":"ﾊﾞﾊﾞﾁｮｳ","town_name":"馬場町","zip_code":"9970035"},{"prefecture_jis_code":"06","city_jis_code":"06203","town_name_kana":"ﾊﾞﾗｼﾝﾃﾞﾝ","town_name":"茨新田","zip_code":"9971111"},{"prefecture_jis_code":"06","city_jis_code":"06203","town_name_kana":"ﾊﾞﾝﾃﾞﾝ","town_name":"番田","zip_code":"9970835"},{"prefecture_jis_code":"06","city_jis_code":"06203","town_name_kana":"ﾋｴ","town_name":"日枝","zip_code":"9970824"},{"prefecture_jis_code":"06","city_jis_code":"06203","town_name_kana":"ﾋｶﾞｼｱﾗﾔ","town_name":"東荒屋","zip_code":"9970344"},{"prefecture_jis_code":"06","city_jis_code":"06203","town_name_kana":"ﾋｶﾞｼｲﾜﾓﾄ","town_name":"東岩本","zip_code":"9970402"},{"prefecture_jis_code":"06","city_jis_code":"06203","town_name_kana":"ﾋｶﾞｼｼﾝｻｲﾏﾁ","town_name":"東新斎町","zip_code":"9970043"},{"prefecture_jis_code":"06","city_jis_code":"06203","town_name_kana":"ﾋｶﾞｼﾊﾗﾏﾁ","town_name":"東原町","zip_code":"9970801"},{"prefecture_jis_code":"06","city_jis_code":"06203","town_name_kana":"ﾋｶﾞｼﾎﾘｺｼ","town_name":"東堀越","zip_code":"9997653"},{"prefecture_jis_code":"06","city_jis_code":"06203","town_name_kana":"ﾋｶﾞｼﾒ","town_name":"東目","zip_code":"9970756"},{"prefecture_jis_code":"06","city_jis_code":"06203","town_name_kana":"ﾋｼﾂﾞ","town_name":"菱津","zip_code":"9971131"},{"prefecture_jis_code":"06","city_jis_code":"06203","town_name_kana":"ﾋﾄｶｽﾐ","town_name":"一霞","zip_code":"9997203"},{"prefecture_jis_code":"06","city_jis_code":"06203","town_name_kana":"ﾋﾉﾃﾞ","town_name":"日出","zip_code":"9970025"},{"prefecture_jis_code":"06","city_jis_code":"06203","town_name_kana":"ﾋﾖｼﾏﾁ","town_name":"日吉町","zip_code":"9970029"},{"prefecture_jis_code":"06","city_jis_code":"06203","town_name_kana":"ﾋﾖﾘﾀﾞﾏﾁ","town_name":"日和田町","zip_code":"9970016"},{"prefecture_jis_code":"06","city_jis_code":"06203","town_name_kana":"ﾋﾗｶﾀ","town_name":"平形","zip_code":"9997681"},{"prefecture_jis_code":"06","city_jis_code":"06203","town_name_kana":"ﾋﾗﾀ","town_name":"平田","zip_code":"9970008"},{"prefecture_jis_code":"06","city_jis_code":"06203","town_name_kana":"ﾌｸﾀﾞ","town_name":"福田","zip_code":"9970006"},{"prefecture_jis_code":"06","city_jis_code":"06203","town_name_kana":"ﾌｼﾞｵｶ","town_name":"藤岡","zip_code":"9997638"},{"prefecture_jis_code":"06","city_jis_code":"06203","town_name_kana":"ﾌｼﾞｻﾜ","town_name":"藤沢","zip_code":"9970751"},{"prefecture_jis_code":"06","city_jis_code":"06203","town_name_kana":"ﾌｼﾞｼﾏ","town_name":"藤島","zip_code":"9997601"},{"prefecture_jis_code":"06","city_jis_code":"06203","town_name_kana":"ﾌｼﾞｼﾏｾｷﾈ","town_name":"藤島関根","zip_code":"9997642"},{"prefecture_jis_code":"06","city_jis_code":"06203","town_name_kana":"ﾌｼﾞﾅﾐ","town_name":"藤浪","zip_code":"9997604"},{"prefecture_jis_code":"06","city_jis_code":"06203","town_name_kana":"ﾌｼﾞﾉﾊﾅ","town_name":"藤の花","zip_code":"9997602"},{"prefecture_jis_code":"06","city_jis_code":"06203","town_name_kana":"ﾌﾀﾊﾞﾁｮｳ","town_name":"双葉町","zip_code":"9970822"},{"prefecture_jis_code":"06","city_jis_code":"06203","town_name_kana":"ﾌﾐｿﾞﾉﾏﾁ","town_name":"文園町","zip_code":"9970816"},{"prefecture_jis_code":"06","city_jis_code":"06203","town_name_kana":"ﾌﾙｺｵﾘ","town_name":"古郡","zip_code":"9997671"},{"prefecture_jis_code":"06","city_jis_code":"06203","town_name_kana":"ﾍｲｷｮｳﾃﾞﾝ","town_name":"平京田","zip_code":"9970048"},{"prefecture_jis_code":"06","city_jis_code":"06203","town_name_kana":"ﾍｲｾｲﾏﾁ","town_name":"平成町","zip_code":"9971156"},{"prefecture_jis_code":"06","city_jis_code":"06203","town_name_kana":"ﾍｲｿｸ","town_name":"平足","zip_code":"9997645"},{"prefecture_jis_code":"06","city_jis_code":"06203","town_name_kana":"ﾎｳｴｲ","town_name":"豊栄","zip_code":"9997622"},{"prefecture_jis_code":"06","city_jis_code":"06203","town_name_kana":"ﾎｳﾀﾞｼ","town_name":"文下","zip_code":"9970003"},{"prefecture_jis_code":"06","city_jis_code":"06203","town_name_kana":"ﾎｳﾄｸ","town_name":"宝徳","zip_code":"9997675"},{"prefecture_jis_code":"06","city_jis_code":"06203","town_name_kana":"ﾎｳﾔ","town_name":"宝谷","zip_code":"9970321"},{"prefecture_jis_code":"06","city_jis_code":"06203","town_name_kana":"ﾎﾅﾐﾏﾁ","town_name":"ほなみ町","zip_code":"9970862"},{"prefecture_jis_code":"06","city_jis_code":"06203","town_name_kana":"ﾎﾝｺﾞｳ","town_name":"本郷","zip_code":"9970412"},{"prefecture_jis_code":"06","city_jis_code":"06203","town_name_kana":"ﾎﾝﾁｮｳ","town_name":"本町","zip_code":"9970034"},{"prefecture_jis_code":"06","city_jis_code":"06203","town_name_kana":"ﾎﾝﾃﾞﾝ","town_name":"本田","zip_code":"9970004"},{"prefecture_jis_code":"06","city_jis_code":"06203","town_name_kana":"ﾏｷﾀﾞｲ","town_name":"槇代","zip_code":"9997124"},{"prefecture_jis_code":"06","city_jis_code":"06203","town_name_kana":"ﾏｸﾉｳﾁ","town_name":"幕野内","zip_code":"9997676"},{"prefecture_jis_code":"06","city_jis_code":"06203","town_name_kana":"ﾏﾂｻﾞﾜ","town_name":"松沢","zip_code":"9970626"},{"prefecture_jis_code":"06","city_jis_code":"06203","town_name_kana":"ﾏﾂﾈ","town_name":"松根","zip_code":"9970322"},{"prefecture_jis_code":"06","city_jis_code":"06203","town_name_kana":"ﾏﾙｵｶ","town_name":"丸岡","zip_code":"9970334"},{"prefecture_jis_code":"06","city_jis_code":"06203","town_name_kana":"ﾏﾜﾀﾘ","town_name":"馬渡","zip_code":"9970301"},{"prefecture_jis_code":"06","city_jis_code":"06203","town_name_kana":"ﾐｻｷﾏﾁ","town_name":"美咲町","zip_code":"9970857"},{"prefecture_jis_code":"06","city_jis_code":"06203","town_name_kana":"ﾐｽﾞｻﾜ","town_name":"水沢","zip_code":"9997542"},{"prefecture_jis_code":"06","city_jis_code":"06203","town_name_kana":"ﾐｽﾞﾎ","town_name":"みずほ","zip_code":"9997548"},{"prefecture_jis_code":"06","city_jis_code":"06203","town_name_kana":"ﾐﾁﾀﾞﾏﾁ","town_name":"道田町","zip_code":"9970837"},{"prefecture_jis_code":"06","city_jis_code":"06203","town_name_kana":"ﾐﾄﾞﾘﾏﾁ","town_name":"みどり町","zip_code":"9970046"},{"prefecture_jis_code":"06","city_jis_code":"06203","town_name_kana":"ﾐﾊﾗﾏﾁ","town_name":"美原町","zip_code":"9970826"},{"prefecture_jis_code":"06","city_jis_code":"06203","town_name_kana":"ﾐﾏｽｼﾝﾃﾞﾝ","town_name":"箕升新田","zip_code":"9997674"},{"prefecture_jis_code":"06","city_jis_code":"06203","town_name_kana":"ﾐﾔｻﾞﾜ","town_name":"宮沢","zip_code":"9971202"},{"prefecture_jis_code":"06","city_jis_code":"06203","town_name_kana":"ﾐﾜ","town_name":"三和","zip_code":"9997634"},{"prefecture_jis_code":"06","city_jis_code":"06203","town_name_kana":"ﾐﾜﾏﾁ","town_name":"三和町","zip_code":"9970818"},{"prefecture_jis_code":"06","city_jis_code":"06203","town_name_kana":"ﾐﾝﾃﾞﾝ","town_name":"民田","zip_code":"9970361"},{"prefecture_jis_code":"06","city_jis_code":"06203","town_name_kana":"ﾑﾂﾐﾏﾁ","town_name":"睦町","zip_code":"9970817"},{"prefecture_jis_code":"06","city_jis_code":"06203","town_name_kana":"ﾓﾘｶﾀ","town_name":"森片","zip_code":"9970844"},{"prefecture_jis_code":"06","city_jis_code":"06203","town_name_kana":"ﾔｲﾛｷﾞ","town_name":"八色木","zip_code":"9997631"},{"prefecture_jis_code":"06","city_jis_code":"06203","town_name_kana":"ﾔﾁｺｳﾔ","town_name":"谷地興屋","zip_code":"9997662"},{"prefecture_jis_code":"06","city_jis_code":"06203","town_name_kana":"ﾔﾂｺﾞｳﾔ","town_name":"八ツ興屋","zip_code":"9970807"},{"prefecture_jis_code":"06","city_jis_code":"06203","town_name_kana":"ﾔﾅｷﾞﾀﾞ","town_name":"柳田","zip_code":"9970833"},{"prefecture_jis_code":"06","city_jis_code":"06203","town_name_kana":"ﾔﾅｸｾ","town_name":"柳久瀬","zip_code":"9997672"},{"prefecture_jis_code":"06","city_jis_code":"06203","town_name_kana":"ﾔﾊﾞｾ","town_name":"矢馳","zip_code":"9970855"},{"prefecture_jis_code":"06","city_jis_code":"06203","town_name_kana":"ﾔﾋﾞｷ","town_name":"矢引","zip_code":"9997545"},{"prefecture_jis_code":"06","city_jis_code":"06203","town_name_kana":"ﾔﾏｲﾗｶﾞﾜ","town_name":"山五十川","zip_code":"9997201"},{"prefecture_jis_code":"06","city_jis_code":"06203","town_name_kana":"ﾔﾏﾀﾞ","town_name":"山田","zip_code":"9970856"},{"prefecture_jis_code":"06","city_jis_code":"06203","town_name_kana":"ﾕｱﾂﾐ","town_name":"湯温海","zip_code":"9997204"},{"prefecture_jis_code":"06","city_jis_code":"06203","town_name_kana":"ﾕｽﾞﾘﾊ","town_name":"楪","zip_code":"9997641"},{"prefecture_jis_code":"06","city_jis_code":"06203","town_name_kana":"ﾕﾀｶﾞﾜ","town_name":"湯田川","zip_code":"9970752"},{"prefecture_jis_code":"06","city_jis_code":"06203","town_name_kana":"ﾕﾉｻﾜ","town_name":"湯野沢","zip_code":"9970001"},{"prefecture_jis_code":"06","city_jis_code":"06203","town_name_kana":"ﾕﾉﾊﾏ","town_name":"湯野浜","zip_code":"9971201"},{"prefecture_jis_code":"06","city_jis_code":"06203","town_name_kana":"ﾕﾗ","town_name":"由良","zip_code":"9997464"},{"prefecture_jis_code":"06","city_jis_code":"06203","town_name_kana":"ﾖｳｺｳﾏﾁ","town_name":"陽光町","zip_code":"9970827"},{"prefecture_jis_code":"06","city_jis_code":"06203","town_name_kana":"ﾖｹｲﾏﾁ","town_name":"余慶町","zip_code":"9970010"},{"prefecture_jis_code":"06","city_jis_code":"06203","town_name_kana":"ﾖﾄﾞｶﾜﾏﾁ","town_name":"淀川町","zip_code":"9970838"},{"prefecture_jis_code":"06","city_jis_code":"06203","town_name_kana":"ﾖﾊﾞﾗｽﾞ","town_name":"無音","zip_code":"9997643"},{"prefecture_jis_code":"06","city_jis_code":"06203","town_name_kana":"ﾜｶﾊﾞﾏﾁ","town_name":"若葉町","zip_code":"9970037"},{"prefecture_jis_code":"06","city_jis_code":"06203","town_name_kana":"ﾜｻﾀﾞ","town_name":"早田","zip_code":"9997121"},{"prefecture_jis_code":"06","city_jis_code":"06203","town_name_kana":"ﾜﾀﾏｴ","town_name":"渡前","zip_code":"9997683"},{"prefecture_jis_code":"06","city_jis_code":"06203","town_name_kana":"ﾜﾅｶﾞﾜ","town_name":"和名川","zip_code":"9997684"}]