[{"prefecture_jis_code":"35","city_jis_code":"35201","town_name_kana":"ｱｶｲｹﾁｮｳ","town_name":"赤池町","zip_code":"7520902"},{"prefecture_jis_code":"35","city_jis_code":"35201","town_name_kana":"ｱｶﾀﾞ","town_name":"垢田","zip_code":"7510846"},{"prefecture_jis_code":"35","city_jis_code":"35201","town_name_kana":"ｱｶﾀﾞﾁｮｳ","town_name":"垢田町","zip_code":"7510841"},{"prefecture_jis_code":"35","city_jis_code":"35201","town_name_kana":"ｱｶﾏﾁｮｳ","town_name":"赤間町","zip_code":"7500007"},{"prefecture_jis_code":"35","city_jis_code":"35201","town_name_kana":"ｱｷﾈ","town_name":"秋根","zip_code":"7510871"},{"prefecture_jis_code":"35","city_jis_code":"35201","town_name_kana":"ｱｷﾈｶﾐﾏﾁ","town_name":"秋根上町","zip_code":"7510878"},{"prefecture_jis_code":"35","city_jis_code":"35201","town_name_kana":"ｱｷﾈｷﾀﾏﾁ","town_name":"秋根北町","zip_code":"7510876"},{"prefecture_jis_code":"35","city_jis_code":"35201","town_name_kana":"ｱｷﾈｼﾝﾏﾁ","town_name":"秋根新町","zip_code":"7510874"},{"prefecture_jis_code":"35","city_jis_code":"35201","town_name_kana":"ｱｷﾈﾆｼﾏﾁ","town_name":"秋根西町","zip_code":"7510873"},{"prefecture_jis_code":"35","city_jis_code":"35201","town_name_kana":"ｱｷﾈﾋｶﾞｼﾏﾁ","town_name":"秋根東町","zip_code":"7510877"},{"prefecture_jis_code":"35","city_jis_code":"35201","town_name_kana":"ｱｷﾈﾎﾝﾏﾁ","town_name":"秋根本町","zip_code":"7510875"},{"prefecture_jis_code":"35","city_jis_code":"35201","town_name_kana":"ｱｷﾈﾐﾅﾐﾏﾁ","town_name":"秋根南町","zip_code":"7510872"},{"prefecture_jis_code":"35","city_jis_code":"35201","town_name_kana":"ｱﾐﾀﾞｲｼﾞﾁｮｳ","town_name":"阿弥陀寺町","zip_code":"7500003"},{"prefecture_jis_code":"35","city_jis_code":"35201","town_name_kana":"ｱﾔﾗｷﾞ","town_name":"綾羅木","zip_code":"7510866"},{"prefecture_jis_code":"35","city_jis_code":"35201","town_name_kana":"ｱﾔﾗｷﾞｼﾝﾏﾁ","town_name":"綾羅木新町","zip_code":"7510865"},{"prefecture_jis_code":"35","city_jis_code":"35201","town_name_kana":"ｱﾔﾗｷﾞﾎﾝﾏﾁ","town_name":"綾羅木本町","zip_code":"7510849"},{"prefecture_jis_code":"35","city_jis_code":"35201","town_name_kana":"ｱﾔﾗｷﾞﾐﾅﾐﾏﾁ","town_name":"綾羅木南町","zip_code":"7510848"},{"prefecture_jis_code":"35","city_jis_code":"35201","town_name_kana":"ｱﾘﾄﾞﾐ","town_name":"有冨","zip_code":"7510868"},{"prefecture_jis_code":"35","city_jis_code":"35201","town_name_kana":"ｱﾙｶﾎﾟｰﾄ","town_name":"あるかぽーと","zip_code":"7500036"},{"prefecture_jis_code":"35","city_jis_code":"35201","town_name_kana":"ｲｸﾉﾁｮｳ","town_name":"生野町","zip_code":"7510832"},{"prefecture_jis_code":"35","city_jis_code":"35201","town_name_kana":"ｲｸﾗ","town_name":"伊倉","zip_code":"7510862"},{"prefecture_jis_code":"35","city_jis_code":"35201","town_name_kana":"ｲｸﾗｼﾝﾏﾁ","town_name":"伊倉新町","zip_code":"7510869"},{"prefecture_jis_code":"35","city_jis_code":"35201","town_name_kana":"ｲｸﾗﾁｮｳ","town_name":"伊倉町","zip_code":"7510864"},{"prefecture_jis_code":"35","city_jis_code":"35201","town_name_kana":"ｲｸﾗﾋｶﾞｼﾏﾁ","town_name":"伊倉東町","zip_code":"7510861"},{"prefecture_jis_code":"35","city_jis_code":"35201","town_name_kana":"ｲｸﾗﾎﾝﾏﾁ","town_name":"伊倉本町","zip_code":"7510863"},{"prefecture_jis_code":"35","city_jis_code":"35201","town_name_kana":"ｲｻﾞｷﾁｮｳ","town_name":"伊崎町","zip_code":"7500065"},{"prefecture_jis_code":"35","city_jis_code":"35201","town_name_kana":"ｲｼｶﾞﾐﾁｮｳ","town_name":"石神町","zip_code":"7510825"},{"prefecture_jis_code":"35","city_jis_code":"35201","town_name_kana":"ｲｼﾊﾗ","town_name":"石原","zip_code":"7510886"},{"prefecture_jis_code":"35","city_jis_code":"35201","town_name_kana":"ｲﾀﾞ","town_name":"井田","zip_code":"7510881"},{"prefecture_jis_code":"35","city_jis_code":"35201","town_name_kana":"ｲﾁﾉﾐﾔｵﾛｼﾎﾝﾏﾁ","town_name":"一の宮卸本町","zip_code":"7510817"},{"prefecture_jis_code":"35","city_jis_code":"35201","town_name_kana":"ｲﾁﾉﾐﾔｶﾞｸｴﾝﾁｮｳ","town_name":"一の宮学園町","zip_code":"7510807"},{"prefecture_jis_code":"35","city_jis_code":"35201","town_name_kana":"ｲﾁﾉﾐﾔｽﾐﾖｼ","town_name":"一の宮住吉","zip_code":"7510805"},{"prefecture_jis_code":"35","city_jis_code":"35201","town_name_kana":"ｲﾁﾉﾐﾔﾁｮｳ","town_name":"一の宮町","zip_code":"7510806"},{"prefecture_jis_code":"35","city_jis_code":"35201","town_name_kana":"ｲﾁﾉﾐﾔﾋｶﾞｼﾏﾁ","town_name":"一の宮東町","zip_code":"7510809"},{"prefecture_jis_code":"35","city_jis_code":"35201","town_name_kana":"ｲﾁﾉﾐﾔﾎﾝﾏﾁ","town_name":"一の宮本町","zip_code":"7510808"},{"prefecture_jis_code":"35","city_jis_code":"35201","town_name_kana":"ｲﾏｳﾗﾁｮｳ","town_name":"今浦町","zip_code":"7500064"},{"prefecture_jis_code":"35","city_jis_code":"35201","town_name_kana":"ｲﾘｴﾁｮｳ","town_name":"入江町","zip_code":"7500013"},{"prefecture_jis_code":"35","city_jis_code":"35201","town_name_kana":"ｳｴｼﾞｮｳﾁｮｳ","town_name":"上条町","zip_code":"7500027"},{"prefecture_jis_code":"35","city_jis_code":"35201","town_name_kana":"ｳｴﾀﾞ","town_name":"植田","zip_code":"7500251"},{"prefecture_jis_code":"35","city_jis_code":"35201","town_name_kana":"ｳｼﾛﾀﾞﾁｮｳ","town_name":"後田町","zip_code":"7510826"},{"prefecture_jis_code":"35","city_jis_code":"35201","town_name_kana":"ｳﾂｲｶﾐ","town_name":"内日上","zip_code":"7500252"},{"prefecture_jis_code":"35","city_jis_code":"35201","town_name_kana":"ｳﾂｲｼﾓ","town_name":"内日下","zip_code":"7500253"},{"prefecture_jis_code":"35","city_jis_code":"35201","town_name_kana":"ｳﾂﾞｲ","town_name":"宇津井","zip_code":"7501111"},{"prefecture_jis_code":"35","city_jis_code":"35201","town_name_kana":"ｳﾍﾞ","town_name":"宇部","zip_code":"7520923"},{"prefecture_jis_code":"35","city_jis_code":"35201","town_name_kana":"ｵｳｷｳﾂﾞｲ","town_name":"王喜宇津井","zip_code":"7501115"},{"prefecture_jis_code":"35","city_jis_code":"35201","town_name_kana":"ｵｳｷﾎﾝﾏﾁ","town_name":"王喜本町","zip_code":"7501114"},{"prefecture_jis_code":"35","city_jis_code":"35201","town_name_kana":"ｵｳｼﾞｶﾐﾏﾁ","town_name":"王司上町","zip_code":"7520916"},{"prefecture_jis_code":"35","city_jis_code":"35201","town_name_kana":"ｵｳｼﾞｶﾜﾊﾞﾀ","town_name":"王司川端","zip_code":"7520912"},{"prefecture_jis_code":"35","city_jis_code":"35201","town_name_kana":"ｵｳｼﾞｶﾝﾀﾞ","town_name":"王司神田","zip_code":"7520911"},{"prefecture_jis_code":"35","city_jis_code":"35201","town_name_kana":"ｵｳｼﾞﾎﾝﾏﾁ","town_name":"王司本町","zip_code":"7520915"},{"prefecture_jis_code":"35","city_jis_code":"35201","town_name_kana":"ｵｳｼﾞﾐﾅﾐﾏﾁ","town_name":"王司南町","zip_code":"7520924"},{"prefecture_jis_code":"35","city_jis_code":"35201","town_name_kana":"ｵｳﾁ","town_name":"阿内","zip_code":"7501171"},{"prefecture_jis_code":"35","city_jis_code":"35201","town_name_kana":"ｵｵﾂﾎﾞﾎﾝﾏﾁ","town_name":"大坪本町","zip_code":"7500051"},{"prefecture_jis_code":"35","city_jis_code":"35201","town_name_kana":"ｵﾂﾞｷｲﾁﾊﾗﾁｮｳ","town_name":"小月市原町","zip_code":"7501147"},{"prefecture_jis_code":"35","city_jis_code":"35201","town_name_kana":"ｵﾂﾞｷｴｷﾏｴ","town_name":"小月駅前","zip_code":"7501143"},{"prefecture_jis_code":"35","city_jis_code":"35201","town_name_kana":"ｵﾂﾞｷｷｮｳﾄﾞﾏﾘ","town_name":"小月京泊","zip_code":"7501134"},{"prefecture_jis_code":"35","city_jis_code":"35201","town_name_kana":"ｵﾂﾞｷｺｳｴﾝﾁｮｳ","town_name":"小月公園町","zip_code":"7501146"},{"prefecture_jis_code":"35","city_jis_code":"35201","town_name_kana":"ｵﾂﾞｷｺｼﾞﾏ","town_name":"小月小島","zip_code":"7501136"},{"prefecture_jis_code":"35","city_jis_code":"35201","town_name_kana":"ｵﾂﾞｷｻｲﾜｲﾏﾁ","town_name":"小月幸町","zip_code":"7501141"},{"prefecture_jis_code":"35","city_jis_code":"35201","town_name_kana":"ｵﾂﾞｷｽｷﾞｻｺ","town_name":"小月杉迫","zip_code":"7501145"},{"prefecture_jis_code":"35","city_jis_code":"35201","town_name_kana":"ｵﾂﾞｷﾀｶｵﾁｮｳ","town_name":"小月高雄町","zip_code":"7501133"},{"prefecture_jis_code":"35","city_jis_code":"35201","town_name_kana":"ｵﾂﾞｷﾁｬﾔ","town_name":"小月茶屋","zip_code":"7501144"},{"prefecture_jis_code":"35","city_jis_code":"35201","town_name_kana":"ｵﾂﾞｷﾁｮｳ","town_name":"小月町","zip_code":"7501131"},{"prefecture_jis_code":"35","city_jis_code":"35201","town_name_kana":"ｵﾂﾞｷﾆｼﾉﾀﾞｲ","town_name":"小月西の台","zip_code":"7501135"},{"prefecture_jis_code":"35","city_jis_code":"35201","town_name_kana":"ｵﾂﾞｷﾎﾝﾏﾁ","town_name":"小月本町","zip_code":"7501142"},{"prefecture_jis_code":"35","city_jis_code":"35201","town_name_kana":"ｵﾂﾞｷﾐﾅﾐﾏﾁ","town_name":"小月南町","zip_code":"7501137"},{"prefecture_jis_code":"35","city_jis_code":"35201","town_name_kana":"ｵﾂﾞｷﾐﾔﾉﾏﾁ","town_name":"小月宮の町","zip_code":"7501132"},{"prefecture_jis_code":"35","city_jis_code":"35201","town_name_kana":"ｵﾉ","town_name":"小野","zip_code":"7510887"},{"prefecture_jis_code":"35","city_jis_code":"35201","town_name_kana":"ｵﾛｼｼﾝﾏﾁ","town_name":"卸新町","zip_code":"7510818"},{"prefecture_jis_code":"35","city_jis_code":"35201","town_name_kana":"ｶｼﾞｸﾘﾁｮｳ","town_name":"梶栗町","zip_code":"7596614"},{"prefecture_jis_code":"35","city_jis_code":"35201","town_name_kana":"ｶｽｶﾞﾁｮｳ","town_name":"春日町","zip_code":"7500031"},{"prefecture_jis_code":"35","city_jis_code":"35201","town_name_kana":"ｶｽﾞﾐﾂ","town_name":"員光","zip_code":"7520904"},{"prefecture_jis_code":"35","city_jis_code":"35201","town_name_kana":"ｶｽﾞﾐﾂﾁｮｳ","town_name":"員光町","zip_code":"7520903"},{"prefecture_jis_code":"35","city_jis_code":"35201","town_name_kana":"ｶﾀﾁﾔﾏ","town_name":"形山","zip_code":"7510884"},{"prefecture_jis_code":"35","city_jis_code":"35201","town_name_kana":"ｶﾀﾁﾔﾏﾁｮｳ","town_name":"形山町","zip_code":"7510888"},{"prefecture_jis_code":"35","city_jis_code":"35201","town_name_kana":"ｶﾀﾁﾔﾏﾐﾄﾞﾘﾏﾁ","town_name":"形山みどり町","zip_code":"7510885"},{"prefecture_jis_code":"35","city_jis_code":"35201","town_name_kana":"ｶﾐｼﾝﾁﾁｮｳ","town_name":"上新地町","zip_code":"7500061"},{"prefecture_jis_code":"35","city_jis_code":"35201","town_name_kana":"ｶﾐﾀﾅｶﾏﾁ","town_name":"上田中町","zip_code":"7500009"},{"prefecture_jis_code":"35","city_jis_code":"35201","town_name_kana":"ｶﾒﾊﾏﾁｮｳ","town_name":"亀浜町","zip_code":"7520925"},{"prefecture_jis_code":"35","city_jis_code":"35201","town_name_kana":"ｶﾓｳﾉ","town_name":"蒲生野","zip_code":"7596602"},{"prefecture_jis_code":"35","city_jis_code":"35201","town_name_kana":"ｶﾗﾄﾁｮｳ","town_name":"唐戸町","zip_code":"7500005"},{"prefecture_jis_code":"35","city_jis_code":"35201","town_name_kana":"ｶﾜﾅｶﾎﾝﾏﾁ","town_name":"川中本町","zip_code":"7510859"},{"prefecture_jis_code":"35","city_jis_code":"35201","town_name_kana":"ｶﾜﾅｶﾕﾀｶﾏﾁ","town_name":"川中豊町","zip_code":"7510853"},{"prefecture_jis_code":"35","city_jis_code":"35201","town_name_kana":"ｶﾝｾｲﾁｮｳ","town_name":"関西町","zip_code":"7500032"},{"prefecture_jis_code":"35","city_jis_code":"35201","town_name_kana":"ｶﾝｾｲﾎﾝﾏﾁ","town_name":"関西本町","zip_code":"7500022"},{"prefecture_jis_code":"35","city_jis_code":"35201","town_name_kana":"ｶﾝﾀﾞ","town_name":"神田","zip_code":"7520907"},{"prefecture_jis_code":"35","city_jis_code":"35201","town_name_kana":"ｶﾝﾀﾞﾁｮｳ","town_name":"神田町","zip_code":"7500044"},{"prefecture_jis_code":"35","city_jis_code":"35201","town_name_kana":"ｶﾝﾉﾝｻﾞｷﾁｮｳ","town_name":"観音崎町","zip_code":"7500012"},{"prefecture_jis_code":"35","city_jis_code":"35201","town_name_kana":"ｷｸｶﾞﾜﾁｮｳｶﾐｵｵﾉ","town_name":"菊川町上大野","zip_code":"7500311"},{"prefecture_jis_code":"35","city_jis_code":"35201","town_name_kana":"ｷｸｶﾞﾜﾁｮｳｶﾐｵｶｴﾀﾞ","town_name":"菊川町上岡枝","zip_code":"7500321"},{"prefecture_jis_code":"35","city_jis_code":"35201","town_name_kana":"ｷｸｶﾞﾜﾁｮｳｶﾐﾀﾍﾞ","town_name":"菊川町上田部","zip_code":"7500314"},{"prefecture_jis_code":"35","city_jis_code":"35201","town_name_kana":"ｷｸｶﾞﾜﾁｮｳｶﾐﾎｷ","town_name":"菊川町上保木","zip_code":"7500307"},{"prefecture_jis_code":"35","city_jis_code":"35201","town_name_kana":"ｷｸｶﾞﾜﾁｮｳｷﾊﾞ","town_name":"菊川町貴飯","zip_code":"7500325"},{"prefecture_jis_code":"35","city_jis_code":"35201","town_name_kana":"ｷｸｶﾞﾜﾁｮｳｸﾂﾜｲ","town_name":"菊川町轡井","zip_code":"7500305"},{"prefecture_jis_code":"35","city_jis_code":"35201","town_name_kana":"ｷｸｶﾞﾜﾁｮｳｸﾉ","town_name":"菊川町久野","zip_code":"7500324"},{"prefecture_jis_code":"35","city_jis_code":"35201","town_name_kana":"ｷｸｶﾞﾜﾁｮｳｼﾓｵｵﾉ","town_name":"菊川町下大野","zip_code":"7500312"},{"prefecture_jis_code":"35","city_jis_code":"35201","town_name_kana":"ｷｸｶﾞﾜﾁｮｳｼﾓｵｶｴﾀﾞ","town_name":"菊川町下岡枝","zip_code":"7500317"},{"prefecture_jis_code":"35","city_jis_code":"35201","town_name_kana":"ｷｸｶﾞﾜﾁｮｳｼﾓﾎｷ","town_name":"菊川町下保木","zip_code":"7500306"},{"prefecture_jis_code":"35","city_jis_code":"35201","town_name_kana":"ｷｸｶﾞﾜﾁｮｳﾀﾍﾞ","town_name":"菊川町田部","zip_code":"7500313"},{"prefecture_jis_code":"35","city_jis_code":"35201","town_name_kana":"ｷｸｶﾞﾜﾁｮｳﾅﾅﾐ","town_name":"菊川町七見","zip_code":"7500315"},{"prefecture_jis_code":"35","city_jis_code":"35201","town_name_kana":"ｷｸｶﾞﾜﾁｮｳﾅﾗｻﾞｷ","town_name":"菊川町楢崎","zip_code":"7500322"},{"prefecture_jis_code":"35","city_jis_code":"35201","town_name_kana":"ｷｸｶﾞﾜﾁｮｳﾆｯｼﾝ","town_name":"菊川町日新","zip_code":"7500323"},{"prefecture_jis_code":"35","city_jis_code":"35201","town_name_kana":"ｷｸｶﾞﾜﾁｮｳﾆｼﾅｶﾔﾏ","town_name":"菊川町西中山","zip_code":"7500301"},{"prefecture_jis_code":"35","city_jis_code":"35201","town_name_kana":"ｷｸｶﾞﾜﾁｮｳﾋｶﾞｼﾅｶﾔﾏ","town_name":"菊川町東中山","zip_code":"7500302"},{"prefecture_jis_code":"35","city_jis_code":"35201","town_name_kana":"ｷｸｶﾞﾜﾁｮｳﾐﾁｲﾁ","town_name":"菊川町道市","zip_code":"7500304"},{"prefecture_jis_code":"35","city_jis_code":"35201","town_name_kana":"ｷｸｶﾞﾜﾁｮｳﾓﾐﾉｷ","town_name":"菊川町樅ノ木","zip_code":"7500303"},{"prefecture_jis_code":"35","city_jis_code":"35201","town_name_kana":"ｷｸｶﾞﾜﾁｮｳﾖｼｶ","town_name":"菊川町吉賀","zip_code":"7500316"},{"prefecture_jis_code":"35","city_jis_code":"35201","town_name_kana":"ｷﾌﾞﾈﾏﾁ","town_name":"貴船町","zip_code":"7510823"},{"prefecture_jis_code":"35","city_jis_code":"35201","town_name_kana":"ｷﾖｽｴ","town_name":"清末","zip_code":"7501151"},{"prefecture_jis_code":"35","city_jis_code":"35201","town_name_kana":"ｷﾖｽｴｸﾗﾏ","town_name":"清末鞍馬","zip_code":"7501153"},{"prefecture_jis_code":"35","city_jis_code":"35201","town_name_kana":"ｷﾖｽｴｺﾞﾓｳ","town_name":"清末五毛","zip_code":"7501162"},{"prefecture_jis_code":"35","city_jis_code":"35201","town_name_kana":"ｷﾖｽｴｼﾞﾝﾔ","town_name":"清末陣屋","zip_code":"7501152"},{"prefecture_jis_code":"35","city_jis_code":"35201","town_name_kana":"ｷﾖｽｴｾﾝﾎﾞｳ","town_name":"清末千房","zip_code":"7501163"},{"prefecture_jis_code":"35","city_jis_code":"35201","town_name_kana":"ｷﾖｽｴﾀﾞｲﾓﾝ","town_name":"清末大門","zip_code":"7501164"},{"prefecture_jis_code":"35","city_jis_code":"35201","town_name_kana":"ｷﾖｽｴﾅｶﾏﾁ","town_name":"清末中町","zip_code":"7501155"},{"prefecture_jis_code":"35","city_jis_code":"35201","town_name_kana":"ｷﾖｽｴﾆｼﾏﾁ","town_name":"清末西町","zip_code":"7501161"},{"prefecture_jis_code":"35","city_jis_code":"35201","town_name_kana":"ｷﾖｽｴﾋｶﾞｼﾏﾁ","town_name":"清末東町","zip_code":"7501156"},{"prefecture_jis_code":"35","city_jis_code":"35201","town_name_kana":"ｷﾖｽｴﾎﾝﾏﾁ","town_name":"清末本町","zip_code":"7501154"},{"prefecture_jis_code":"35","city_jis_code":"35201","town_name_kana":"ｸｽﾉ","town_name":"楠乃","zip_code":"7510804"},{"prefecture_jis_code":"35","city_jis_code":"35201","town_name_kana":"ｸﾏﾉﾁｮｳ","town_name":"熊野町","zip_code":"7510852"},{"prefecture_jis_code":"35","city_jis_code":"35201","town_name_kana":"ｸﾏﾉﾆｼﾏﾁ","town_name":"熊野西町","zip_code":"7510851"},{"prefecture_jis_code":"35","city_jis_code":"35201","town_name_kana":"ｺｳﾖｳﾁｮｳ","town_name":"向洋町","zip_code":"7500041"},{"prefecture_jis_code":"35","city_jis_code":"35201","town_name_kana":"ｺﾔｶﾞﾜﾎﾝﾏﾁ","town_name":"木屋川本町","zip_code":"7501112"},{"prefecture_jis_code":"35","city_jis_code":"35201","town_name_kana":"ｺﾔｶﾞﾜﾐﾅﾐﾏﾁ","town_name":"木屋川南町","zip_code":"7501113"},{"prefecture_jis_code":"35","city_jis_code":"35201","town_name_kana":"ｺﾝﾋﾟﾗﾁｮｳ","town_name":"金比羅町","zip_code":"7500058"},{"prefecture_jis_code":"35","city_jis_code":"35201","town_name_kana":"ｻｲｶﾞﾜ","town_name":"才川","zip_code":"7520921"},{"prefecture_jis_code":"35","city_jis_code":"35201","town_name_kana":"ｻｲﾜｲﾏﾁ","town_name":"幸町","zip_code":"7500001"},{"prefecture_jis_code":"35","city_jis_code":"35201","town_name_kana":"ｻｶｴﾏﾁ","town_name":"栄町","zip_code":"7500049"},{"prefecture_jis_code":"35","city_jis_code":"35201","town_name_kana":"ｻｸﾗﾔﾏﾁｮｳ","town_name":"桜山町","zip_code":"7500035"},{"prefecture_jis_code":"35","city_jis_code":"35201","town_name_kana":"ｻｻﾔﾏﾁｮｳ","town_name":"笹山町","zip_code":"7500024"},{"prefecture_jis_code":"35","city_jis_code":"35201","town_name_kana":"ｼｮｳﾔ","town_name":"勝谷","zip_code":"7510801"},{"prefecture_jis_code":"35","city_jis_code":"35201","town_name_kana":"ｼｮｳﾔｼﾝﾏﾁ","town_name":"勝谷新町","zip_code":"7510802"},{"prefecture_jis_code":"35","city_jis_code":"35201","town_name_kana":"ｼｵｲﾘﾁｮｳ","town_name":"汐入町","zip_code":"7500059"},{"prefecture_jis_code":"35","city_jis_code":"35201","town_name_kana":"ｼﾗｻｷ","town_name":"白崎","zip_code":"7501116"},{"prefecture_jis_code":"35","city_jis_code":"35201","town_name_kana":"ｼﾝｱｶﾀﾞｷﾀﾏﾁ","town_name":"新垢田北町","zip_code":"7510845"},{"prefecture_jis_code":"35","city_jis_code":"35201","town_name_kana":"ｼﾝｱｶﾀﾞﾆｼﾏﾁ","town_name":"新垢田西町","zip_code":"7510844"},{"prefecture_jis_code":"35","city_jis_code":"35201","town_name_kana":"ｼﾝｱｶﾀﾞﾋｶﾞｼﾏﾁ","town_name":"新垢田東町","zip_code":"7510843"},{"prefecture_jis_code":"35","city_jis_code":"35201","town_name_kana":"ｼﾝｱｶﾀﾞﾐﾅﾐﾏﾁ","town_name":"新垢田南町","zip_code":"7510842"},{"prefecture_jis_code":"35","city_jis_code":"35201","town_name_kana":"ｼﾝﾁﾁｮｳ","town_name":"新地町","zip_code":"7500063"},{"prefecture_jis_code":"35","city_jis_code":"35201","town_name_kana":"ｼﾝﾁﾆｼﾏﾁ","town_name":"新地西町","zip_code":"7500062"},{"prefecture_jis_code":"35","city_jis_code":"35201","town_name_kana":"ｼﾝﾑｸﾉ","town_name":"新椋野","zip_code":"7510820"},{"prefecture_jis_code":"35","city_jis_code":"35201","town_name_kana":"ｽｼﾞｶﾜﾁｮｳ","town_name":"筋川町","zip_code":"7500057"},{"prefecture_jis_code":"35","city_jis_code":"35201","town_name_kana":"ｽｼﾞｶﾞﾊﾏﾁｮｳ","town_name":"筋ケ浜町","zip_code":"7500056"},{"prefecture_jis_code":"35","city_jis_code":"35201","town_name_kana":"ﾀｲﾍｲﾁｮｳ","town_name":"大平町","zip_code":"7500053"},{"prefecture_jis_code":"35","city_jis_code":"35201","town_name_kana":"ﾀｶﾊﾀ","town_name":"高畑","zip_code":"7520991"},{"prefecture_jis_code":"35","city_jis_code":"35201","town_name_kana":"ﾀｶﾗﾏﾁ","town_name":"宝町","zip_code":"7510822"},{"prefecture_jis_code":"35","city_jis_code":"35201","town_name_kana":"ﾀｸﾗ","town_name":"田倉","zip_code":"7510883"},{"prefecture_jis_code":"35","city_jis_code":"35201","town_name_kana":"ﾀｸﾗｺﾞﾃﾝﾏﾁ","town_name":"田倉御殿町","zip_code":"7510882"},{"prefecture_jis_code":"35","city_jis_code":"35201","town_name_kana":"ﾀｹｻﾞｷﾁｮｳ","town_name":"竹崎町","zip_code":"7500025"},{"prefecture_jis_code":"35","city_jis_code":"35201","town_name_kana":"ﾀｹﾋｻﾁｮｳ","town_name":"武久町","zip_code":"7510833"},{"prefecture_jis_code":"35","city_jis_code":"35201","town_name_kana":"ﾀｹﾋｻﾆｼﾊﾗﾀﾞｲ","town_name":"武久西原台","zip_code":"7510819"},{"prefecture_jis_code":"35","city_jis_code":"35201","town_name_kana":"ﾀﾅｶﾏﾁ","town_name":"田中町","zip_code":"7500008"},{"prefecture_jis_code":"35","city_jis_code":"35201","town_name_kana":"ﾀﾞｲｶﾞｸﾁｮｳ","town_name":"大学町","zip_code":"7510831"},{"prefecture_jis_code":"35","city_jis_code":"35201","town_name_kana":"ﾀﾞﾝﾉｳﾗﾁｮｳ","town_name":"壇之浦町","zip_code":"7510814"},{"prefecture_jis_code":"35","city_jis_code":"35201","town_name_kana":"ﾁｭｳｵｳﾁｮｳ","town_name":"中央町","zip_code":"7500042"},{"prefecture_jis_code":"35","city_jis_code":"35201","town_name_kana":"ﾁｮｳﾌｱﾝﾖｳｼﾞ","town_name":"長府安養寺","zip_code":"7520962"},{"prefecture_jis_code":"35","city_jis_code":"35201","town_name_kana":"ﾁｮｳﾌｲﾝﾅｲﾁｮｳ","town_name":"長府印内町","zip_code":"7520957"},{"prefecture_jis_code":"35","city_jis_code":"35201","town_name_kana":"ﾁｮｳﾌｴｹﾞﾏﾁ","town_name":"長府江下町","zip_code":"7520952"},{"prefecture_jis_code":"35","city_jis_code":"35201","town_name_kana":"ﾁｮｳﾌｵｳｻｶﾁｮｳ","town_name":"長府逢坂町","zip_code":"7520971"},{"prefecture_jis_code":"35","city_jis_code":"35201","town_name_kana":"ﾁｮｳﾌｵｵｷﾞﾏﾁ","town_name":"長府扇町","zip_code":"7520927"},{"prefecture_jis_code":"35","city_jis_code":"35201","town_name_kana":"ﾁｮｳﾌｶﾅﾔﾁｮｳ","town_name":"長府金屋町","zip_code":"7520959"},{"prefecture_jis_code":"35","city_jis_code":"35201","town_name_kana":"ﾁｮｳﾌｶﾅﾔﾊﾏﾁｮｳ","town_name":"長府金屋浜町","zip_code":"7520958"},{"prefecture_jis_code":"35","city_jis_code":"35201","town_name_kana":"ﾁｮｳﾌｶﾒﾉｺｳ","town_name":"長府亀の甲","zip_code":"7520966"},{"prefecture_jis_code":"35","city_jis_code":"35201","town_name_kana":"ﾁｮｳﾌｶﾜﾊﾞﾀ","town_name":"長府川端","zip_code":"7520979"},{"prefecture_jis_code":"35","city_jis_code":"35201","town_name_kana":"ﾁｮｳﾌｸﾛﾓﾝﾁｮｳ","town_name":"長府黒門町","zip_code":"7520980"},{"prefecture_jis_code":"35","city_jis_code":"35201","town_name_kana":"ﾁｮｳﾌｸﾛﾓﾝﾋｶﾞｼﾏﾁ","town_name":"長府黒門東町","zip_code":"7520986"},{"prefecture_jis_code":"35","city_jis_code":"35201","town_name_kana":"ﾁｮｳﾌｸﾛﾓﾝﾐﾅﾐﾏﾁ","town_name":"長府黒門南町","zip_code":"7520989"},{"prefecture_jis_code":"35","city_jis_code":"35201","town_name_kana":"ﾁｮｳﾌｺｼﾞｮｳﾁｮｳ","town_name":"長府古城町","zip_code":"7520954"},{"prefecture_jis_code":"35","city_jis_code":"35201","town_name_kana":"ﾁｮｳﾌｺﾝﾔﾁｮｳ","town_name":"長府紺屋町","zip_code":"7520968"},{"prefecture_jis_code":"35","city_jis_code":"35201","town_name_kana":"ﾁｮｳﾌｻｲｶﾞﾜ","town_name":"長府才川","zip_code":"7520928"},{"prefecture_jis_code":"35","city_jis_code":"35201","town_name_kana":"ﾁｮｳﾌｻﾑﾗｲﾏﾁ","town_name":"長府侍町","zip_code":"7520978"},{"prefecture_jis_code":"35","city_jis_code":"35201","town_name_kana":"ﾁｮｳﾌｼｵｳｼﾞﾁｮｳ","town_name":"長府四王司町","zip_code":"7520942"},{"prefecture_jis_code":"35","city_jis_code":"35201","town_name_kana":"ﾁｮｳﾌｼﾝｼｵｳｼﾞﾁｮｳ","town_name":"長府新四王司町","zip_code":"7520941"},{"prefecture_jis_code":"35","city_jis_code":"35201","town_name_kana":"ﾁｮｳﾌｼﾝﾏﾂﾊﾞﾗﾁｮｳ","town_name":"長府新松原町","zip_code":"7520982"},{"prefecture_jis_code":"35","city_jis_code":"35201","town_name_kana":"ﾁｮｳﾌｿｳｼｬﾏﾁ","town_name":"長府惣社町","zip_code":"7520970"},{"prefecture_jis_code":"35","city_jis_code":"35201","town_name_kana":"ﾁｮｳﾌｿﾄｳﾗﾁｮｳ","town_name":"長府外浦町","zip_code":"7520985"},{"prefecture_jis_code":"35","city_jis_code":"35201","town_name_kana":"ﾁｮｳﾌﾀｶﾊﾞﾁｮｳ","town_name":"長府高場町","zip_code":"7520994"},{"prefecture_jis_code":"35","city_jis_code":"35201","town_name_kana":"ﾁｮｳﾌﾀﾏﾉｳﾗﾁｮｳ","town_name":"長府珠の浦町","zip_code":"7520961"},{"prefecture_jis_code":"35","city_jis_code":"35201","town_name_kana":"ﾁｮｳﾌﾄﾖﾗﾁｮｳ","town_name":"長府豊浦町","zip_code":"7520945"},{"prefecture_jis_code":"35","city_jis_code":"35201","town_name_kana":"ﾁｮｳﾌﾄﾞｲﾉｳﾁﾁｮｳ","town_name":"長府土居の内町","zip_code":"7520974"},{"prefecture_jis_code":"35","city_jis_code":"35201","town_name_kana":"ﾁｮｳﾌﾅｶｵﾁｮｳ","town_name":"長府中尾町","zip_code":"7520946"},{"prefecture_jis_code":"35","city_jis_code":"35201","town_name_kana":"ﾁｮｳﾌﾅｶﾄﾞｲｷﾀﾏﾁ","town_name":"長府中土居北町","zip_code":"7520963"},{"prefecture_jis_code":"35","city_jis_code":"35201","town_name_kana":"ﾁｮｳﾌﾅｶﾄﾞｲﾎﾝﾏﾁ","town_name":"長府中土居本町","zip_code":"7520964"},{"prefecture_jis_code":"35","city_jis_code":"35201","town_name_kana":"ﾁｮｳﾌﾅｶﾉﾁｮｳ","town_name":"長府中之町","zip_code":"7520973"},{"prefecture_jis_code":"35","city_jis_code":"35201","town_name_kana":"ﾁｮｳﾌﾅｶﾊﾏﾁｮｳ","town_name":"長府中浜町","zip_code":"7520975"},{"prefecture_jis_code":"35","city_jis_code":"35201","town_name_kana":"ﾁｮｳﾌﾅｶﾛｯﾊﾟﾁｮｳ","town_name":"長府中六波町","zip_code":"7520944"},{"prefecture_jis_code":"35","city_jis_code":"35201","town_name_kana":"ﾁｮｳﾌﾉｸﾞﾙﾒﾁｮｳ","town_name":"長府野久留米町","zip_code":"7520992"},{"prefecture_jis_code":"35","city_jis_code":"35201","town_name_kana":"ﾁｮｳﾌﾊｺﾞﾛﾓﾁｮｳ","town_name":"長府羽衣町","zip_code":"7520987"},{"prefecture_jis_code":"35","city_jis_code":"35201","town_name_kana":"ﾁｮｳﾌﾊｺﾞﾛﾓﾐﾅﾐﾏﾁ","town_name":"長府羽衣南町","zip_code":"7520988"},{"prefecture_jis_code":"35","city_jis_code":"35201","town_name_kana":"ﾁｮｳﾌﾊﾏｳﾗﾁｮｳ","town_name":"長府浜浦町","zip_code":"7520993"},{"prefecture_jis_code":"35","city_jis_code":"35201","town_name_kana":"ﾁｮｳﾌﾊﾏｳﾗﾆｼﾏﾁ","town_name":"長府浜浦西町","zip_code":"7520998"},{"prefecture_jis_code":"35","city_jis_code":"35201","town_name_kana":"ﾁｮｳﾌﾊﾏｳﾗﾐﾅﾐﾏﾁ","town_name":"長府浜浦南町","zip_code":"7520995"},{"prefecture_jis_code":"35","city_jis_code":"35201","town_name_kana":"ﾁｮｳﾌﾋｶﾞｼｻﾑﾗｲﾏﾁ","town_name":"長府東侍町","zip_code":"7520977"},{"prefecture_jis_code":"35","city_jis_code":"35201","town_name_kana":"ﾁｮｳﾌﾋﾉﾃﾞﾁｮｳ","town_name":"長府日の出町","zip_code":"7520951"},{"prefecture_jis_code":"35","city_jis_code":"35201","town_name_kana":"ﾁｮｳﾌﾌﾙｴｼｮｳｼﾞﾁｮｳ","town_name":"長府古江小路町","zip_code":"7520972"},{"prefecture_jis_code":"35","city_jis_code":"35201","town_name_kana":"ﾁｮｳﾌﾎｳｼﾞｮｳﾁｮｳ","town_name":"長府豊城町","zip_code":"7520943"},{"prefecture_jis_code":"35","city_jis_code":"35201","town_name_kana":"ﾁｮｳﾌﾏｴﾔﾊﾀﾁｮｳ","town_name":"長府前八幡町","zip_code":"7520956"},{"prefecture_jis_code":"35","city_jis_code":"35201","town_name_kana":"ﾁｮｳﾌﾏﾂｵﾀﾞｷﾀﾏﾁ","town_name":"長府松小田北町","zip_code":"7520932"},{"prefecture_jis_code":"35","city_jis_code":"35201","town_name_kana":"ﾁｮｳﾌﾏﾂｵﾀﾞﾅｶﾏﾁ","town_name":"長府松小田中町","zip_code":"7520935"},{"prefecture_jis_code":"35","city_jis_code":"35201","town_name_kana":"ﾁｮｳﾌﾏﾂｵﾀﾞﾆｼﾏﾁ","town_name":"長府松小田西町","zip_code":"7520937"},{"prefecture_jis_code":"35","city_jis_code":"35201","town_name_kana":"ﾁｮｳﾌﾏﾂｵﾀﾞﾋｶﾞｼﾏﾁ","town_name":"長府松小田東町","zip_code":"7520934"},{"prefecture_jis_code":"35","city_jis_code":"35201","town_name_kana":"ﾁｮｳﾌﾏﾂｵﾀﾞﾎﾝﾏﾁ","town_name":"長府松小田本町","zip_code":"7520933"},{"prefecture_jis_code":"35","city_jis_code":"35201","town_name_kana":"ﾁｮｳﾌﾏﾂｵﾀﾞﾐﾅﾐﾏﾁ","town_name":"長府松小田南町","zip_code":"7520936"},{"prefecture_jis_code":"35","city_jis_code":"35201","town_name_kana":"ﾁｮｳﾌﾏﾂﾊﾞﾗﾁｮｳ","town_name":"長府松原町","zip_code":"7520983"},{"prefecture_jis_code":"35","city_jis_code":"35201","town_name_kana":"ﾁｮｳﾌﾏﾝｼﾞｭｼﾝﾏﾁ","town_name":"長府満珠新町","zip_code":"7520948"},{"prefecture_jis_code":"35","city_jis_code":"35201","town_name_kana":"ﾁｮｳﾌﾏﾝｼﾞｭﾁｮｳ","town_name":"長府満珠町","zip_code":"7520947"},{"prefecture_jis_code":"35","city_jis_code":"35201","town_name_kana":"ﾁｮｳﾌﾐｼﾏﾁｮｳ","town_name":"長府三島町","zip_code":"7520965"},{"prefecture_jis_code":"35","city_jis_code":"35201","town_name_kana":"ﾁｮｳﾌﾐﾅﾄﾏﾁ","town_name":"長府港町","zip_code":"7520953"},{"prefecture_jis_code":"35","city_jis_code":"35201","town_name_kana":"ﾁｮｳﾌﾐﾅﾐﾉﾁｮｳ","town_name":"長府南之町","zip_code":"7520976"},{"prefecture_jis_code":"35","city_jis_code":"35201","town_name_kana":"ﾁｮｳﾌﾐﾔｻﾞｷﾁｮｳ","town_name":"長府宮崎町","zip_code":"7520984"},{"prefecture_jis_code":"35","city_jis_code":"35201","town_name_kana":"ﾁｮｳﾌﾐﾔﾉｳﾁﾁｮｳ","town_name":"長府宮の内町","zip_code":"7520967"},{"prefecture_jis_code":"35","city_jis_code":"35201","town_name_kana":"ﾁｮｳﾌﾑｶｲﾀﾞﾁｮｳ","town_name":"長府向田町","zip_code":"7520996"},{"prefecture_jis_code":"35","city_jis_code":"35201","town_name_kana":"ﾁｮｳﾌﾔﾊﾀﾁｮｳ","town_name":"長府八幡町","zip_code":"7520955"},{"prefecture_jis_code":"35","city_jis_code":"35201","town_name_kana":"ﾁﾄﾞﾘｶﾞｵｶﾁｮｳ","town_name":"千鳥ケ丘町","zip_code":"7520922"},{"prefecture_jis_code":"35","city_jis_code":"35201","town_name_kana":"ﾁﾄﾞﾘﾊﾏﾁｮｳ","town_name":"千鳥浜町","zip_code":"7520914"},{"prefecture_jis_code":"35","city_jis_code":"35201","town_name_kana":"ﾄﾐﾄｳﾁｮｳ","town_name":"富任町","zip_code":"7596613"},{"prefecture_jis_code":"35","city_jis_code":"35201","town_name_kana":"ﾄﾖｳﾗﾁｮｳｱﾂﾓｺﾞｳ","town_name":"豊浦町厚母郷","zip_code":"7596314"},{"prefecture_jis_code":"35","city_jis_code":"35201","town_name_kana":"ﾄﾖｳﾗﾁｮｳｳｶ","town_name":"豊浦町宇賀","zip_code":"7596303"},{"prefecture_jis_code":"35","city_jis_code":"35201","town_name_kana":"ﾄﾖｳﾗﾁｮｳｶﾜﾀﾅ","town_name":"豊浦町川棚","zip_code":"7596301"},{"prefecture_jis_code":"35","city_jis_code":"35201","town_name_kana":"ﾄﾖｳﾗﾁｮｳｸﾛｲ","town_name":"豊浦町黒井","zip_code":"7596312"},{"prefecture_jis_code":"35","city_jis_code":"35201","town_name_kana":"ﾄﾖｳﾗﾁｮｳｺｸﾞｼ","town_name":"豊浦町小串","zip_code":"7596302"},{"prefecture_jis_code":"35","city_jis_code":"35201","town_name_kana":"ﾄﾖｳﾗﾁｮｳﾎｳﾖｳﾀﾞｲ","town_name":"豊浦町豊洋台","zip_code":"7596313"},{"prefecture_jis_code":"35","city_jis_code":"35201","town_name_kana":"ﾄﾖｳﾗﾁｮｳﾎｳﾖｳﾀﾞｲｼﾝﾏﾁ","town_name":"豊浦町豊洋台新町","zip_code":"7596313"},{"prefecture_jis_code":"35","city_jis_code":"35201","town_name_kana":"ﾄﾖｳﾗﾁｮｳﾑﾛﾂｶﾐ","town_name":"豊浦町室津上","zip_code":"7596315"},{"prefecture_jis_code":"35","city_jis_code":"35201","town_name_kana":"ﾄﾖｳﾗﾁｮｳﾑﾛﾂｼﾓ","town_name":"豊浦町室津下","zip_code":"7596316"},{"prefecture_jis_code":"35","city_jis_code":"35201","town_name_kana":"ﾄﾖｳﾗﾁｮｳﾖｼﾅｶﾞ","town_name":"豊浦町吉永","zip_code":"7596311"},{"prefecture_jis_code":"35","city_jis_code":"35201","town_name_kana":"ﾄﾖｳﾗﾁｮｳﾜｲﾀｳｼﾛｼﾞ","town_name":"豊浦町涌田後地","zip_code":"7596317"},{"prefecture_jis_code":"35","city_jis_code":"35201","town_name_kana":"ﾄﾖｳﾗﾑﾗ","town_name":"豊浦村","zip_code":"7520981"},{"prefecture_jis_code":"35","city_jis_code":"35201","town_name_kana":"ﾄﾖﾀﾁｮｳｱｻﾞｶﾐ","town_name":"豊田町阿座上","zip_code":"7500451"},{"prefecture_jis_code":"35","city_jis_code":"35201","town_name_kana":"ﾄﾖﾀﾁｮｳｱﾗｷ","town_name":"豊田町荒木","zip_code":"7500404"},{"prefecture_jis_code":"35","city_jis_code":"35201","town_name_kana":"ﾄﾖﾀﾁｮｳｲﾁﾉﾏﾀ","town_name":"豊田町一ノ俣","zip_code":"7500403"},{"prefecture_jis_code":"35","city_jis_code":"35201","town_name_kana":"ﾄﾖﾀﾁｮｳｲﾅﾐ","town_name":"豊田町稲見","zip_code":"7500412"},{"prefecture_jis_code":"35","city_jis_code":"35201","town_name_kana":"ﾄﾖﾀﾁｮｳｲﾅﾐﾂ","town_name":"豊田町稲光","zip_code":"7500442"},{"prefecture_jis_code":"35","city_jis_code":"35201","town_name_kana":"ﾄﾖﾀﾁｮｳｲﾏﾃﾞ","town_name":"豊田町今出","zip_code":"7500431"},{"prefecture_jis_code":"35","city_jis_code":"35201","town_name_kana":"ﾄﾖﾀﾁｮｳｳｷｲｼ","town_name":"豊田町浮石","zip_code":"7500415"},{"prefecture_jis_code":"35","city_jis_code":"35201","town_name_kana":"ﾄﾖﾀﾁｮｳｳﾅｲ","town_name":"豊田町宇内","zip_code":"7500411"},{"prefecture_jis_code":"35","city_jis_code":"35201","town_name_kana":"ﾄﾖﾀﾁｮｳｴﾗ","town_name":"豊田町江良","zip_code":"7500452"},{"prefecture_jis_code":"35","city_jis_code":"35201","town_name_kana":"ﾄﾖﾀﾁｮｳｵｵｶﾜﾁ","town_name":"豊田町大河内","zip_code":"7500433"},{"prefecture_jis_code":"35","city_jis_code":"35201","town_name_kana":"ﾄﾖﾀﾁｮｳｷﾄﾞ","town_name":"豊田町城戸","zip_code":"7500455"},{"prefecture_jis_code":"35","city_jis_code":"35201","town_name_kana":"ﾄﾖﾀﾁｮｳｷﾝﾄﾞｳ","town_name":"豊田町金道","zip_code":"7500413"},{"prefecture_jis_code":"35","city_jis_code":"35201","town_name_kana":"ﾄﾖﾀﾁｮｳｻﾉ","town_name":"豊田町佐野","zip_code":"7500402"},{"prefecture_jis_code":"35","city_jis_code":"35201","town_name_kana":"ﾄﾖﾀﾁｮｳｼﾞﾖｼ","town_name":"豊田町地吉","zip_code":"7500432"},{"prefecture_jis_code":"35","city_jis_code":"35201","town_name_kana":"ﾄﾖﾀﾁｮｳﾀｶﾉｺ","town_name":"豊田町鷹子","zip_code":"7500416"},{"prefecture_jis_code":"35","city_jis_code":"35201","town_name_kana":"ﾄﾖﾀﾁｮｳﾀｶﾔﾏ","town_name":"豊田町高山","zip_code":"7500446"},{"prefecture_jis_code":"35","city_jis_code":"35201","town_name_kana":"ﾄﾖﾀﾁｮｳﾀﾗｲ","town_name":"豊田町手洗","zip_code":"7500453"},{"prefecture_jis_code":"35","city_jis_code":"35201","town_name_kana":"ﾄﾖﾀﾁｮｳﾄﾉｲ","town_name":"豊田町殿居","zip_code":"7500401"},{"prefecture_jis_code":"35","city_jis_code":"35201","town_name_kana":"ﾄﾖﾀﾁｮｳﾄﾉｼｷ","town_name":"豊田町殿敷","zip_code":"7500421"},{"prefecture_jis_code":"35","city_jis_code":"35201","town_name_kana":"ﾄﾖﾀﾁｮｳﾅｶﾑﾗ","town_name":"豊田町中村","zip_code":"7500441"},{"prefecture_jis_code":"35","city_jis_code":"35201","town_name_kana":"ﾄﾖﾀﾁｮｳﾅﾗﾜﾗ","town_name":"豊田町楢原","zip_code":"7500422"},{"prefecture_jis_code":"35","city_jis_code":"35201","town_name_kana":"ﾄﾖﾀﾁｮｳﾆｼｲﾁ","town_name":"豊田町西市","zip_code":"7500423"},{"prefecture_jis_code":"35","city_jis_code":"35201","town_name_kana":"ﾄﾖﾀﾁｮｳﾆｼﾅｶﾞﾉ","town_name":"豊田町西長野","zip_code":"7500454"},{"prefecture_jis_code":"35","city_jis_code":"35201","town_name_kana":"ﾄﾖﾀﾁｮｳﾆﾜﾀ","town_name":"豊田町庭田","zip_code":"7500425"},{"prefecture_jis_code":"35","city_jis_code":"35201","town_name_kana":"ﾄﾖﾀﾁｮｳﾊｷﾞﾜﾗ","town_name":"豊田町萩原","zip_code":"7500444"},{"prefecture_jis_code":"35","city_jis_code":"35201","town_name_kana":"ﾄﾖﾀﾁｮｳﾋｶﾞｼﾅｶﾞﾉ","town_name":"豊田町東長野","zip_code":"7500445"},{"prefecture_jis_code":"35","city_jis_code":"35201","town_name_kana":"ﾄﾖﾀﾁｮｳﾋﾉ","town_name":"豊田町日野","zip_code":"7500443"},{"prefecture_jis_code":"35","city_jis_code":"35201","town_name_kana":"ﾄﾖﾀﾁｮｳﾑｸﾛｳｼﾞ","town_name":"豊田町杢路子","zip_code":"7500405"},{"prefecture_jis_code":"35","city_jis_code":"35201","town_name_kana":"ﾄﾖﾀﾁｮｳﾔｼﾞ","town_name":"豊田町八道","zip_code":"7500414"},{"prefecture_jis_code":"35","city_jis_code":"35201","town_name_kana":"ﾄﾖﾀﾁｮｳﾔﾀ","town_name":"豊田町矢田","zip_code":"7500424"},{"prefecture_jis_code":"35","city_jis_code":"35201","town_name_kana":"ﾅｶﾉﾁｮｳ","town_name":"中之町","zip_code":"7500004"},{"prefecture_jis_code":"35","city_jis_code":"35201","town_name_kana":"ﾅｶﾞｻｷｼﾝﾏﾁ","town_name":"長崎新町","zip_code":"7500023"},{"prefecture_jis_code":"35","city_jis_code":"35201","town_name_kana":"ﾅｶﾞｻｷﾁｭｳｵｳﾁｮｳ","town_name":"長崎中央町","zip_code":"7500021"},{"prefecture_jis_code":"35","city_jis_code":"35201","town_name_kana":"ﾅｶﾞｻｷﾁｮｳ","town_name":"長崎町","zip_code":"7500029"},{"prefecture_jis_code":"35","city_jis_code":"35201","town_name_kana":"ﾅｶﾞｻｷﾎﾝﾏﾁ","town_name":"長崎本町","zip_code":"7500028"},{"prefecture_jis_code":"35","city_jis_code":"35201","town_name_kana":"ﾅｶﾞﾀｺﾞｳ","town_name":"永田郷","zip_code":"7596534"},{"prefecture_jis_code":"35","city_jis_code":"35201","town_name_kana":"ﾅｶﾞﾀﾎﾝﾏﾁ","town_name":"永田本町","zip_code":"7596533"},{"prefecture_jis_code":"35","city_jis_code":"35201","town_name_kana":"ﾅｶﾞﾄﾏﾁ","town_name":"長門町","zip_code":"7500026"},{"prefecture_jis_code":"35","city_jis_code":"35201","town_name_kana":"ﾅﾍﾞﾁｮｳ","town_name":"南部町","zip_code":"7500006"},{"prefecture_jis_code":"35","city_jis_code":"35201","town_name_kana":"ﾆｼｲﾘｴﾁｮｳ","town_name":"西入江町","zip_code":"7500015"},{"prefecture_jis_code":"35","city_jis_code":"35201","town_name_kana":"ﾆｼｵｵﾂﾎﾞﾁｮｳ","town_name":"西大坪町","zip_code":"7500054"},{"prefecture_jis_code":"35","city_jis_code":"35201","town_name_kana":"ﾆｼｶﾝﾀﾞﾁｮｳ","town_name":"西神田町","zip_code":"7500034"},{"prefecture_jis_code":"35","city_jis_code":"35201","town_name_kana":"ﾆｼｶﾝﾉﾝﾁｮｳ","town_name":"西観音町","zip_code":"7520905"},{"prefecture_jis_code":"35","city_jis_code":"35201","town_name_kana":"ﾉｷﾞﾊﾏ","town_name":"乃木浜","zip_code":"7520913"},{"prefecture_jis_code":"35","city_jis_code":"35201","town_name_kana":"ﾉﾌﾞﾕｷ","town_name":"延行","zip_code":"7510867"},{"prefecture_jis_code":"35","city_jis_code":"35201","town_name_kana":"ﾊﾀﾌﾞｼﾝﾏﾁ","town_name":"幡生新町","zip_code":"7510830"},{"prefecture_jis_code":"35","city_jis_code":"35201","town_name_kana":"ﾊﾀﾌﾞﾁｮｳ","town_name":"幡生町","zip_code":"7510828"},{"prefecture_jis_code":"35","city_jis_code":"35201","town_name_kana":"ﾊﾀﾌﾞﾎﾝﾏﾁ","town_name":"幡生本町","zip_code":"7510827"},{"prefecture_jis_code":"35","city_jis_code":"35201","town_name_kana":"ﾊﾀﾌﾞﾐﾔﾉｼﾀﾁｮｳ","town_name":"幡生宮の下町","zip_code":"7510829"},{"prefecture_jis_code":"35","city_jis_code":"35201","town_name_kana":"ﾊﾅﾉﾁｮｳ","town_name":"岬之町","zip_code":"7500014"},{"prefecture_jis_code":"35","city_jis_code":"35201","town_name_kana":"ﾊﾔﾏﾁｮｳ","town_name":"羽山町","zip_code":"7500046"},{"prefecture_jis_code":"35","city_jis_code":"35201","town_name_kana":"ﾋｴﾀﾞｷﾀﾏﾁ","town_name":"稗田北町","zip_code":"7510857"},{"prefecture_jis_code":"35","city_jis_code":"35201","town_name_kana":"ﾋｴﾀﾞﾁｮｳ","town_name":"稗田町","zip_code":"7510858"},{"prefecture_jis_code":"35","city_jis_code":"35201","town_name_kana":"ﾋｴﾀﾞﾅｶﾏﾁ","town_name":"稗田中町","zip_code":"7510856"},{"prefecture_jis_code":"35","city_jis_code":"35201","town_name_kana":"ﾋｴﾀﾞﾆｼﾏﾁ","town_name":"稗田西町","zip_code":"7510855"},{"prefecture_jis_code":"35","city_jis_code":"35201","town_name_kana":"ﾋｴﾀﾞﾐﾅﾐﾏﾁ","town_name":"稗田南町","zip_code":"7510854"},{"prefecture_jis_code":"35","city_jis_code":"35201","town_name_kana":"ﾋｶﾞｼｶﾝﾀﾞﾁｮｳ","town_name":"東神田町","zip_code":"7500043"},{"prefecture_jis_code":"35","city_jis_code":"35201","town_name_kana":"ﾋｶﾞｼｶﾝﾉﾝﾁｮｳ","town_name":"東観音町","zip_code":"7520906"},{"prefecture_jis_code":"35","city_jis_code":"35201","town_name_kana":"ﾋｶﾞｼｼｮｳﾔ","town_name":"東勝谷","zip_code":"7510879"},{"prefecture_jis_code":"35","city_jis_code":"35201","town_name_kana":"ﾋｶﾞｼﾑｶｲﾔﾏﾁｮｳ","town_name":"東向山町","zip_code":"7500048"},{"prefecture_jis_code":"35","city_jis_code":"35201","town_name_kana":"ﾋｶﾞｼﾔﾏﾄﾏﾁ","town_name":"東大和町","zip_code":"7500066"},{"prefecture_jis_code":"35","city_jis_code":"35201","town_name_kana":"ﾋｺｼﾏｱﾏﾉｺﾞｳﾁｮｳ","town_name":"彦島海士郷町","zip_code":"7500071"},{"prefecture_jis_code":"35","city_jis_code":"35201","town_name_kana":"ﾋｺｼﾏｴﾉｳﾗﾁｮｳ","town_name":"彦島江の浦町","zip_code":"7500075"},{"prefecture_jis_code":"35","city_jis_code":"35201","town_name_kana":"ﾋｺｼﾏｵｲﾉﾔﾏｺｳｴﾝ","town_name":"彦島老の山公園","zip_code":"7500073"},{"prefecture_jis_code":"35","city_jis_code":"35201","town_name_kana":"ﾋｺｼﾏｵｲﾏﾁ","town_name":"彦島老町","zip_code":"7500072"},{"prefecture_jis_code":"35","city_jis_code":"35201","town_name_kana":"ﾋｺｼﾏｻｸﾗｶﾞｵｶﾁｮｳ","town_name":"彦島桜ケ丘町","zip_code":"7500083"},{"prefecture_jis_code":"35","city_jis_code":"35201","town_name_kana":"ﾋｺｼﾏｻｺﾏﾁ","town_name":"彦島迫町","zip_code":"7500092"},{"prefecture_jis_code":"35","city_jis_code":"35201","town_name_kana":"ﾋｺｼﾏｼｵﾊﾏﾁｮｳ","town_name":"彦島塩浜町","zip_code":"7500086"},{"prefecture_jis_code":"35","city_jis_code":"35201","town_name_kana":"ﾋｺｼﾏｽｷﾞﾀﾁｮｳ","town_name":"彦島杉田町","zip_code":"7500078"},{"prefecture_jis_code":"35","city_jis_code":"35201","town_name_kana":"ﾋｺｼﾏｽﾏｸﾗﾁｮｳ","town_name":"彦島角倉町","zip_code":"7500081"},{"prefecture_jis_code":"35","city_jis_code":"35201","town_name_kana":"ﾋｺｼﾏﾀｹﾉｺｼﾞﾏﾁｮｳ","town_name":"彦島竹ノ子島町","zip_code":"7500094"},{"prefecture_jis_code":"35","city_jis_code":"35201","town_name_kana":"ﾋｺｼﾏﾀﾉｸﾋﾞﾁｮｳ","town_name":"彦島田の首町","zip_code":"7500085"},{"prefecture_jis_code":"35","city_jis_code":"35201","town_name_kana":"ﾋｺｼﾏﾃﾞｼﾏﾂﾁｮｳ","town_name":"彦島弟子待町","zip_code":"7500076"},{"prefecture_jis_code":"35","city_jis_code":"35201","town_name_kana":"ﾋｺｼﾏﾃﾞｼﾏﾂﾋｶﾞｼﾏﾁ","town_name":"彦島弟子待東町","zip_code":"7500077"},{"prefecture_jis_code":"35","city_jis_code":"35201","town_name_kana":"ﾋｺｼﾏﾆｼﾔﾏﾁｮｳ","town_name":"彦島西山町","zip_code":"7500093"},{"prefecture_jis_code":"35","city_jis_code":"35201","town_name_kana":"ﾋｺｼﾏﾌｸｳﾗﾁｮｳ","town_name":"彦島福浦町","zip_code":"7500087"},{"prefecture_jis_code":"35","city_jis_code":"35201","town_name_kana":"ﾋｺｼﾏﾎﾝﾑﾗﾁｮｳ","town_name":"彦島本村町","zip_code":"7500074"},{"prefecture_jis_code":"35","city_jis_code":"35201","town_name_kana":"ﾋｺｼﾏﾐﾄﾞﾘﾁｮｳ","town_name":"彦島緑町","zip_code":"7500091"},{"prefecture_jis_code":"35","city_jis_code":"35201","town_name_kana":"ﾋｺｼﾏﾑｶｲﾁｮｳ","town_name":"彦島向井町","zip_code":"7500084"},{"prefecture_jis_code":"35","city_jis_code":"35201","town_name_kana":"ﾋｺｼﾏﾔﾏﾅｶﾁｮｳ","town_name":"彦島山中町","zip_code":"7500082"},{"prefecture_jis_code":"35","city_jis_code":"35201","town_name_kana":"ﾌｸｴ","town_name":"福江","zip_code":"7596601"},{"prefecture_jis_code":"35","city_jis_code":"35201","town_name_kana":"ﾌｼﾞｶﾞﾀﾆﾁｮｳ","town_name":"藤ケ谷町","zip_code":"7510811"},{"prefecture_jis_code":"35","city_jis_code":"35201","town_name_kana":"ﾌｼﾞﾂｸﾁｮｳ","town_name":"藤附町","zip_code":"7500052"},{"prefecture_jis_code":"35","city_jis_code":"35201","town_name_kana":"ﾌﾀｵｲｼﾞﾏ","town_name":"蓋井島","zip_code":"7596542"},{"prefecture_jis_code":"35","city_jis_code":"35201","town_name_kana":"ﾌﾙﾔﾁｮｳ","town_name":"古屋町","zip_code":"7510847"},{"prefecture_jis_code":"35","city_jis_code":"35201","town_name_kana":"ﾌﾞｾﾞﾝﾀﾞﾁｮｳ","town_name":"豊前田町","zip_code":"7500018"},{"prefecture_jis_code":"35","city_jis_code":"35201","town_name_kana":"ﾎｳﾎｸﾁｮｳｱｶﾞﾜ","town_name":"豊北町阿川","zip_code":"7595241"},{"prefecture_jis_code":"35","city_jis_code":"35201","town_name_kana":"ﾎｳﾎｸﾁｮｳｱﾜﾉ","town_name":"豊北町粟野","zip_code":"7595101"},{"prefecture_jis_code":"35","city_jis_code":"35201","town_name_kana":"ﾎｳﾎｸﾁｮｳｶﾝﾀﾞ","town_name":"豊北町神田","zip_code":"7595331"},{"prefecture_jis_code":"35","city_jis_code":"35201","town_name_kana":"ﾎｳﾎｸﾁｮｳｶﾝﾀﾞｶﾐ","town_name":"豊北町神田上","zip_code":"7595513"},{"prefecture_jis_code":"35","city_jis_code":"35201","town_name_kana":"ﾎｳﾎｸﾁｮｳｷﾀｳｶ","town_name":"豊北町北宇賀","zip_code":"7595513"},{"prefecture_jis_code":"35","city_jis_code":"35201","town_name_kana":"ﾎｳﾎｸﾁｮｳﾀｷﾍﾞ","town_name":"豊北町滝部","zip_code":"7595511"},{"prefecture_jis_code":"35","city_jis_code":"35201","town_name_kana":"ﾎｳﾎｸﾁｮｳﾀｽｷ","town_name":"豊北町田耕","zip_code":"7595512"},{"prefecture_jis_code":"35","city_jis_code":"35201","town_name_kana":"ﾎｳﾎｸﾁｮｳﾂﾉｼﾏ","town_name":"豊北町角島","zip_code":"7595332"},{"prefecture_jis_code":"35","city_jis_code":"35201","town_name_kana":"ﾎｳﾎｸﾁｮｳﾔﾀﾏ","town_name":"豊北町矢玉","zip_code":"7596122"},{"prefecture_jis_code":"35","city_jis_code":"35201","town_name_kana":"ﾎｿｴｼﾝﾏﾁ","town_name":"細江新町","zip_code":"7500017"},{"prefecture_jis_code":"35","city_jis_code":"35201","town_name_kana":"ﾎｿｴﾁｮｳ","town_name":"細江町","zip_code":"7500016"},{"prefecture_jis_code":"35","city_jis_code":"35201","town_name_kana":"ﾎﾝﾏﾁ","town_name":"本町","zip_code":"7510815"},{"prefecture_jis_code":"35","city_jis_code":"35201","town_name_kana":"ﾏｴｼｮｳﾔﾁｮｳ","town_name":"前勝谷町","zip_code":"7510803"},{"prefecture_jis_code":"35","city_jis_code":"35201","town_name_kana":"ﾏｴﾀﾞ","town_name":"前田","zip_code":"7520997"},{"prefecture_jis_code":"35","city_jis_code":"35201","town_name_kana":"ﾏﾂｵﾀﾞ","town_name":"松小田","zip_code":"7520931"},{"prefecture_jis_code":"35","city_jis_code":"35201","town_name_kana":"ﾏﾂﾔ","town_name":"松屋","zip_code":"7501121"},{"prefecture_jis_code":"35","city_jis_code":"35201","town_name_kana":"ﾏﾂﾔｶﾐﾏﾁ","town_name":"松屋上町","zip_code":"7501122"},{"prefecture_jis_code":"35","city_jis_code":"35201","town_name_kana":"ﾏﾂﾔﾋｶﾞｼﾏﾁ","town_name":"松屋東町","zip_code":"7501123"},{"prefecture_jis_code":"35","city_jis_code":"35201","town_name_kana":"ﾏﾂﾔﾎﾝﾏﾁ","town_name":"松屋本町","zip_code":"7501124"},{"prefecture_jis_code":"35","city_jis_code":"35201","town_name_kana":"ﾏﾙﾔﾏﾁｮｳ","town_name":"丸山町","zip_code":"7500019"},{"prefecture_jis_code":"35","city_jis_code":"35201","town_name_kana":"ﾐｶﾜﾁｮｳ","town_name":"三河町","zip_code":"7510821"},{"prefecture_jis_code":"35","city_jis_code":"35201","town_name_kana":"ﾐﾅﾐｵｵﾂﾎﾞﾁｮｳ","town_name":"南大坪町","zip_code":"7500055"},{"prefecture_jis_code":"35","city_jis_code":"35201","town_name_kana":"ﾐﾓｽｿｶﾞﾜﾁｮｳ","town_name":"みもすそ川町","zip_code":"7510813"},{"prefecture_jis_code":"35","city_jis_code":"35201","town_name_kana":"ﾐﾔﾀﾞﾏﾁ","town_name":"宮田町","zip_code":"7500002"},{"prefecture_jis_code":"35","city_jis_code":"35201","town_name_kana":"ﾑｶｲﾔﾏﾁｮｳ","town_name":"向山町","zip_code":"7500047"},{"prefecture_jis_code":"35","city_jis_code":"35201","town_name_kana":"ﾑｸﾉｶﾐﾏﾁ","town_name":"椋野上町","zip_code":"7510812"},{"prefecture_jis_code":"35","city_jis_code":"35201","town_name_kana":"ﾑｸﾉﾁｮｳ","town_name":"椋野町","zip_code":"7510816"},{"prefecture_jis_code":"35","city_jis_code":"35201","town_name_kana":"ﾑﾂﾚｼﾞﾏ","town_name":"六連島","zip_code":"7500095"},{"prefecture_jis_code":"35","city_jis_code":"35201","town_name_kana":"ﾒｲﾁﾁｮｳ","town_name":"名池町","zip_code":"7500011"},{"prefecture_jis_code":"35","city_jis_code":"35201","town_name_kana":"ﾓﾄﾏﾁ","town_name":"元町","zip_code":"7500045"},{"prefecture_jis_code":"35","city_jis_code":"35201","town_name_kana":"ﾔｽｵｶｴｷﾏｴ","town_name":"安岡駅前","zip_code":"7596612"},{"prefecture_jis_code":"35","city_jis_code":"35201","town_name_kana":"ﾔｽｵｶﾁｮｳ","town_name":"安岡町","zip_code":"7596603"},{"prefecture_jis_code":"35","city_jis_code":"35201","town_name_kana":"ﾔｽｵｶﾎﾝﾏﾁ","town_name":"安岡本町","zip_code":"7596611"},{"prefecture_jis_code":"35","city_jis_code":"35201","town_name_kana":"ﾔﾏﾀﾞ","town_name":"山田","zip_code":"7520901"},{"prefecture_jis_code":"35","city_jis_code":"35201","town_name_kana":"ﾔﾏﾃﾁｮｳ","town_name":"山手町","zip_code":"7500033"},{"prefecture_jis_code":"35","city_jis_code":"35201","town_name_kana":"ﾔﾏﾄﾏﾁ","town_name":"大和町","zip_code":"7500067"},{"prefecture_jis_code":"35","city_jis_code":"35201","town_name_kana":"ﾔﾏﾉｸﾁﾁｮｳ","town_name":"山の口町","zip_code":"7510824"},{"prefecture_jis_code":"35","city_jis_code":"35201","town_name_kana":"ﾔﾏﾉﾀｷﾀﾏﾁ","town_name":"山の田北町","zip_code":"7510839"},{"prefecture_jis_code":"35","city_jis_code":"35201","town_name_kana":"ﾔﾏﾉﾀﾁｭｳｵｳﾁｮｳ","town_name":"山の田中央町","zip_code":"7510837"},{"prefecture_jis_code":"35","city_jis_code":"35201","town_name_kana":"ﾔﾏﾉﾀﾆｼﾏﾁ","town_name":"山の田西町","zip_code":"7510836"},{"prefecture_jis_code":"35","city_jis_code":"35201","town_name_kana":"ﾔﾏﾉﾀﾋｶﾞｼﾏﾁ","town_name":"山の田東町","zip_code":"7510834"},{"prefecture_jis_code":"35","city_jis_code":"35201","town_name_kana":"ﾔﾏﾉﾀﾎﾝﾏﾁ","town_name":"山の田本町","zip_code":"7510838"},{"prefecture_jis_code":"35","city_jis_code":"35201","town_name_kana":"ﾔﾏﾉﾀﾐﾅﾐﾏﾁ","town_name":"山の田南町","zip_code":"7510835"},{"prefecture_jis_code":"35","city_jis_code":"35201","town_name_kana":"ﾕﾒﾀｳﾝ","town_name":"ゆめタウン","zip_code":"7520926"},{"prefecture_jis_code":"35","city_jis_code":"35201","town_name_kana":"ﾖｺﾉﾁｮｳ","town_name":"横野町","zip_code":"7596604"},{"prefecture_jis_code":"35","city_jis_code":"35201","town_name_kana":"ﾖｼﾀﾞ","town_name":"吉田","zip_code":"7501101"},{"prefecture_jis_code":"35","city_jis_code":"35201","town_name_kana":"ﾖｼﾀﾞｼﾞｶﾀ","town_name":"吉田地方","zip_code":"7501102"},{"prefecture_jis_code":"35","city_jis_code":"35201","town_name_kana":"ﾖｼﾐｶﾐ","town_name":"吉見上","zip_code":"7596524"},{"prefecture_jis_code":"35","city_jis_code":"35201","town_name_kana":"ﾖｼﾐｺｼﾞｭｸﾁｮｳ","town_name":"吉見古宿町","zip_code":"7596521"},{"prefecture_jis_code":"35","city_jis_code":"35201","town_name_kana":"ﾖｼﾐｻﾄﾏﾁ","town_name":"吉見里町","zip_code":"7596525"},{"prefecture_jis_code":"35","city_jis_code":"35201","town_name_kana":"ﾖｼﾐｼﾓ","town_name":"吉見下","zip_code":"7596523"},{"prefecture_jis_code":"35","city_jis_code":"35201","town_name_kana":"ﾖｼﾐｼﾝﾏﾁ","town_name":"吉見新町","zip_code":"7596532"},{"prefecture_jis_code":"35","city_jis_code":"35201","town_name_kana":"ﾖｼﾐﾎﾝﾏﾁ","town_name":"吉見本町","zip_code":"7596531"},{"prefecture_jis_code":"35","city_jis_code":"35201","town_name_kana":"ﾖｼﾐﾘｭｳｵｳﾁｮｳ","town_name":"吉見竜王町","zip_code":"7596522"},{"prefecture_jis_code":"35","city_jis_code":"35201","town_name_kana":"ﾖｼﾓ","town_name":"吉母","zip_code":"7596541"}]