[{"prefecture_jis_code":"35","city_jis_code":"35216","town_name_kana":"ｱｵﾊﾞﾀﾞｲ","town_name":"青葉台","zip_code":"7560030"},{"prefecture_jis_code":"35","city_jis_code":"35216","town_name_kana":"ｱｶｻｷ","town_name":"赤崎","zip_code":"7560841"},{"prefecture_jis_code":"35","city_jis_code":"35216","town_name_kana":"ｱｻ","town_name":"厚狭","zip_code":"7570001"},{"prefecture_jis_code":"35","city_jis_code":"35216","town_name_kana":"ｱｻﾋｶﾞｵｶ","town_name":"あさひが丘","zip_code":"7560871"},{"prefecture_jis_code":"35","city_jis_code":"35216","town_name_kana":"ｱｻﾋﾏﾁ","town_name":"旭町","zip_code":"7560808"},{"prefecture_jis_code":"35","city_jis_code":"35216","town_name_kana":"ｱﾘﾎ","town_name":"有帆","zip_code":"7560038"},{"prefecture_jis_code":"35","city_jis_code":"35216","town_name_kana":"ｱﾘﾎｳｴﾏﾁ","town_name":"有帆上町","zip_code":"7560009"},{"prefecture_jis_code":"35","city_jis_code":"35216","town_name_kana":"ｱﾘﾎｼﾝﾏﾁ","town_name":"有帆新町","zip_code":"7560003"},{"prefecture_jis_code":"35","city_jis_code":"35216","town_name_kana":"ｲｼｲﾃﾞ","town_name":"石井手","zip_code":"7560063"},{"prefecture_jis_code":"35","city_jis_code":"35216","town_name_kana":"ｲﾅﾘﾏﾁ","town_name":"稲荷町","zip_code":"7560811"},{"prefecture_jis_code":"35","city_jis_code":"35216","town_name_kana":"ｳｴﾉﾀﾞｲ","town_name":"上の台","zip_code":"7560863"},{"prefecture_jis_code":"35","city_jis_code":"35216","town_name_kana":"ｳｼﾛｶﾞﾀｶﾐ","town_name":"後潟上","zip_code":"7560049"},{"prefecture_jis_code":"35","city_jis_code":"35216","town_name_kana":"ｳｼﾛｶﾞﾀｼﾓ","town_name":"後潟下","zip_code":"7560048"},{"prefecture_jis_code":"35","city_jis_code":"35216","town_name_kana":"ｴﾋﾞｽﾁｮｳ","town_name":"えびす町","zip_code":"7560855"},{"prefecture_jis_code":"35","city_jis_code":"35216","town_name_kana":"ｴﾎﾞｼｲﾜ","town_name":"烏帽子岩","zip_code":"7560025"},{"prefecture_jis_code":"35","city_jis_code":"35216","town_name_kana":"ｴﾎﾞｼｲﾜﾀﾞﾝﾁ","town_name":"烏帽子岩団地","zip_code":"7560026"},{"prefecture_jis_code":"35","city_jis_code":"35216","town_name_kana":"ｴﾎﾞｼｲﾜﾏｴ","town_name":"烏帽子岩前","zip_code":"7560027"},{"prefecture_jis_code":"35","city_jis_code":"35216","town_name_kana":"ｵｵｽﾞｴ","town_name":"大須恵","zip_code":"7560873"},{"prefecture_jis_code":"35","city_jis_code":"35216","town_name_kana":"ｵｵﾂｶ","town_name":"大塚","zip_code":"7560042"},{"prefecture_jis_code":"35","city_jis_code":"35216","town_name_kana":"ｵｵﾂｶﾀﾞﾝﾁ","town_name":"大塚団地","zip_code":"7560036"},{"prefecture_jis_code":"35","city_jis_code":"35216","town_name_kana":"ｵｵﾊﾏ","town_name":"大浜","zip_code":"7560866"},{"prefecture_jis_code":"35","city_jis_code":"35216","town_name_kana":"ｵｸﾜｶﾔﾏ","town_name":"奥若山","zip_code":"7560852"},{"prefecture_jis_code":"35","city_jis_code":"35216","town_name_kana":"ｵﾉﾀﾞ","town_name":"小野田","zip_code":"7560817"},{"prefecture_jis_code":"35","city_jis_code":"35216","town_name_kana":"ｵﾉﾔﾏ","town_name":"小野山","zip_code":"7560812"},{"prefecture_jis_code":"35","city_jis_code":"35216","town_name_kana":"ｶｷﾉｷｻﾞｶ","town_name":"柿の木坂","zip_code":"7560067"},{"prefecture_jis_code":"35","city_jis_code":"35216","town_name_kana":"ｶﾀﾔﾏ","town_name":"片山","zip_code":"7560013"},{"prefecture_jis_code":"35","city_jis_code":"35216","town_name_kana":"ｶﾄﾞｲｼ","town_name":"角石","zip_code":"7560012"},{"prefecture_jis_code":"35","city_jis_code":"35216","town_name_kana":"ｶﾉｳﾏﾂ","town_name":"叶松","zip_code":"7560854"},{"prefecture_jis_code":"35","city_jis_code":"35216","town_name_kana":"ｶﾐｺﾞﾔ","town_name":"上木屋","zip_code":"7560056"},{"prefecture_jis_code":"35","city_jis_code":"35216","town_name_kana":"ｶﾐﾉｺﾞｳ","town_name":"上の郷","zip_code":"7560041"},{"prefecture_jis_code":"35","city_jis_code":"35216","town_name_kana":"ｶﾐﾎﾁｮｳ","town_name":"神帆町","zip_code":"7560086"},{"prefecture_jis_code":"35","city_jis_code":"35216","town_name_kana":"ｶﾒﾉｺｳ","town_name":"亀の甲","zip_code":"7560075"},{"prefecture_jis_code":"35","city_jis_code":"35216","town_name_kana":"ｶﾓﾉｼｮｳ","town_name":"鴨庄","zip_code":"7570005"},{"prefecture_jis_code":"35","city_jis_code":"35216","town_name_kana":"ｶﾘﾔｶﾐｼﾞｮｳ","town_name":"刈屋上条","zip_code":"7560843"},{"prefecture_jis_code":"35","city_jis_code":"35216","town_name_kana":"ｶﾘﾔﾅｶﾑﾗ","town_name":"刈屋中村","zip_code":"7560842"},{"prefecture_jis_code":"35","city_jis_code":"35216","town_name_kana":"ｶﾘﾔﾆｼｼﾞｮｳ","town_name":"刈屋西条","zip_code":"7560848"},{"prefecture_jis_code":"35","city_jis_code":"35216","town_name_kana":"ｷｮｳﾜﾀﾞｲ","town_name":"共和台","zip_code":"7560011"},{"prefecture_jis_code":"35","city_jis_code":"35216","town_name_kana":"ｷｮｳﾜﾁｮｳ","town_name":"共和町","zip_code":"7560028"},{"prefecture_jis_code":"35","city_jis_code":"35216","town_name_kana":"ｷｽﾞｷ","town_name":"杵築","zip_code":"7560051"},{"prefecture_jis_code":"35","city_jis_code":"35216","town_name_kana":"ｷﾀｻｶｴﾏﾁ","town_name":"北栄町","zip_code":"7560801"},{"prefecture_jis_code":"35","city_jis_code":"35216","town_name_kana":"ｷﾀﾏﾂﾁｺﾞｳ","town_name":"北真土郷","zip_code":"7560007"},{"prefecture_jis_code":"35","city_jis_code":"35216","town_name_kana":"ｷﾀﾘｭｳｵｳﾁｮｳ","town_name":"北竜王町","zip_code":"7560833"},{"prefecture_jis_code":"35","city_jis_code":"35216","town_name_kana":"ｷﾀﾜｶﾔﾏ","town_name":"北若山","zip_code":"7560822"},{"prefecture_jis_code":"35","city_jis_code":"35216","town_name_kana":"ｷﾄﾞｵｵﾊﾞﾅ","town_name":"木戸大鼻","zip_code":"7560844"},{"prefecture_jis_code":"35","city_jis_code":"35216","town_name_kana":"ｷﾄﾞｼﾝﾏﾁ","town_name":"木戸新町","zip_code":"7560846"},{"prefecture_jis_code":"35","city_jis_code":"35216","town_name_kana":"ｷﾄﾞﾅｶﾉﾁｮｳ","town_name":"木戸中ノ町","zip_code":"7560845"},{"prefecture_jis_code":"35","city_jis_code":"35216","town_name_kana":"ｸｼﾔﾏ","town_name":"くし山","zip_code":"7560080"},{"prefecture_jis_code":"35","city_jis_code":"35216","town_name_kana":"ｺｳｴｲ","town_name":"高栄","zip_code":"7560815"},{"prefecture_jis_code":"35","city_jis_code":"35216","town_name_kana":"ｺｵﾘ","town_name":"郡","zip_code":"7570002"},{"prefecture_jis_code":"35","city_jis_code":"35216","town_name_kana":"ｺﾏﾂｵ","town_name":"小松尾","zip_code":"7560037"},{"prefecture_jis_code":"35","city_jis_code":"35216","town_name_kana":"ｺﾞｳ","town_name":"郷","zip_code":"7560044"},{"prefecture_jis_code":"35","city_jis_code":"35216","town_name_kana":"ｻｶｴﾏﾁ","town_name":"栄町","zip_code":"7560802"},{"prefecture_jis_code":"35","city_jis_code":"35216","town_name_kana":"ｻｸﾗ","town_name":"桜","zip_code":"7570006"},{"prefecture_jis_code":"35","city_jis_code":"35216","town_name_kana":"ｻｸﾗｶﾞｵｶ","town_name":"桜が丘","zip_code":"7560851"},{"prefecture_jis_code":"35","city_jis_code":"35216","town_name_kana":"ｻｻｵﾆｼ","town_name":"笹尾西","zip_code":"7560888"},{"prefecture_jis_code":"35","city_jis_code":"35216","town_name_kana":"ｻｻｵﾋｶﾞｼ","town_name":"笹尾東","zip_code":"7560881"},{"prefecture_jis_code":"35","city_jis_code":"35216","town_name_kana":"ｼﾓｺﾞﾔ","town_name":"下木屋","zip_code":"7560053"},{"prefecture_jis_code":"35","city_jis_code":"35216","town_name_kana":"ｼﾘﾂﾋﾞｮｳｲﾝ","town_name":"市立病院","zip_code":"7560094"},{"prefecture_jis_code":"35","city_jis_code":"35216","town_name_kana":"ｼﾝｱﾘﾎﾁｮｳ","town_name":"新有帆町","zip_code":"7560010"},{"prefecture_jis_code":"35","city_jis_code":"35216","town_name_kana":"ｼﾝｵｷ","town_name":"新沖","zip_code":"7560847"},{"prefecture_jis_code":"35","city_jis_code":"35216","town_name_kana":"ｼﾝｾｲ","town_name":"新生","zip_code":"7560092"},{"prefecture_jis_code":"35","city_jis_code":"35216","town_name_kana":"ｼﾝﾜｴﾝ","town_name":"心和園","zip_code":"7560823"},{"prefecture_jis_code":"35","city_jis_code":"35216","town_name_kana":"ｼﾞﾕｳｶﾞｵｶ","town_name":"自由ヶ丘","zip_code":"7560805"},{"prefecture_jis_code":"35","city_jis_code":"35216","town_name_kana":"ｽｴ","town_name":"須恵","zip_code":"7560836"},{"prefecture_jis_code":"35","city_jis_code":"35216","town_name_kana":"ｽｴﾆｼ","town_name":"須恵西","zip_code":"7560862"},{"prefecture_jis_code":"35","city_jis_code":"35216","town_name_kana":"ｽｴﾋｶﾞｼ","town_name":"須恵東","zip_code":"7560889"},{"prefecture_jis_code":"35","city_jis_code":"35216","town_name_kana":"ｽﾀﾞﾉｷ","town_name":"須田ノ木","zip_code":"7560882"},{"prefecture_jis_code":"35","city_jis_code":"35216","town_name_kana":"ｽﾐﾖｼﾎﾝﾏﾁ","town_name":"住吉本町","zip_code":"7560813"},{"prefecture_jis_code":"35","city_jis_code":"35216","town_name_kana":"ｾﾒﾝﾄﾏﾁ","town_name":"セメント町","zip_code":"7560835"},{"prefecture_jis_code":"35","city_jis_code":"35216","town_name_kana":"ﾀｲｷｭｳ","town_name":"大休","zip_code":"7560001"},{"prefecture_jis_code":"35","city_jis_code":"35216","town_name_kana":"ﾀｲｷｭｳﾀﾞﾝﾁ","town_name":"大休団地","zip_code":"7560008"},{"prefecture_jis_code":"35","city_jis_code":"35216","town_name_kana":"ﾀｶｽ","town_name":"高須","zip_code":"7560087"},{"prefecture_jis_code":"35","city_jis_code":"35216","town_name_kana":"ﾀｶﾁﾎ","town_name":"高千帆","zip_code":"7560060"},{"prefecture_jis_code":"35","city_jis_code":"35216","town_name_kana":"ﾀｶﾊﾀ","town_name":"高畑","zip_code":"7560021"},{"prefecture_jis_code":"35","city_jis_code":"35216","town_name_kana":"ﾀｶﾊﾏ","town_name":"高浜","zip_code":"7560047"},{"prefecture_jis_code":"35","city_jis_code":"35216","town_name_kana":"ﾀﾉｼﾘ","town_name":"田の尻","zip_code":"7560865"},{"prefecture_jis_code":"35","city_jis_code":"35216","town_name_kana":"ﾀﾞｲｶﾞｸﾄﾞｵﾘ","town_name":"大学通","zip_code":"7560884"},{"prefecture_jis_code":"35","city_jis_code":"35216","town_name_kana":"ﾀﾞﾝﾆｼ","town_name":"旦西","zip_code":"7560055"},{"prefecture_jis_code":"35","city_jis_code":"35216","town_name_kana":"ﾀﾞﾝﾋｶﾞｼ","town_name":"旦東","zip_code":"7560054"},{"prefecture_jis_code":"35","city_jis_code":"35216","town_name_kana":"ﾁｭｳｵｳ","town_name":"中央","zip_code":"7560824"},{"prefecture_jis_code":"35","city_jis_code":"35216","town_name_kana":"ﾁｮｳｼﾞｭｴﾝ","town_name":"長寿園","zip_code":"7560804"},{"prefecture_jis_code":"35","city_jis_code":"35216","town_name_kana":"ﾁｻﾞｷ","town_name":"千崎","zip_code":"7560039"},{"prefecture_jis_code":"35","city_jis_code":"35216","town_name_kana":"ﾁｻﾞｷﾆｼ","town_name":"千崎西","zip_code":"7560022"},{"prefecture_jis_code":"35","city_jis_code":"35216","town_name_kana":"ﾁｻﾞｷﾋｶﾞｼ","town_name":"千崎東","zip_code":"7560023"},{"prefecture_jis_code":"35","city_jis_code":"35216","town_name_kana":"ﾁﾖﾏﾁ","town_name":"千代町","zip_code":"7560814"},{"prefecture_jis_code":"35","city_jis_code":"35216","town_name_kana":"ﾂﾌﾞﾀ","town_name":"津布田","zip_code":"7570011"},{"prefecture_jis_code":"35","city_jis_code":"35216","town_name_kana":"ﾅｶｶﾞﾜ","town_name":"中川","zip_code":"7560806"},{"prefecture_jis_code":"35","city_jis_code":"35216","town_name_kana":"ﾅｶｻﾞﾄ","town_name":"中里","zip_code":"7560004"},{"prefecture_jis_code":"35","city_jis_code":"35216","town_name_kana":"ﾅｶﾑﾗ","town_name":"中村","zip_code":"7560005"},{"prefecture_jis_code":"35","city_jis_code":"35216","town_name_kana":"ﾅﾂﾒ","town_name":"夏目","zip_code":"7560886"},{"prefecture_jis_code":"35","city_jis_code":"35216","town_name_kana":"ﾅﾝﾍﾟｲﾀﾞｲ","town_name":"南平台","zip_code":"7560016"},{"prefecture_jis_code":"35","city_jis_code":"35216","town_name_kana":"ﾆｯｻﾝ","town_name":"日産","zip_code":"7560093"},{"prefecture_jis_code":"35","city_jis_code":"35216","town_name_kana":"ﾆｼｵｷ","town_name":"西沖","zip_code":"7560885"},{"prefecture_jis_code":"35","city_jis_code":"35216","town_name_kana":"ﾆｼｶﾞｻｺ","town_name":"西が迫","zip_code":"7560864"},{"prefecture_jis_code":"35","city_jis_code":"35216","town_name_kana":"ﾆｼｽﾐﾖｼﾁｮｳ","town_name":"西住吉町","zip_code":"7560816"},{"prefecture_jis_code":"35","city_jis_code":"35216","town_name_kana":"ﾆｼﾀｶﾄﾞﾏﾘ","town_name":"西高泊","zip_code":"7560057"},{"prefecture_jis_code":"35","city_jis_code":"35216","town_name_kana":"ﾆｼﾉｺﾞｳ","town_name":"西の郷","zip_code":"7560046"},{"prefecture_jis_code":"35","city_jis_code":"35216","town_name_kana":"ﾆﾎﾉｳｴ","town_name":"仁保の上","zip_code":"7560017"},{"prefecture_jis_code":"35","city_jis_code":"35216","town_name_kana":"ﾉｸﾞﾙﾐ","town_name":"野来見","zip_code":"7560853"},{"prefecture_jis_code":"35","city_jis_code":"35216","town_name_kana":"ﾊｷﾞﾓﾘ","town_name":"萩森","zip_code":"7560024"},{"prefecture_jis_code":"35","city_jis_code":"35216","town_name_kana":"ﾊｾﾞ","town_name":"波瀬","zip_code":"7560861"},{"prefecture_jis_code":"35","city_jis_code":"35216","town_name_kana":"ﾊﾌﾞ","town_name":"埴生","zip_code":"7570012"},{"prefecture_jis_code":"35","city_jis_code":"35216","town_name_kana":"ﾊﾏ","town_name":"浜","zip_code":"7560043"},{"prefecture_jis_code":"35","city_jis_code":"35216","town_name_kana":"ﾊﾏｺﾞｳﾁ","town_name":"浜河内","zip_code":"7560872"},{"prefecture_jis_code":"35","city_jis_code":"35216","town_name_kana":"ﾊﾏﾀﾞﾁｮｳ","town_name":"浜田町","zip_code":"7560052"},{"prefecture_jis_code":"35","city_jis_code":"35216","town_name_kana":"ﾋｶﾞｼｽﾀﾞﾉｷ","town_name":"東須田の木","zip_code":"7560883"},{"prefecture_jis_code":"35","city_jis_code":"35216","town_name_kana":"ﾋｶﾞｼｽﾐﾖｼﾁｮｳ","town_name":"東住吉町","zip_code":"7560825"},{"prefecture_jis_code":"35","city_jis_code":"35216","town_name_kana":"ﾋｶﾞｼﾀｶﾄﾞﾏﾘ","town_name":"東高泊","zip_code":"7560088"},{"prefecture_jis_code":"35","city_jis_code":"35216","town_name_kana":"ﾋｶﾞｼﾏﾁ","town_name":"東町","zip_code":"7560018"},{"prefecture_jis_code":"35","city_jis_code":"35216","town_name_kana":"ﾋｶﾞﾝﾀﾞ","town_name":"彼岸田","zip_code":"7560014"},{"prefecture_jis_code":"35","city_jis_code":"35216","town_name_kana":"ﾋｶﾞﾝﾀﾞﾀﾞﾝﾁ","town_name":"ひがんだ団地","zip_code":"7560015"},{"prefecture_jis_code":"35","city_jis_code":"35216","town_name_kana":"ﾋﾉﾃﾞ","town_name":"日の出","zip_code":"7560091"},{"prefecture_jis_code":"35","city_jis_code":"35216","town_name_kana":"ﾋﾗｵﾁｮｳ","town_name":"平生町","zip_code":"7560032"},{"prefecture_jis_code":"35","city_jis_code":"35216","town_name_kana":"ﾋﾗﾊﾞﾗ","town_name":"平原","zip_code":"7560035"},{"prefecture_jis_code":"35","city_jis_code":"35216","town_name_kana":"ﾌｸﾀﾞ","town_name":"福田","zip_code":"7570013"},{"prefecture_jis_code":"35","city_jis_code":"35216","town_name_kana":"ﾌﾅｺｼ","town_name":"船越","zip_code":"7560029"},{"prefecture_jis_code":"35","city_jis_code":"35216","town_name_kana":"ﾌﾙｶﾞｲｻｸ","town_name":"古開作","zip_code":"7560856"},{"prefecture_jis_code":"35","city_jis_code":"35216","town_name_kana":"ﾌﾙｶﾞｲｻｸﾀﾞﾝﾁ","town_name":"古開作団地","zip_code":"7560857"},{"prefecture_jis_code":"35","city_jis_code":"35216","town_name_kana":"ﾍｲｾｲﾁｮｳ","town_name":"平成町","zip_code":"7560837"},{"prefecture_jis_code":"35","city_jis_code":"35216","town_name_kana":"ﾍｲﾜﾁｮｳ","town_name":"平和町","zip_code":"7560031"},{"prefecture_jis_code":"35","city_jis_code":"35216","town_name_kana":"ﾏﾂｶｸ","town_name":"松角","zip_code":"7560887"},{"prefecture_jis_code":"35","city_jis_code":"35216","town_name_kana":"ﾏﾂﾊﾏ","town_name":"松浜","zip_code":"7560877"},{"prefecture_jis_code":"35","city_jis_code":"35216","town_name_kana":"ﾏﾂﾊﾏﾀﾞﾝﾁ","town_name":"松浜団地","zip_code":"7560878"},{"prefecture_jis_code":"35","city_jis_code":"35216","town_name_kana":"ﾏﾙｺﾞｳﾁ","town_name":"丸河内","zip_code":"7560821"},{"prefecture_jis_code":"35","city_jis_code":"35216","town_name_kana":"ﾐﾄﾞﾘｶﾞｵｶ","town_name":"緑が丘","zip_code":"7560034"},{"prefecture_jis_code":"35","city_jis_code":"35216","town_name_kana":"ﾐﾅﾄﾏﾁ","town_name":"港町","zip_code":"7560834"},{"prefecture_jis_code":"35","city_jis_code":"35216","town_name_kana":"ﾐﾅﾐﾀｶﾄﾏﾘ","town_name":"南高泊","zip_code":"7560045"},{"prefecture_jis_code":"35","city_jis_code":"35216","town_name_kana":"ﾐﾅﾐﾅｶｶﾞﾜﾏﾁ","town_name":"南中川町","zip_code":"7560803"},{"prefecture_jis_code":"35","city_jis_code":"35216","town_name_kana":"ﾐﾅﾐﾏﾂﾁｺﾞｳ","town_name":"南真土郷","zip_code":"7560019"},{"prefecture_jis_code":"35","city_jis_code":"35216","town_name_kana":"ﾐﾅﾐﾏﾂﾊﾏ","town_name":"南松浜","zip_code":"7560875"},{"prefecture_jis_code":"35","city_jis_code":"35216","town_name_kana":"ﾐﾅﾐﾘｭｳｵｳﾁｮｳ","town_name":"南竜王町","zip_code":"7560832"},{"prefecture_jis_code":"35","city_jis_code":"35216","town_name_kana":"ﾐﾅﾐﾜｶﾔﾏ","town_name":"南若山","zip_code":"7560831"},{"prefecture_jis_code":"35","city_jis_code":"35216","town_name_kana":"ﾒﾃﾞ","town_name":"目出","zip_code":"7560076"},{"prefecture_jis_code":"35","city_jis_code":"35216","town_name_kana":"ﾒﾃﾞｺﾊﾝﾁｮｳ","town_name":"目出湖畔町","zip_code":"7560074"},{"prefecture_jis_code":"35","city_jis_code":"35216","town_name_kana":"ﾒﾃﾞｻｲﾜｲﾏﾁ","town_name":"目出幸町","zip_code":"7560073"},{"prefecture_jis_code":"35","city_jis_code":"35216","town_name_kana":"ﾒﾃﾞｼﾝﾏﾁ","town_name":"目出新町","zip_code":"7560077"},{"prefecture_jis_code":"35","city_jis_code":"35216","town_name_kana":"ﾒﾃﾞﾌﾞﾝｶﾁｮｳ","town_name":"目出文化町","zip_code":"7560071"},{"prefecture_jis_code":"35","city_jis_code":"35216","town_name_kana":"ﾒﾃﾞﾐﾄﾞﾘﾏﾁ","town_name":"目出緑町","zip_code":"7560072"},{"prefecture_jis_code":"35","city_jis_code":"35216","town_name_kana":"ﾓﾄﾔﾏﾀﾞﾝﾁ","town_name":"本山団地","zip_code":"7560876"},{"prefecture_jis_code":"35","city_jis_code":"35216","town_name_kana":"ﾓﾄﾔﾏﾁｮｳ","town_name":"本山町","zip_code":"7560874"},{"prefecture_jis_code":"35","city_jis_code":"35216","town_name_kana":"ﾔﾏｶﾜ","town_name":"山川","zip_code":"7570004"},{"prefecture_jis_code":"35","city_jis_code":"35216","town_name_kana":"ﾔﾏﾉｲ","town_name":"山野井","zip_code":"7570003"},{"prefecture_jis_code":"35","city_jis_code":"35216","town_name_kana":"ﾖｺﾄﾞﾃ","town_name":"横土手","zip_code":"7560809"},{"prefecture_jis_code":"35","city_jis_code":"35216","town_name_kana":"ﾘｭｳｻﾝﾏﾁ","town_name":"硫酸町","zip_code":"7560807"},{"prefecture_jis_code":"35","city_jis_code":"35216","town_name_kana":"ﾛｳｻｲﾋﾞｮｳｲﾝ","town_name":"労災病院","zip_code":"7560095"},{"prefecture_jis_code":"35","city_jis_code":"35216","town_name_kana":"ﾜｶｸｻﾁｮｳ","town_name":"若草町","zip_code":"7560033"}]