[{"prefecture_jis_code":"12","city_jis_code":"12206","town_name_kana":"ｱｻﾋ","town_name":"朝日","zip_code":"2920055"},{"prefecture_jis_code":"12","city_jis_code":"12206","town_name_kana":"ｱﾂﾞﾏ","town_name":"吾妻","zip_code":"2920065"},{"prefecture_jis_code":"12","city_jis_code":"12206","town_name_kana":"ｱﾘﾖｼ","town_name":"有吉","zip_code":"2920021"},{"prefecture_jis_code":"12","city_jis_code":"12206","town_name_kana":"ｲｼﾞﾘ","town_name":"井尻","zip_code":"2920026"},{"prefecture_jis_code":"12","city_jis_code":"12206","town_name_kana":"ｲｽﾞｼﾏ","town_name":"伊豆島","zip_code":"2920034"},{"prefecture_jis_code":"12","city_jis_code":"12206","town_name_kana":"ｲﾜﾈ","town_name":"岩根","zip_code":"2920061"},{"prefecture_jis_code":"12","city_jis_code":"12206","town_name_kana":"ｲﾝﾅﾘ","town_name":"犬成","zip_code":"2920033"},{"prefecture_jis_code":"12","city_jis_code":"12206","town_name_kana":"ｳｼｺﾞﾒ","town_name":"牛込","zip_code":"2920001"},{"prefecture_jis_code":"12","city_jis_code":"12206","town_name_kana":"ｳｼﾌﾞｸﾛ","town_name":"牛袋","zip_code":"2920012"},{"prefecture_jis_code":"12","city_jis_code":"12206","town_name_kana":"ｳｼﾌﾞｸﾛﾉ","town_name":"牛袋野","zip_code":"2920011"},{"prefecture_jis_code":"12","city_jis_code":"12206","town_name_kana":"ｳﾘｸﾗ","town_name":"瓜倉","zip_code":"2920007"},{"prefecture_jis_code":"12","city_jis_code":"12206","town_name_kana":"ｴｶﾞﾜ","town_name":"江川","zip_code":"2920063"},{"prefecture_jis_code":"12","city_jis_code":"12206","town_name_kana":"ｵｵｲﾈ","town_name":"大稲","zip_code":"2920211"},{"prefecture_jis_code":"12","city_jis_code":"12206","town_name_kana":"ｵｵｸﾎﾞ","town_name":"大久保","zip_code":"2920815"},{"prefecture_jis_code":"12","city_jis_code":"12206","town_name_kana":"ｵｵﾀﾞ","town_name":"太田","zip_code":"2920044"},{"prefecture_jis_code":"12","city_jis_code":"12206","town_name_kana":"ｵｵﾃﾗ","town_name":"大寺","zip_code":"2920024"},{"prefecture_jis_code":"12","city_jis_code":"12206","town_name_kana":"ｶｲﾌﾁ","town_name":"貝渕","zip_code":"2920833"},{"prefecture_jis_code":"12","city_jis_code":"12206","town_name_kana":"ｶｽﾞｻｶﾏﾀﾘ","town_name":"かずさ鎌足","zip_code":"2920818"},{"prefecture_jis_code":"12","city_jis_code":"12206","town_name_kana":"ｶﾈﾀﾞﾋｶﾞｼ","town_name":"金田東","zip_code":"2920009"},{"prefecture_jis_code":"12","city_jis_code":"12206","town_name_kana":"ｶﾐｶﾗｽﾀﾞ","town_name":"上烏田","zip_code":"2920813"},{"prefecture_jis_code":"12","city_jis_code":"12206","town_name_kana":"ｶﾐﾈｷﾞｼ","town_name":"上根岸","zip_code":"2920215"},{"prefecture_jis_code":"12","city_jis_code":"12206","town_name_kana":"ｶﾐﾓｳﾀﾞ","town_name":"上望陀","zip_code":"2920022"},{"prefecture_jis_code":"12","city_jis_code":"12206","town_name_kana":"ｶﾔﾉ","town_name":"茅野","zip_code":"2920204"},{"prefecture_jis_code":"12","city_jis_code":"12206","town_name_kana":"ｶﾔﾉﾅﾅﾏｶﾞﾘ","town_name":"茅野七曲","zip_code":"2920202"},{"prefecture_jis_code":"12","city_jis_code":"12206","town_name_kana":"ｷｻﾗﾂﾞ","town_name":"木更津","zip_code":"2920056"},{"prefecture_jis_code":"12","city_jis_code":"12206","town_name_kana":"ｷﾀﾊﾏﾁｮｳ","town_name":"北浜町","zip_code":"2920006"},{"prefecture_jis_code":"12","city_jis_code":"12206","town_name_kana":"ｷﾖｶﾜ","town_name":"清川","zip_code":"2920051"},{"prefecture_jis_code":"12","city_jis_code":"12206","town_name_kana":"ｷﾖﾐﾀﾞｲ","town_name":"清見台","zip_code":"2920045"},{"prefecture_jis_code":"12","city_jis_code":"12206","town_name_kana":"ｷﾖﾐﾀﾞｲﾋｶﾞｼ","town_name":"清見台東","zip_code":"2920041"},{"prefecture_jis_code":"12","city_jis_code":"12206","town_name_kana":"ｷﾖﾐﾀﾞｲﾐﾅﾐ","town_name":"清見台南","zip_code":"2920042"},{"prefecture_jis_code":"12","city_jis_code":"12206","town_name_kana":"ｷﾞｵﾝ","town_name":"祇園","zip_code":"2920052"},{"prefecture_jis_code":"12","city_jis_code":"12206","town_name_kana":"ｸｻｼﾞｷ","town_name":"草敷","zip_code":"2920811"},{"prefecture_jis_code":"12","city_jis_code":"12206","town_name_kana":"ｸﾂﾞﾏ","town_name":"久津間","zip_code":"2920004"},{"prefecture_jis_code":"12","city_jis_code":"12206","town_name_kana":"ｸﾛﾄ","town_name":"畔戸","zip_code":"2920005"},{"prefecture_jis_code":"12","city_jis_code":"12206","town_name_kana":"ｹﾞﾅｲﾊﾞｼ","town_name":"下内橋","zip_code":"2920213"},{"prefecture_jis_code":"12","city_jis_code":"12206","town_name_kana":"ｺｳﾅﾝﾀﾞｲ","town_name":"港南台","zip_code":"2920827"},{"prefecture_jis_code":"12","city_jis_code":"12206","town_name_kana":"ｺﾊﾞﾏ","town_name":"小浜","zip_code":"2920824"},{"prefecture_jis_code":"12","city_jis_code":"12206","town_name_kana":"ｻｲﾜｲﾁｮｳ","town_name":"幸町","zip_code":"2920803"},{"prefecture_jis_code":"12","city_jis_code":"12206","town_name_kana":"ｻｶﾄﾞｲﾁﾊﾞ","town_name":"坂戸市場","zip_code":"2990271"},{"prefecture_jis_code":"12","city_jis_code":"12206","town_name_kana":"ｻｸﾗｲ","town_name":"桜井","zip_code":"2920822"},{"prefecture_jis_code":"12","city_jis_code":"12206","town_name_kana":"ｻｸﾗｲｼﾝﾏﾁ","town_name":"桜井新町","zip_code":"2920823"},{"prefecture_jis_code":"12","city_jis_code":"12206","town_name_kana":"ｻｸﾗﾏﾁ","town_name":"桜町","zip_code":"2920821"},{"prefecture_jis_code":"12","city_jis_code":"12206","town_name_kana":"ｻｻｺﾞ","town_name":"笹子","zip_code":"2920032"},{"prefecture_jis_code":"12","city_jis_code":"12206","town_name_kana":"ｻﾉ","town_name":"佐野","zip_code":"2920206"},{"prefecture_jis_code":"12","city_jis_code":"12206","town_name_kana":"ｼｵﾊﾏ","town_name":"潮浜","zip_code":"2920838"},{"prefecture_jis_code":"12","city_jis_code":"12206","town_name_kana":"ｼｵﾐ","town_name":"潮見","zip_code":"2920834"},{"prefecture_jis_code":"12","city_jis_code":"12206","town_name_kana":"ｼﾓｶﾗｽﾀﾞ","town_name":"下烏田","zip_code":"2920816"},{"prefecture_jis_code":"12","city_jis_code":"12206","town_name_kana":"ｼﾓｺﾞｵﾘ","town_name":"下郡","zip_code":"2920205"},{"prefecture_jis_code":"12","city_jis_code":"12206","town_name_kana":"ｼﾓﾐﾔﾀﾞ","town_name":"下宮田","zip_code":"2920217"},{"prefecture_jis_code":"12","city_jis_code":"12206","town_name_kana":"ｼﾓﾓｳﾀﾞ","town_name":"下望陀","zip_code":"2920023"},{"prefecture_jis_code":"12","city_jis_code":"12206","town_name_kana":"ｼﾝｼﾞｭｸ","town_name":"新宿","zip_code":"2920066"},{"prefecture_jis_code":"12","city_jis_code":"12206","town_name_kana":"ｼﾝﾃﾞﾝ","town_name":"新田","zip_code":"2920832"},{"prefecture_jis_code":"12","city_jis_code":"12206","town_name_kana":"ｼﾝﾐﾅﾄ","town_name":"新港","zip_code":"2920836"},{"prefecture_jis_code":"12","city_jis_code":"12206","town_name_kana":"ｼﾞｮｳｻﾞｲ","town_name":"請西","zip_code":"2920801"},{"prefecture_jis_code":"12","city_jis_code":"12206","town_name_kana":"ｼﾞｮｳｻﾞｲﾋｶﾞｼ","town_name":"請西東","zip_code":"2920806"},{"prefecture_jis_code":"12","city_jis_code":"12206","town_name_kana":"ｼﾞｮｳｻﾞｲﾐﾅﾐ","town_name":"請西南","zip_code":"2920807"},{"prefecture_jis_code":"12","city_jis_code":"12206","town_name_kana":"ｽｺﾞｳ","town_name":"菅生","zip_code":"2920036"},{"prefecture_jis_code":"12","city_jis_code":"12206","town_name_kana":"ｾﾝｿﾞｸﾀﾞｲ","town_name":"千束台","zip_code":"2920808"},{"prefecture_jis_code":"12","city_jis_code":"12206","town_name_kana":"ｿﾈ","town_name":"曽根","zip_code":"2920027"},{"prefecture_jis_code":"12","city_jis_code":"12206","town_name_kana":"ﾀｶｻｺﾞ","town_name":"高砂","zip_code":"2920016"},{"prefecture_jis_code":"12","city_jis_code":"12206","town_name_kana":"ﾀｶﾔﾅｷﾞ","town_name":"高柳","zip_code":"2920014"},{"prefecture_jis_code":"12","city_jis_code":"12206","town_name_kana":"ﾀｶﾞﾜ","town_name":"田川","zip_code":"2920207"},{"prefecture_jis_code":"12","city_jis_code":"12206","town_name_kana":"ﾁｭｳｵｳ","town_name":"中央","zip_code":"2920067"},{"prefecture_jis_code":"12","city_jis_code":"12206","town_name_kana":"ﾂｷｼﾞ","town_name":"築地","zip_code":"2920835"},{"prefecture_jis_code":"12","city_jis_code":"12206","town_name_kana":"ﾂﾊﾞｷ","town_name":"椿","zip_code":"2920031"},{"prefecture_jis_code":"12","city_jis_code":"12206","town_name_kana":"ﾄｵｶｲﾁﾊﾞ","town_name":"十日市場","zip_code":"2920025"},{"prefecture_jis_code":"12","city_jis_code":"12206","town_name_kana":"ﾄｸﾆ","town_name":"戸国","zip_code":"2920214"},{"prefecture_jis_code":"12","city_jis_code":"12206","town_name_kana":"ﾅｶｵ","town_name":"中尾","zip_code":"2920035"},{"prefecture_jis_code":"12","city_jis_code":"12206","town_name_kana":"ﾅｶｶﾗｽﾀﾞ","town_name":"中烏田","zip_code":"2920817"},{"prefecture_jis_code":"12","city_jis_code":"12206","town_name_kana":"ﾅｶｻﾞﾄ","town_name":"中里","zip_code":"2920064"},{"prefecture_jis_code":"12","city_jis_code":"12206","town_name_kana":"ﾅｶｼﾞﾏ","town_name":"中島","zip_code":"2920008"},{"prefecture_jis_code":"12","city_jis_code":"12206","town_name_kana":"ﾅｶｼﾞﾏﾁｻｷｳﾐﾎﾀﾙ","town_name":"中島地先海ほたる","zip_code":"2920071"},{"prefecture_jis_code":"12","city_jis_code":"12206","town_name_kana":"ﾅｶﾉ","town_name":"中野","zip_code":"2920002"},{"prefecture_jis_code":"12","city_jis_code":"12206","town_name_kana":"ﾅｶﾉｼﾏ","town_name":"中の島","zip_code":"2920839"},{"prefecture_jis_code":"12","city_jis_code":"12206","town_name_kana":"ﾅｶﾞｲｻｸ","town_name":"永井作","zip_code":"2920053"},{"prefecture_jis_code":"12","city_jis_code":"12206","town_name_kana":"ﾅｶﾞｽｶ","town_name":"長須賀","zip_code":"2920054"},{"prefecture_jis_code":"12","city_jis_code":"12206","town_name_kana":"ﾆｼｲﾜﾈ","town_name":"西岩根","zip_code":"2920062"},{"prefecture_jis_code":"12","city_jis_code":"12206","town_name_kana":"ﾈｷﾞｼ","town_name":"根岸","zip_code":"2920216"},{"prefecture_jis_code":"12","city_jis_code":"12206","town_name_kana":"ﾊﾀｻﾞﾜ","town_name":"畑沢","zip_code":"2920825"},{"prefecture_jis_code":"12","city_jis_code":"12206","town_name_kana":"ﾊﾀｻﾞﾜﾐﾅﾐ","town_name":"畑沢南","zip_code":"2920826"},{"prefecture_jis_code":"12","city_jis_code":"12206","town_name_kana":"ﾊﾁﾏﾝﾀﾞｲ","town_name":"八幡台","zip_code":"2920814"},{"prefecture_jis_code":"12","city_jis_code":"12206","town_name_kana":"ﾊﾄﾘﾉ","town_name":"羽鳥野","zip_code":"2920819"},{"prefecture_jis_code":"12","city_jis_code":"12206","town_name_kana":"ﾋｶﾞｼｵｵﾀﾞ","town_name":"東太田","zip_code":"2920043"},{"prefecture_jis_code":"12","city_jis_code":"12206","town_name_kana":"ﾋｶﾞｼﾁｭｳｵｳ","town_name":"東中央","zip_code":"2920057"},{"prefecture_jis_code":"12","city_jis_code":"12206","town_name_kana":"ﾋﾉﾃﾞﾁｮｳ","town_name":"日の出町","zip_code":"2920037"},{"prefecture_jis_code":"12","city_jis_code":"12206","town_name_kana":"ﾌｼﾞﾐ","town_name":"富士見","zip_code":"2920831"},{"prefecture_jis_code":"12","city_jis_code":"12206","town_name_kana":"ﾌﾞﾝｷｮｳ","town_name":"文京","zip_code":"2920804"},{"prefecture_jis_code":"12","city_jis_code":"12206","town_name_kana":"ﾎﾀﾙﾉ","town_name":"ほたる野","zip_code":"2920038"},{"prefecture_jis_code":"12","city_jis_code":"12206","town_name_kana":"ﾎﾝｺﾞｳ","town_name":"本郷","zip_code":"2920015"},{"prefecture_jis_code":"12","city_jis_code":"12206","town_name_kana":"ﾏﾌﾈ","town_name":"真舟","zip_code":"2920802"},{"prefecture_jis_code":"12","city_jis_code":"12206","town_name_kana":"ﾏﾘ","town_name":"真里","zip_code":"2920212"},{"prefecture_jis_code":"12","city_jis_code":"12206","town_name_kana":"ﾏﾘﾔﾂ","town_name":"真里谷","zip_code":"2920201"},{"prefecture_jis_code":"12","city_jis_code":"12206","town_name_kana":"ﾏﾝｺﾞｸ","town_name":"万石","zip_code":"2920003"},{"prefecture_jis_code":"12","city_jis_code":"12206","town_name_kana":"ﾓｸｻﾞｲﾐﾅﾄ","town_name":"木材港","zip_code":"2920837"},{"prefecture_jis_code":"12","city_jis_code":"12206","town_name_kana":"ﾔﾅ","town_name":"矢那","zip_code":"2920812"},{"prefecture_jis_code":"12","city_jis_code":"12206","town_name_kana":"ﾔﾏﾄ","town_name":"大和","zip_code":"2920805"},{"prefecture_jis_code":"12","city_jis_code":"12206","town_name_kana":"ﾔﾏﾓﾄﾅﾅﾏｶﾞﾘ","town_name":"山本七曲","zip_code":"2920203"},{"prefecture_jis_code":"12","city_jis_code":"12206","town_name_kana":"ﾜｶﾊﾞﾁｮｳ","town_name":"若葉町","zip_code":"2920013"}]