[{"prefecture_jis_code":"12","city_jis_code":"12205","town_name_kana":"ｱｲﾊﾏ","town_name":"相浜","zip_code":"2940235"},{"prefecture_jis_code":"12","city_jis_code":"12205","town_name_kana":"ｱﾌﾞﾘ","town_name":"安布里","zip_code":"2940043"},{"prefecture_jis_code":"12","city_jis_code":"12205","town_name_kana":"ｱﾝﾄﾞｳ","town_name":"安東","zip_code":"2940005"},{"prefecture_jis_code":"12","city_jis_code":"12205","town_name_kana":"ｲｲﾇﾏ","town_name":"飯沼","zip_code":"2940016"},{"prefecture_jis_code":"12","city_jis_code":"12205","town_name_kana":"ｲﾃﾞﾉｵ","town_name":"出野尾","zip_code":"2940026"},{"prefecture_jis_code":"12","city_jis_code":"12205","town_name_kana":"ｲﾄ","town_name":"伊戸","zip_code":"2940314"},{"prefecture_jis_code":"12","city_jis_code":"12205","town_name_kana":"ｲﾅ","town_name":"稲","zip_code":"2940012"},{"prefecture_jis_code":"12","city_jis_code":"12205","town_name_kana":"ｲﾇｲｼ","town_name":"犬石","zip_code":"2940226"},{"prefecture_jis_code":"12","city_jis_code":"12205","town_name_kana":"ｳｴﾉﾊﾗ","town_name":"上野原","zip_code":"2940042"},{"prefecture_jis_code":"12","city_jis_code":"12205","town_name_kana":"ｴﾀﾞ","town_name":"江田","zip_code":"2940009"},{"prefecture_jis_code":"12","city_jis_code":"12205","town_name_kana":"ｵｵｱﾐ","town_name":"大網","zip_code":"2940044"},{"prefecture_jis_code":"12","city_jis_code":"12205","town_name_kana":"ｵｵｲ","town_name":"大井","zip_code":"2940002"},{"prefecture_jis_code":"12","city_jis_code":"12205","town_name_kana":"ｵｵｶ","town_name":"大賀","zip_code":"2940031"},{"prefecture_jis_code":"12","city_jis_code":"12205","town_name_kana":"ｵｵﾄ","town_name":"大戸","zip_code":"2940025"},{"prefecture_jis_code":"12","city_jis_code":"12205","town_name_kana":"ｵｶﾀﾞ","town_name":"岡田","zip_code":"2940024"},{"prefecture_jis_code":"12","city_jis_code":"12205","town_name_kana":"ｶｶﾞﾅ","town_name":"加賀名","zip_code":"2940306"},{"prefecture_jis_code":"12","city_jis_code":"12205","town_name_kana":"ｶｻﾅ","town_name":"笠名","zip_code":"2940032"},{"prefecture_jis_code":"12","city_jis_code":"12205","town_name_kana":"ｶﾅﾏﾘ","town_name":"神余","zip_code":"2940023"},{"prefecture_jis_code":"12","city_jis_code":"12205","town_name_kana":"ｶﾐｻﾅｸﾞﾗ","town_name":"上真倉","zip_code":"2940038"},{"prefecture_jis_code":"12","city_jis_code":"12205","town_name_kana":"ｶﾒｶﾞﾊﾗ","town_name":"亀ケ原","zip_code":"2940052"},{"prefecture_jis_code":"12","city_jis_code":"12205","town_name_kana":"ｶﾜﾅ","town_name":"川名","zip_code":"2940057"},{"prefecture_jis_code":"12","city_jis_code":"12205","town_name_kana":"ｹﾝﾌﾞﾂ","town_name":"見物","zip_code":"2940305"},{"prefecture_jis_code":"12","city_jis_code":"12205","town_name_kana":"ｺｳﾔﾂ","town_name":"香","zip_code":"2940301"},{"prefecture_jis_code":"12","city_jis_code":"12205","town_name_kana":"ｺｸﾌﾞ","town_name":"国分","zip_code":"2940018"},{"prefecture_jis_code":"12","city_jis_code":"12205","town_name_kana":"ｺｼｺﾞｴ","town_name":"腰越","zip_code":"2940007"},{"prefecture_jis_code":"12","city_jis_code":"12205","town_name_kana":"ｺﾇﾏ","town_name":"小沼","zip_code":"2940312"},{"prefecture_jis_code":"12","city_jis_code":"12205","town_name_kana":"ｺﾊﾞﾗ","town_name":"小原","zip_code":"2940058"},{"prefecture_jis_code":"12","city_jis_code":"12205","town_name_kana":"ｺﾓｸﾞﾁ","town_name":"古茂口","zip_code":"2940015"},{"prefecture_jis_code":"12","city_jis_code":"12205","town_name_kana":"ｻｶｲ","town_name":"坂井","zip_code":"2940311"},{"prefecture_jis_code":"12","city_jis_code":"12205","town_name_kana":"ｻｶﾀﾞﾙ","town_name":"坂足","zip_code":"2940313"},{"prefecture_jis_code":"12","city_jis_code":"12205","town_name_kana":"ｻｸﾅ","town_name":"作名","zip_code":"2940029"},{"prefecture_jis_code":"12","city_jis_code":"12205","town_name_kana":"ｻﾉ","town_name":"佐野","zip_code":"2940225"},{"prefecture_jis_code":"12","city_jis_code":"12205","town_name_kana":"ｼｵﾐ","town_name":"塩見","zip_code":"2940302"},{"prefecture_jis_code":"12","city_jis_code":"12205","town_name_kana":"ｼﾓｻﾅｸﾞﾗ","town_name":"下真倉","zip_code":"2940048"},{"prefecture_jis_code":"12","city_jis_code":"12205","town_name_kana":"ｼﾝｼﾞｭｸ","town_name":"新宿","zip_code":"2940046"},{"prefecture_jis_code":"12","city_jis_code":"12205","town_name_kana":"ｽﾉｻｷ","town_name":"洲崎","zip_code":"2940316"},{"prefecture_jis_code":"12","city_jis_code":"12205","town_name_kana":"ｽﾉﾐﾔ","town_name":"洲宮","zip_code":"2940223"},{"prefecture_jis_code":"12","city_jis_code":"12205","town_name_kana":"ｿﾉ","town_name":"薗","zip_code":"2940006"},{"prefecture_jis_code":"12","city_jis_code":"12205","town_name_kana":"ﾀｶｲ","town_name":"高井","zip_code":"2940041"},{"prefecture_jis_code":"12","city_jis_code":"12205","town_name_kana":"ﾀｹﾜﾗ","town_name":"竹原","zip_code":"2940001"},{"prefecture_jis_code":"12","city_jis_code":"12205","town_name_kana":"ﾀﾃﾔﾏ","town_name":"館山","zip_code":"2940036"},{"prefecture_jis_code":"12","city_jis_code":"12205","town_name_kana":"ﾀﾞｲｼﾞﾝｸﾞｳ","town_name":"大神宮","zip_code":"2940233"},{"prefecture_jis_code":"12","city_jis_code":"12205","town_name_kana":"ﾅｶｻﾞﾄ","town_name":"中里","zip_code":"2940231"},{"prefecture_jis_code":"12","city_jis_code":"12205","town_name_kana":"ﾅｶﾞｽｶ","town_name":"長須賀","zip_code":"2940037"},{"prefecture_jis_code":"12","city_jis_code":"12205","town_name_kana":"ﾅｺﾞ","town_name":"那古","zip_code":"2940055"},{"prefecture_jis_code":"12","city_jis_code":"12205","town_name_kana":"ﾅﾝｼﾞｮｳ","town_name":"南条","zip_code":"2940017"},{"prefecture_jis_code":"12","city_jis_code":"12205","town_name_kana":"ﾆｼｶﾜﾅ","town_name":"西川名","zip_code":"2940315"},{"prefecture_jis_code":"12","city_jis_code":"12205","town_name_kana":"ﾆｼﾅｶﾞﾀ","town_name":"西長田","zip_code":"2940027"},{"prefecture_jis_code":"12","city_jis_code":"12205","town_name_kana":"ﾇﾏ","town_name":"沼","zip_code":"2940034"},{"prefecture_jis_code":"12","city_jis_code":"12205","town_name_kana":"ﾊｻﾏ","town_name":"波左間","zip_code":"2940307"},{"prefecture_jis_code":"12","city_jis_code":"12205","town_name_kana":"ﾊﾀ","town_name":"畑","zip_code":"2940022"},{"prefecture_jis_code":"12","city_jis_code":"12205","town_name_kana":"ﾊﾏﾀﾞ","town_name":"浜田","zip_code":"2940303"},{"prefecture_jis_code":"12","city_jis_code":"12205","town_name_kana":"ﾊﾔﾌﾞﾂ","town_name":"早物","zip_code":"2940304"},{"prefecture_jis_code":"12","city_jis_code":"12205","town_name_kana":"ﾊﾞﾝﾀﾞ","town_name":"坂田","zip_code":"2940308"},{"prefecture_jis_code":"12","city_jis_code":"12205","town_name_kana":"ﾋｶﾞｼﾅｶﾞﾀ","town_name":"東長田","zip_code":"2940028"},{"prefecture_jis_code":"12","city_jis_code":"12205","town_name_kana":"ﾋﾛｾ","town_name":"広瀬","zip_code":"2940008"},{"prefecture_jis_code":"12","city_jis_code":"12205","town_name_kana":"ﾌｼﾞﾐ","town_name":"富士見","zip_code":"2940035"},{"prefecture_jis_code":"12","city_jis_code":"12205","town_name_kana":"ﾌｼﾞﾜﾗ","town_name":"藤原","zip_code":"2940224"},{"prefecture_jis_code":"12","city_jis_code":"12205","town_name_kana":"ﾌﾀｺﾞ","town_name":"二子","zip_code":"2940011"},{"prefecture_jis_code":"12","city_jis_code":"12205","town_name_kana":"ﾌﾅｶﾀ","town_name":"船形","zip_code":"2940056"},{"prefecture_jis_code":"12","city_jis_code":"12205","town_name_kana":"ﾎｳｶﾞｲ","town_name":"宝貝","zip_code":"2940013"},{"prefecture_jis_code":"12","city_jis_code":"12205","town_name_kana":"ﾎｳｼﾞｮｳ","town_name":"北条","zip_code":"2940045"},{"prefecture_jis_code":"12","city_jis_code":"12205","town_name_kana":"ﾎｳｼﾞｮｳﾏｻｷ","town_name":"北条正木","zip_code":"2940053"},{"prefecture_jis_code":"12","city_jis_code":"12205","town_name_kana":"ﾏｻｷ","town_name":"正木","zip_code":"2940051"},{"prefecture_jis_code":"12","city_jis_code":"12205","town_name_kana":"ﾐｽﾞｵｶ","town_name":"水岡","zip_code":"2940004"},{"prefecture_jis_code":"12","city_jis_code":"12205","town_name_kana":"ﾐｽﾞﾀﾏ","town_name":"水玉","zip_code":"2940003"},{"prefecture_jis_code":"12","city_jis_code":"12205","town_name_kana":"ﾐﾅﾄ","town_name":"湊","zip_code":"2940054"},{"prefecture_jis_code":"12","city_jis_code":"12205","town_name_kana":"ﾐﾔｷﾞ","town_name":"宮城","zip_code":"2940033"},{"prefecture_jis_code":"12","city_jis_code":"12205","town_name_kana":"ﾒﾇﾏ","town_name":"布沼","zip_code":"2940221"},{"prefecture_jis_code":"12","city_jis_code":"12205","town_name_kana":"ﾒﾗ","town_name":"布良","zip_code":"2940234"},{"prefecture_jis_code":"12","city_jis_code":"12205","town_name_kana":"ﾓﾅ","town_name":"茂名","zip_code":"2940222"},{"prefecture_jis_code":"12","city_jis_code":"12205","town_name_kana":"ﾔﾏﾓﾄ","town_name":"山本","zip_code":"2940014"},{"prefecture_jis_code":"12","city_jis_code":"12205","town_name_kana":"ﾔﾓｵｷﾞ","town_name":"山荻","zip_code":"2940021"},{"prefecture_jis_code":"12","city_jis_code":"12205","town_name_kana":"ﾔﾜﾀ","town_name":"八幡","zip_code":"2940047"},{"prefecture_jis_code":"12","city_jis_code":"12205","town_name_kana":"ﾘｭｳｵｶ","town_name":"竜岡","zip_code":"2940232"}]