[{"prefecture_jis_code":"12","city_jis_code":"12226","town_name_kana":"ｱｲｶﾜ","town_name":"相川","zip_code":"2991615"},{"prefecture_jis_code":"12","city_jis_code":"12226","town_name_kana":"ｱｲﾉﾔﾂ","town_name":"相野谷","zip_code":"2930031"},{"prefecture_jis_code":"12","city_jis_code":"12226","town_name_kana":"ｱｵｷ","town_name":"青木","zip_code":"2930012"},{"prefecture_jis_code":"12","city_jis_code":"12226","town_name_kana":"ｱﾗｲ","town_name":"新井","zip_code":"2930022"},{"prefecture_jis_code":"12","city_jis_code":"12226","town_name_kana":"ｲｯｼｷ","town_name":"一色","zip_code":"2930033"},{"prefecture_jis_code":"12","city_jis_code":"12226","town_name_kana":"ｲﾘﾔﾏｽﾞ","town_name":"不入斗","zip_code":"2991613"},{"prefecture_jis_code":"12","city_jis_code":"12226","town_name_kana":"ｲﾜｻｶ","town_name":"岩坂","zip_code":"2991608"},{"prefecture_jis_code":"12","city_jis_code":"12226","town_name_kana":"ｲﾜｾ","town_name":"岩瀬","zip_code":"2930043"},{"prefecture_jis_code":"12","city_jis_code":"12226","town_name_kana":"ｲﾜﾓﾄ","town_name":"岩本","zip_code":"2991746"},{"prefecture_jis_code":"12","city_jis_code":"12226","town_name_kana":"ｳｴｺﾞ","town_name":"上後","zip_code":"2991753"},{"prefecture_jis_code":"12","city_jis_code":"12226","town_name_kana":"ｳﾄｳﾊﾞﾗ","town_name":"宇藤原","zip_code":"2991732"},{"prefecture_jis_code":"12","city_jis_code":"12226","town_name_kana":"ｳﾙﾂﾞ","town_name":"売津","zip_code":"2991617"},{"prefecture_jis_code":"12","city_jis_code":"12226","town_name_kana":"ｵｵｶﾞﾜｻｷ","town_name":"大川崎","zip_code":"2991736"},{"prefecture_jis_code":"12","city_jis_code":"12226","town_name_kana":"ｵｵﾀﾜ","town_name":"大田和","zip_code":"2991735"},{"prefecture_jis_code":"12","city_jis_code":"12226","town_name_kana":"ｵｵﾎﾘ","town_name":"大堀","zip_code":"2930001"},{"prefecture_jis_code":"12","city_jis_code":"12226","town_name_kana":"ｵｵﾓﾘ","town_name":"大森","zip_code":"2991758"},{"prefecture_jis_code":"12","city_jis_code":"12226","town_name_kana":"ｵｼｷﾘ","town_name":"押切","zip_code":"2991757"},{"prefecture_jis_code":"12","city_jis_code":"12226","town_name_kana":"ｵﾝﾀﾞ","town_name":"恩田","zip_code":"2991751"},{"prefecture_jis_code":"12","city_jis_code":"12226","town_name_kana":"ｶｲﾗ","town_name":"海良","zip_code":"2991616"},{"prefecture_jis_code":"12","city_jis_code":"12226","town_name_kana":"ｶｽﾞﾏ","town_name":"数馬","zip_code":"2991606"},{"prefecture_jis_code":"12","city_jis_code":"12226","town_name_kana":"ｶﾄｳ","town_name":"加藤","zip_code":"2991609"},{"prefecture_jis_code":"12","city_jis_code":"12226","town_name_kana":"ｶﾅﾔ","town_name":"金谷","zip_code":"2991861"},{"prefecture_jis_code":"12","city_jis_code":"12226","town_name_kana":"ｶﾐ","town_name":"上","zip_code":"2930041"},{"prefecture_jis_code":"12","city_jis_code":"12226","town_name_kana":"ｶﾐｲｲﾉ","town_name":"上飯野","zip_code":"2930005"},{"prefecture_jis_code":"12","city_jis_code":"12226","town_name_kana":"ｶﾒｻﾞﾜ","town_name":"亀沢","zip_code":"2930051"},{"prefecture_jis_code":"12","city_jis_code":"12226","town_name_kana":"ｶﾒﾀﾞ","town_name":"亀田","zip_code":"2930057"},{"prefecture_jis_code":"12","city_jis_code":"12226","town_name_kana":"ｶﾜﾅ","town_name":"川名","zip_code":"2930023"},{"prefecture_jis_code":"12","city_jis_code":"12226","town_name_kana":"ｷﾇ","town_name":"絹","zip_code":"2930034"},{"prefecture_jis_code":"12","city_jis_code":"12226","town_name_kana":"ｺｸﾎﾞ","town_name":"小久保","zip_code":"2930042"},{"prefecture_jis_code":"12","city_jis_code":"12226","town_name_kana":"ｺｼﾞｺﾏ","town_name":"小志駒","zip_code":"2991747"},{"prefecture_jis_code":"12","city_jis_code":"12226","town_name_kana":"ｺﾝﾄﾞｳ","town_name":"近藤","zip_code":"2930046"},{"prefecture_jis_code":"12","city_jis_code":"12226","town_name_kana":"ｻｸﾗｲ","town_name":"桜井","zip_code":"2991602"},{"prefecture_jis_code":"12","city_jis_code":"12226","town_name_kana":"ｻｸﾗｲｿｳｼｮｳｷﾅﾀﾞﾔﾏ","town_name":"桜井総稱鬼泪山","zip_code":"2991601"},{"prefecture_jis_code":"12","city_jis_code":"12226","town_name_kana":"ｻｻｹﾞ","town_name":"笹毛","zip_code":"2930055"},{"prefecture_jis_code":"12","city_jis_code":"12226","town_name_kana":"ｻﾇｷ","town_name":"佐貫","zip_code":"2930058"},{"prefecture_jis_code":"12","city_jis_code":"12226","town_name_kana":"ｻﾗﾜ","town_name":"更和","zip_code":"2991603"},{"prefecture_jis_code":"12","city_jis_code":"12226","town_name_kana":"ｼｮｳｼﾞﾔﾂ","town_name":"障子谷","zip_code":"2930032"},{"prefecture_jis_code":"12","city_jis_code":"12226","town_name_kana":"ｼｺﾏ","town_name":"志駒","zip_code":"2991745"},{"prefecture_jis_code":"12","city_jis_code":"12226","town_name_kana":"ｼﾉﾍﾞ","town_name":"篠部","zip_code":"2930024"},{"prefecture_jis_code":"12","city_jis_code":"12226","town_name_kana":"ｼﾓｲｲﾉ","town_name":"下飯野","zip_code":"2930006"},{"prefecture_jis_code":"12","city_jis_code":"12226","town_name_kana":"ｼﾝﾄﾐ","town_name":"新富","zip_code":"2930011"},{"prefecture_jis_code":"12","city_jis_code":"12226","town_name_kana":"ｾｷ","town_name":"関","zip_code":"2991734"},{"prefecture_jis_code":"12","city_jis_code":"12226","town_name_kana":"ｾｷｼﾞﾘ","town_name":"関尻","zip_code":"2991752"},{"prefecture_jis_code":"12","city_jis_code":"12226","town_name_kana":"ﾀｶﾐｿﾞ","town_name":"高溝","zip_code":"2991733"},{"prefecture_jis_code":"12","city_jis_code":"12226","town_name_kana":"ﾀｸﾞﾗ","town_name":"田倉","zip_code":"2991731"},{"prefecture_jis_code":"12","city_jis_code":"12226","town_name_kana":"ﾀｹｵｶ","town_name":"竹岡","zip_code":"2991621"},{"prefecture_jis_code":"12","city_jis_code":"12226","town_name_kana":"ﾀﾊﾞﾗ","town_name":"田原","zip_code":"2991755"},{"prefecture_jis_code":"12","city_jis_code":"12226","town_name_kana":"ﾀﾞｲﾊﾞﾗ","town_name":"台原","zip_code":"2991604"},{"prefecture_jis_code":"12","city_jis_code":"12226","town_name_kana":"ﾁｸﾞｻｼﾝﾃﾞﾝ","town_name":"千種新田","zip_code":"2930036"},{"prefecture_jis_code":"12","city_jis_code":"12226","town_name_kana":"ﾂﾙｵｶ","town_name":"鶴岡","zip_code":"2930054"},{"prefecture_jis_code":"12","city_jis_code":"12226","town_name_kana":"ﾃﾗｵ","town_name":"寺尾","zip_code":"2991759"},{"prefecture_jis_code":"12","city_jis_code":"12226","town_name_kana":"ﾄﾖｵｶ","town_name":"豊岡","zip_code":"2991742"},{"prefecture_jis_code":"12","city_jis_code":"12226","town_name_kana":"ﾅｶ","town_name":"中","zip_code":"2930044"},{"prefecture_jis_code":"12","city_jis_code":"12226","town_name_kana":"ﾅｶﾞｻｷ","town_name":"長崎","zip_code":"2991611"},{"prefecture_jis_code":"12","city_jis_code":"12226","town_name_kana":"ﾅｼｻﾞﾜ","town_name":"梨沢","zip_code":"2991614"},{"prefecture_jis_code":"12","city_jis_code":"12226","town_name_kana":"ﾅｼｻﾞﾜﾋｶﾞｼｲﾄﾞﾎﾞﾘ","town_name":"梨沢東井戸堀","zip_code":"2991744"},{"prefecture_jis_code":"12","city_jis_code":"12226","town_name_kana":"ﾆｼｵｵﾜﾀﾞ","town_name":"西大和田","zip_code":"2930035"},{"prefecture_jis_code":"12","city_jis_code":"12226","town_name_kana":"ﾆｼｶﾜ","town_name":"西川","zip_code":"2930013"},{"prefecture_jis_code":"12","city_jis_code":"12226","town_name_kana":"ﾊｷﾞｳ","town_name":"萩生","zip_code":"2991622"},{"prefecture_jis_code":"12","city_jis_code":"12226","town_name_kana":"ﾊﾅｶﾞﾔﾂ","town_name":"花香谷","zip_code":"2930053"},{"prefecture_jis_code":"12","city_jis_code":"12226","town_name_kana":"ﾊﾅﾜ","town_name":"花輪","zip_code":"2991618"},{"prefecture_jis_code":"12","city_jis_code":"12226","town_name_kana":"ﾋｶﾞｼｵｵﾜﾀﾞ","town_name":"東大和田","zip_code":"2991737"},{"prefecture_jis_code":"12","city_jis_code":"12226","town_name_kana":"ﾌｯﾂ","town_name":"富津","zip_code":"2930021"},{"prefecture_jis_code":"12","city_jis_code":"12226","town_name_kana":"ﾌﾀﾏﾂﾞｶ","town_name":"二間塚","zip_code":"2930002"},{"prefecture_jis_code":"12","city_jis_code":"12226","town_name_kana":"ﾎｳﾘｭｳｼﾞ","town_name":"宝竜寺","zip_code":"2930052"},{"prefecture_jis_code":"12","city_jis_code":"12226","town_name_kana":"ﾎﾝｺﾞｳ","town_name":"本郷","zip_code":"2930003"},{"prefecture_jis_code":"12","city_jis_code":"12226","town_name_kana":"ﾏｴｸﾎﾞ","town_name":"前久保","zip_code":"2930004"},{"prefecture_jis_code":"12","city_jis_code":"12226","town_name_kana":"ﾐﾅﾄ","town_name":"湊","zip_code":"2991607"},{"prefecture_jis_code":"12","city_jis_code":"12226","town_name_kana":"ﾐﾖﾊﾞﾗ","town_name":"御代原","zip_code":"2991741"},{"prefecture_jis_code":"12","city_jis_code":"12226","town_name_kana":"ﾑﾂﾉ","town_name":"六野","zip_code":"2991756"},{"prefecture_jis_code":"12","city_jis_code":"12226","town_name_kana":"ﾓﾁｲ","town_name":"望井","zip_code":"2991605"},{"prefecture_jis_code":"12","city_jis_code":"12226","town_name_kana":"ﾔﾀﾇﾏ","town_name":"八田沼","zip_code":"2930045"},{"prefecture_jis_code":"12","city_jis_code":"12226","town_name_kana":"ﾔﾏﾅｶ","town_name":"山中","zip_code":"2991743"},{"prefecture_jis_code":"12","city_jis_code":"12226","town_name_kana":"ﾔﾏﾜｷ","town_name":"山脇","zip_code":"2991754"},{"prefecture_jis_code":"12","city_jis_code":"12226","town_name_kana":"ﾔﾜﾀ","town_name":"八幡","zip_code":"2930056"},{"prefecture_jis_code":"12","city_jis_code":"12226","town_name_kana":"ﾖｺﾔﾏ","town_name":"横山","zip_code":"2991612"}]