[{"prefecture_jis_code":"12","city_jis_code":"12422","town_name_kana":"ｲﾜｲ","town_name":"岩井","zip_code":"2994412"},{"prefecture_jis_code":"12","city_jis_code":"12422","town_name_kana":"ｵｵｶﾞﾐ","town_name":"大上","zip_code":"2994423"},{"prefecture_jis_code":"12","city_jis_code":"12422","town_name_kana":"ｵｵﾔｷﾞ","town_name":"大谷木","zip_code":"2994405"},{"prefecture_jis_code":"12","city_jis_code":"12422","town_name_kana":"ｶﾐｲﾁﾊﾞ","town_name":"上市場","zip_code":"2994403"},{"prefecture_jis_code":"12","city_jis_code":"12422","town_name_kana":"ｶﾐﾉｺﾞｳ","town_name":"上之郷","zip_code":"2994413"},{"prefecture_jis_code":"12","city_jis_code":"12422","town_name_kana":"ｶﾜｼﾏ","town_name":"川島","zip_code":"2994402"},{"prefecture_jis_code":"12","city_jis_code":"12422","town_name_kana":"ｶﾜｽｶﾞﾔ","town_name":"河須ケ谷","zip_code":"2994411"},{"prefecture_jis_code":"12","city_jis_code":"12422","town_name_kana":"ｷﾀﾔﾏﾀﾞ","town_name":"北山田","zip_code":"2994404"},{"prefecture_jis_code":"12","city_jis_code":"12422","town_name_kana":"ｷﾀﾔﾏﾀﾞﾃﾗｻｷｼﾝﾃﾞﾝ","town_name":"北山田寺崎新田","zip_code":"2994406"},{"prefecture_jis_code":"12","city_jis_code":"12422","town_name_kana":"ｺﾀﾞｷ","town_name":"小滝","zip_code":"2994415"},{"prefecture_jis_code":"12","city_jis_code":"12422","town_name_kana":"ｻﾇｷ","town_name":"佐貫","zip_code":"2994425"},{"prefecture_jis_code":"12","city_jis_code":"12422","town_name_kana":"ｼﾓﾉｺﾞｳ","town_name":"下之郷","zip_code":"2994414"},{"prefecture_jis_code":"12","city_jis_code":"12422","town_name_kana":"ﾁｮｳﾗｸｼﾞ","town_name":"長楽寺","zip_code":"2994421"},{"prefecture_jis_code":"12","city_jis_code":"12422","town_name_kana":"ﾃﾗｻｷ","town_name":"寺崎","zip_code":"2994401"},{"prefecture_jis_code":"12","city_jis_code":"12422","town_name_kana":"ﾐｮｳﾗｸｼﾞ","town_name":"妙楽寺","zip_code":"2994424"},{"prefecture_jis_code":"12","city_jis_code":"12422","town_name_kana":"ﾓﾘ","town_name":"森","zip_code":"2994422"}]