[{"prefecture_jis_code":"11","city_jis_code":"11464","town_name_kana":"ｳﾁﾀﾞ","town_name":"内田","zip_code":"3450035"},{"prefecture_jis_code":"11","city_jis_code":"11464","town_name_kana":"ｵｵｼﾞﾏ","town_name":"大島","zip_code":"3450042"},{"prefecture_jis_code":"11","city_jis_code":"11464","town_name_kana":"ｵｵﾂｶ","town_name":"大塚","zip_code":"3450022"},{"prefecture_jis_code":"11","city_jis_code":"11464","town_name_kana":"ｷﾀﾊｽﾇﾏ","town_name":"北蓮沼","zip_code":"3450021"},{"prefecture_jis_code":"11","city_jis_code":"11464","town_name_kana":"ｷﾂﾞｳﾁ","town_name":"木津内","zip_code":"3450001"},{"prefecture_jis_code":"11","city_jis_code":"11464","town_name_kana":"ｷﾉｶﾜ","town_name":"木野川","zip_code":"3450003"},{"prefecture_jis_code":"11","city_jis_code":"11464","town_name_kana":"ｸﾗﾏﾂ","town_name":"倉松","zip_code":"3450034"},{"prefecture_jis_code":"11","city_jis_code":"11464","town_name_kana":"ｻｲﾊﾞ","town_name":"才羽","zip_code":"3450014"},{"prefecture_jis_code":"11","city_jis_code":"11464","town_name_kana":"ｻｻﾞｴﾓﾝ","town_name":"佐左エ門","zip_code":"3450033"},{"prefecture_jis_code":"11","city_jis_code":"11464","town_name_kana":"ｼﾓﾀｶﾉ","town_name":"下高野","zip_code":"3450043"},{"prefecture_jis_code":"11","city_jis_code":"11464","town_name_kana":"ｼﾓﾉ","town_name":"下野","zip_code":"3450044"},{"prefecture_jis_code":"11","city_jis_code":"11464","town_name_kana":"ｽｷﾞﾄ","town_name":"杉戸","zip_code":"3450036"},{"prefecture_jis_code":"11","city_jis_code":"11464","town_name_kana":"ｾｲｼﾞ","town_name":"清地","zip_code":"3450025"},{"prefecture_jis_code":"11","city_jis_code":"11464","town_name_kana":"ﾀｶﾉﾀﾞｲﾆｼ","town_name":"高野台西","zip_code":"3450045"},{"prefecture_jis_code":"11","city_jis_code":"11464","town_name_kana":"ﾀｶﾉﾀﾞｲﾋｶﾞｼ","town_name":"高野台東","zip_code":"3450047"},{"prefecture_jis_code":"11","city_jis_code":"11464","town_name_kana":"ﾀｶﾉﾀﾞｲﾐﾅﾐ","town_name":"高野台南","zip_code":"3450046"},{"prefecture_jis_code":"11","city_jis_code":"11464","town_name_kana":"ﾂﾂﾐﾈ","town_name":"堤根","zip_code":"3450024"},{"prefecture_jis_code":"11","city_jis_code":"11464","town_name_kana":"ﾂﾊﾞｷ","town_name":"椿","zip_code":"3450013"},{"prefecture_jis_code":"11","city_jis_code":"11464","town_name_kana":"ﾄｵﾉ","town_name":"遠野","zip_code":"3450031"},{"prefecture_jis_code":"11","city_jis_code":"11464","town_name_kana":"ﾅﾗﾋﾞﾂｶ","town_name":"並塚","zip_code":"3450015"},{"prefecture_jis_code":"11","city_jis_code":"11464","town_name_kana":"ﾊﾞﾗｼﾞﾏ","town_name":"茨島","zip_code":"3450041"},{"prefecture_jis_code":"11","city_jis_code":"11464","town_name_kana":"ﾋﾛﾄﾇﾏ","town_name":"広戸沼","zip_code":"3450032"},{"prefecture_jis_code":"11","city_jis_code":"11464","town_name_kana":"ﾋﾞｮｳﾌﾞ","town_name":"屏風","zip_code":"3450011"},{"prefecture_jis_code":"11","city_jis_code":"11464","town_name_kana":"ﾌｶﾜ","town_name":"深輪","zip_code":"3450012"},{"prefecture_jis_code":"11","city_jis_code":"11464","town_name_kana":"ﾎﾝｺﾞｳ","town_name":"本郷","zip_code":"3450023"},{"prefecture_jis_code":"11","city_jis_code":"11464","town_name_kana":"ﾐﾔﾏｴ","town_name":"宮前","zip_code":"3450004"},{"prefecture_jis_code":"11","city_jis_code":"11464","town_name_kana":"ﾒﾇﾏ","town_name":"目沼","zip_code":"3450005"},{"prefecture_jis_code":"11","city_jis_code":"11464","town_name_kana":"ﾓﾄｼﾞﾏ","town_name":"本島","zip_code":"3450037"},{"prefecture_jis_code":"11","city_jis_code":"11464","town_name_kana":"ﾜｼﾉｽ","town_name":"鷲巣","zip_code":"3450002"}]