[{"prefecture_jis_code":"04","city_jis_code":"04102","town_name_kana":"ｱﾝﾖｳｼﾞ","town_name":"安養寺"},{"prefecture_jis_code":"04","city_jis_code":"04102","town_name_kana":"ｲﾁｮｳﾏﾁ","town_name":"銀杏町"},{"prefecture_jis_code":"04","city_jis_code":"04102","town_name_kana":"ｲﾃﾞｶ","town_name":"出花"},{"prefecture_jis_code":"04","city_jis_code":"04102","town_name_kana":"ｲﾜｷﾘ","town_name":"岩切"},{"prefecture_jis_code":"04","city_jis_code":"04102","town_name_kana":"ｲﾜｷﾘﾌﾞﾝﾀﾞｲ","town_name":"岩切分台"},{"prefecture_jis_code":"04","city_jis_code":"04102","town_name_kana":"ｵｳｷﾞﾏﾁ","town_name":"扇町"},{"prefecture_jis_code":"04","city_jis_code":"04102","town_name_kana":"ｵｵｶｼﾞ","town_name":"大梶"},{"prefecture_jis_code":"04","city_jis_code":"04102","town_name_kana":"ｵｶﾀﾞ","town_name":"岡田"},{"prefecture_jis_code":"04","city_jis_code":"04102","town_name_kana":"ｵｶﾀﾞﾆｼﾏﾁ","town_name":"岡田西町"},{"prefecture_jis_code":"04","city_jis_code":"04102","town_name_kana":"ｵﾀﾞﾜﾗ","town_name":"小田原"},{"prefecture_jis_code":"04","city_jis_code":"04102","town_name_kana":"ｵﾀﾞﾜﾗｳｼｺﾞﾔﾁｮｳ","town_name":"小田原牛小屋丁"},{"prefecture_jis_code":"04","city_jis_code":"04102","town_name_kana":"ｵﾀﾞﾜﾗｺﾝｺﾞｳｲﾝﾁｮｳ","town_name":"小田原金剛院丁"},{"prefecture_jis_code":"04","city_jis_code":"04102","town_name_kana":"ｵﾀﾞﾜﾗｼﾐｽﾞﾇﾏﾄﾞｵﾘ","town_name":"小田原清水沼通"},{"prefecture_jis_code":"04","city_jis_code":"04102","town_name_kana":"ｵﾀﾞﾜﾗﾀﾞｲｷﾞｮｳｲﾝﾁｮｳ","town_name":"小田原大行院丁"},{"prefecture_jis_code":"04","city_jis_code":"04102","town_name_kana":"ｵﾀﾞﾜﾗﾋﾛﾁｮｳ","town_name":"小田原広丁"},{"prefecture_jis_code":"04","city_jis_code":"04102","town_name_kana":"ｵﾀﾞﾜﾗﾔﾏﾓﾄﾁｮｳ","town_name":"小田原山本丁"},{"prefecture_jis_code":"04","city_jis_code":"04102","town_name_kana":"ｵﾀﾞﾜﾗﾕﾐﾉﾏﾁ","town_name":"小田原弓ノ町"},{"prefecture_jis_code":"04","city_jis_code":"04102","town_name_kana":"ｶｷｮｳｲﾝﾄﾞｵﾘ","town_name":"花京院通"},{"prefecture_jis_code":"04","city_jis_code":"04102","town_name_kana":"ｶﾆｻﾜ","town_name":"蟹沢"},{"prefecture_jis_code":"04","city_jis_code":"04102","town_name_kana":"ｶﾞﾓｳ","town_name":"蒲生"},{"prefecture_jis_code":"04","city_jis_code":"04102","town_name_kana":"ｸﾙﾏﾏﾁ","town_name":"車町"},{"prefecture_jis_code":"04","city_jis_code":"04102","town_name_kana":"ｺﾂﾞﾙ","town_name":"小鶴"},{"prefecture_jis_code":"04","city_jis_code":"04102","town_name_kana":"ｺﾞﾘﾝ","town_name":"五輪"},{"prefecture_jis_code":"04","city_jis_code":"04102","town_name_kana":"ｻｲﾜｲﾁｮｳ","town_name":"幸町"},{"prefecture_jis_code":"04","city_jis_code":"04102","town_name_kana":"ｻｶｴ","town_name":"栄"},{"prefecture_jis_code":"04","city_jis_code":"04102","town_name_kana":"ｼﾐｽﾞﾇﾏ","town_name":"清水沼"},{"prefecture_jis_code":"04","city_jis_code":"04102","town_name_kana":"ｼﾗﾄﾘ","town_name":"白鳥"},{"prefecture_jis_code":"04","city_jis_code":"04102","town_name_kana":"ｼﾝﾃﾞﾝ","town_name":"新田"},{"prefecture_jis_code":"04","city_jis_code":"04102","town_name_kana":"ｼﾝﾃﾞﾝﾋｶﾞｼ","town_name":"新田東"},{"prefecture_jis_code":"04","city_jis_code":"04102","town_name_kana":"ｼﾞﾕｳｶﾞｵｶ","town_name":"自由ケ丘"},{"prefecture_jis_code":"04","city_jis_code":"04102","town_name_kana":"ｾﾝｺﾞｸ","town_name":"仙石"},{"prefecture_jis_code":"04","city_jis_code":"04102","town_name_kana":"ｾﾝﾀﾞｲｺｳｷﾀ","town_name":"仙台港北"},{"prefecture_jis_code":"04","city_jis_code":"04102","town_name_kana":"ﾀｶｻｺﾞ","town_name":"高砂"},{"prefecture_jis_code":"04","city_jis_code":"04102","town_name_kana":"ﾀｺﾞ","town_name":"田子"},{"prefecture_jis_code":"04","city_jis_code":"04102","town_name_kana":"ﾀｺﾞﾆｼ","town_name":"田子西"},{"prefecture_jis_code":"04","city_jis_code":"04102","town_name_kana":"ﾂﾂｼﾞｶﾞｵｶ","town_name":"榴岡"},{"prefecture_jis_code":"04","city_jis_code":"04102","town_name_kana":"ﾂﾂｼﾞｶﾞｵｶ","town_name":"榴ケ岡"},{"prefecture_jis_code":"04","city_jis_code":"04102","town_name_kana":"ﾂﾊﾞﾒｻﾜ","town_name":"燕沢"},{"prefecture_jis_code":"04","city_jis_code":"04102","town_name_kana":"ﾂﾊﾞﾒｻﾜﾋｶﾞｼ","town_name":"燕沢東"},{"prefecture_jis_code":"04","city_jis_code":"04102","town_name_kana":"ﾂﾙｶﾞﾔ","town_name":"鶴ケ谷"},{"prefecture_jis_code":"04","city_jis_code":"04102","town_name_kana":"ﾂﾙｶﾞﾔｷﾀ","town_name":"鶴ケ谷北"},{"prefecture_jis_code":"04","city_jis_code":"04102","town_name_kana":"ﾂﾙｶﾞﾔﾋｶﾞｼ","town_name":"鶴ケ谷東"},{"prefecture_jis_code":"04","city_jis_code":"04102","town_name_kana":"ﾂﾙﾏｷ","town_name":"鶴巻"},{"prefecture_jis_code":"04","city_jis_code":"04102","town_name_kana":"ﾃｯﾎﾟｳﾏﾁ","town_name":"鉄砲町"},{"prefecture_jis_code":"04","city_jis_code":"04102","town_name_kana":"ﾃｯﾎﾟｳﾏﾁﾅｶ","town_name":"鉄砲町中"},{"prefecture_jis_code":"04","city_jis_code":"04102","town_name_kana":"ﾃｯﾎﾟｳﾏﾁﾆｼ","town_name":"鉄砲町西"},{"prefecture_jis_code":"04","city_jis_code":"04102","town_name_kana":"ﾃｯﾎﾟｳﾏﾁﾋｶﾞｼ","town_name":"鉄砲町東"},{"prefecture_jis_code":"04","city_jis_code":"04102","town_name_kana":"ﾅｶｹﾁｮｳ","town_name":"名掛丁"},{"prefecture_jis_code":"04","city_jis_code":"04102","town_name_kana":"ﾅｶﾉ","town_name":"中野"},{"prefecture_jis_code":"04","city_jis_code":"04102","town_name_kana":"ﾆｶﾞﾀｹ","town_name":"苦竹"},{"prefecture_jis_code":"04","city_jis_code":"04102","town_name_kana":"ﾆｼﾐﾔｷﾞﾉ","town_name":"西宮城野"},{"prefecture_jis_code":"04","city_jis_code":"04102","town_name_kana":"ﾆｼﾞｭｳﾆﾝﾏﾁ","town_name":"二十人町"},{"prefecture_jis_code":"04","city_jis_code":"04102","town_name_kana":"ﾆｼﾞｭｳﾆﾝﾏﾁﾄﾞｵﾘ","town_name":"二十人町通"},{"prefecture_jis_code":"04","city_jis_code":"04102","town_name_kana":"ﾆﾉﾓﾘ","town_name":"二の森"},{"prefecture_jis_code":"04","city_jis_code":"04102","town_name_kana":"ﾊｷﾞﾉﾏﾁ","town_name":"萩野町"},{"prefecture_jis_code":"04","city_jis_code":"04102","town_name_kana":"ﾊﾗﾉﾏﾁ","town_name":"原町"},{"prefecture_jis_code":"04","city_jis_code":"04102","town_name_kana":"ﾊﾗﾉﾏﾁﾆｶﾞﾀｹ","town_name":"原町苦竹"},{"prefecture_jis_code":"04","city_jis_code":"04102","town_name_kana":"ﾊﾗﾉﾏﾁﾐﾅﾐﾉﾒ","town_name":"原町南目"},{"prefecture_jis_code":"04","city_jis_code":"04102","town_name_kana":"ﾋｶﾞｼ6ﾊﾞﾝﾁｮｳ","town_name":"東六番丁"},{"prefecture_jis_code":"04","city_jis_code":"04102","town_name_kana":"ﾋｶﾞｼｾﾝﾀﾞｲ","town_name":"東仙台"},{"prefecture_jis_code":"04","city_jis_code":"04102","town_name_kana":"ﾋｶﾞｼﾐﾔｷﾞﾉ","town_name":"東宮城野"},{"prefecture_jis_code":"04","city_jis_code":"04102","town_name_kana":"ﾋﾉﾃﾞﾏﾁ","town_name":"日の出町"},{"prefecture_jis_code":"04","city_jis_code":"04102","town_name_kana":"ﾌｸｽﾞﾐﾏﾁ","town_name":"福住町"},{"prefecture_jis_code":"04","city_jis_code":"04102","town_name_kana":"ﾌｸﾀﾞﾏﾁ","town_name":"福田町"},{"prefecture_jis_code":"04","city_jis_code":"04102","town_name_kana":"ﾌｸﾀﾞﾏﾁﾐﾅﾐ","town_name":"福田町南"},{"prefecture_jis_code":"04","city_jis_code":"04102","town_name_kana":"ﾌｸﾑﾛ","town_name":"福室"},{"prefecture_jis_code":"04","city_jis_code":"04102","town_name_kana":"ﾍｲｾｲ","town_name":"平成"},{"prefecture_jis_code":"04","city_jis_code":"04102","town_name_kana":"ﾏｽｴ","town_name":"枡江"},{"prefecture_jis_code":"04","city_jis_code":"04102","town_name_kana":"ﾏﾂｵｶﾁｮｳ","town_name":"松岡町"},{"prefecture_jis_code":"04","city_jis_code":"04102","town_name_kana":"ﾐﾅﾄ","town_name":"港"},{"prefecture_jis_code":"04","city_jis_code":"04102","town_name_kana":"ﾐﾅﾐﾉﾒﾀﾃ","town_name":"南目館"},{"prefecture_jis_code":"04","city_jis_code":"04102","town_name_kana":"ﾐﾔｷﾞﾉ","town_name":"宮城野"},{"prefecture_jis_code":"04","city_jis_code":"04102","town_name_kana":"ﾐﾔﾁﾖ","town_name":"宮千代"},{"prefecture_jis_code":"04","city_jis_code":"04102","town_name_kana":"ﾓﾄﾃﾗｺｳｼﾞ","town_name":"元寺小路"}]