[{"prefecture_jis_code":"04","city_jis_code":"04202","town_name_kana":"ｱｲﾉﾔ","town_name":"相野谷"},{"prefecture_jis_code":"04","city_jis_code":"04202","town_name_kana":"ｱｶﾈﾀﾞｲﾗ","town_name":"茜平"},{"prefecture_jis_code":"04","city_jis_code":"04202","town_name_kana":"ｱｹﾎﾞﾉ","town_name":"あけぼの"},{"prefecture_jis_code":"04","city_jis_code":"04202","town_name_kana":"ｱｹﾎﾞﾉｷﾀ","town_name":"あけぼの北"},{"prefecture_jis_code":"04","city_jis_code":"04202","town_name_kana":"ｱｻﾋﾁｮｳ","town_name":"旭町"},{"prefecture_jis_code":"04","city_jis_code":"04202","town_name_kana":"ｱｼﾞﾊﾏ","town_name":"網地浜"},{"prefecture_jis_code":"04","city_jis_code":"04202","town_name_kana":"ｱﾕｶﾜｵｵﾏﾁ","town_name":"鮎川大町"},{"prefecture_jis_code":"04","city_jis_code":"04202","town_name_kana":"ｱﾕｶﾜﾊﾏ","town_name":"鮎川浜"},{"prefecture_jis_code":"04","city_jis_code":"04202","town_name_kana":"ｱﾕｶﾜﾊﾏﾁｮｳ","town_name":"鮎川浜丁"},{"prefecture_jis_code":"04","city_jis_code":"04202","town_name_kana":"ｲｲﾉ","town_name":"飯野"},{"prefecture_jis_code":"04","city_jis_code":"04202","town_name_kana":"ｲｽﾞﾐﾁｮｳ","town_name":"泉町"},{"prefecture_jis_code":"04","city_jis_code":"04202","town_name_kana":"ｲｾﾁｮｳ","town_name":"伊勢町"},{"prefecture_jis_code":"04","city_jis_code":"04202","town_name_kana":"ｲｾﾝﾊﾞ","town_name":"鋳銭場"},{"prefecture_jis_code":"04","city_jis_code":"04202","town_name_kana":"ｲﾅｲ","town_name":"井内"},{"prefecture_jis_code":"04","city_jis_code":"04202","town_name_kana":"ｲﾊﾞﾗﾂ","town_name":"伊原津"},{"prefecture_jis_code":"04","city_jis_code":"04202","town_name_kana":"ｳﾀﾞｶﾞﾜﾁｮｳ","town_name":"宇田川町"},{"prefecture_jis_code":"04","city_jis_code":"04202","town_name_kana":"ｴｷﾏｴｷﾀﾄﾞｵﾘ","town_name":"駅前北通り"},{"prefecture_jis_code":"04","city_jis_code":"04202","town_name_kana":"ｵｳﾘ","town_name":"大瓜"},{"prefecture_jis_code":"04","city_jis_code":"04202","town_name_kana":"ｵｵｶｲﾄﾞｳｷﾀ","town_name":"大街道北"},{"prefecture_jis_code":"04","city_jis_code":"04202","town_name_kana":"ｵｵｶｲﾄﾞｳﾆｼ","town_name":"大街道西"},{"prefecture_jis_code":"04","city_jis_code":"04202","town_name_kana":"ｵｵｶｲﾄﾞｳﾋｶﾞｼ","town_name":"大街道東"},{"prefecture_jis_code":"04","city_jis_code":"04202","town_name_kana":"ｵｵｶｲﾄﾞｳﾐﾅﾐ","town_name":"大街道南"},{"prefecture_jis_code":"04","city_jis_code":"04202","town_name_kana":"ｵｵﾃﾏﾁ","town_name":"大手町"},{"prefecture_jis_code":"04","city_jis_code":"04202","town_name_kana":"ｵｵﾊｼ","town_name":"大橋"},{"prefecture_jis_code":"04","city_jis_code":"04202","town_name_kana":"ｵｵﾊﾗﾊﾏ","town_name":"大原浜"},{"prefecture_jis_code":"04","city_jis_code":"04202","town_name_kana":"ｵｵﾐﾔﾁｮｳ","town_name":"大宮町"},{"prefecture_jis_code":"04","city_jis_code":"04202","town_name_kana":"ｵｵﾓﾘ","town_name":"大森"},{"prefecture_jis_code":"04","city_jis_code":"04202","town_name_kana":"ｵｵﾔｶﾞﾜﾊﾏ","town_name":"大谷川浜"},{"prefecture_jis_code":"04","city_jis_code":"04202","town_name_kana":"ｵｶﾞﾂﾁｮｳｲｾﾊﾀ","town_name":"雄勝町伊勢畑"},{"prefecture_jis_code":"04","city_jis_code":"04202","town_name_kana":"ｵｶﾞﾂﾁｮｳｵｵｽ","town_name":"雄勝町大須"},{"prefecture_jis_code":"04","city_jis_code":"04202","town_name_kana":"ｵｶﾞﾂﾁｮｳｵｵﾊﾏ","town_name":"雄勝町大浜"},{"prefecture_jis_code":"04","city_jis_code":"04202","town_name_kana":"ｵｶﾞﾂﾁｮｳｵｶﾞﾂ","town_name":"雄勝町雄勝"},{"prefecture_jis_code":"04","city_jis_code":"04202","town_name_kana":"ｵｶﾞﾂﾁｮｳｵｼﾞﾏ","town_name":"雄勝町小島"},{"prefecture_jis_code":"04","city_jis_code":"04202","town_name_kana":"ｵｶﾞﾂﾁｮｳｶﾐｵｶﾞﾂ","town_name":"雄勝町上雄勝"},{"prefecture_jis_code":"04","city_jis_code":"04202","town_name_kana":"ｵｶﾞﾂﾁｮｳｸﾏｻﾞﾜ","town_name":"雄勝町熊沢"},{"prefecture_jis_code":"04","city_jis_code":"04202","town_name_kana":"ｵｶﾞﾂﾁｮｳｸﾜﾊﾏ","town_name":"雄勝町桑浜"},{"prefecture_jis_code":"04","city_jis_code":"04202","town_name_kana":"ｵｶﾞﾂﾁｮｳｼﾓｵｶﾞﾂ","town_name":"雄勝町下雄勝"},{"prefecture_jis_code":"04","city_jis_code":"04202","town_name_kana":"ｵｶﾞﾂﾁｮｳﾀﾁﾊﾏ","town_name":"雄勝町立浜"},{"prefecture_jis_code":"04","city_jis_code":"04202","town_name_kana":"ｵｶﾞﾂﾁｮｳﾅﾌﾞﾘ","town_name":"雄勝町名振"},{"prefecture_jis_code":"04","city_jis_code":"04202","town_name_kana":"ｵｶﾞﾂﾁｮｳﾌﾅｺｼ","town_name":"雄勝町船越"},{"prefecture_jis_code":"04","city_jis_code":"04202","town_name_kana":"ｵｶﾞﾂﾁｮｳﾐｮｳｼﾞﾝ","town_name":"雄勝町明神"},{"prefecture_jis_code":"04","city_jis_code":"04202","town_name_kana":"ｵｶﾞﾂﾁｮｳﾐｽﾞﾊﾏ","town_name":"雄勝町水浜"},{"prefecture_jis_code":"04","city_jis_code":"04202","town_name_kana":"ｵｶﾞﾂﾁｮｳﾜｹﾊﾏ","town_name":"雄勝町分浜"},{"prefecture_jis_code":"04","city_jis_code":"04202","town_name_kana":"ｵｷﾞﾉﾊﾏ","town_name":"荻浜"},{"prefecture_jis_code":"04","city_jis_code":"04202","town_name_kana":"ｵﾉｻｷ","town_name":"尾ノ崎"},{"prefecture_jis_code":"04","city_jis_code":"04202","town_name_kana":"ｵﾘﾉﾊﾏ","town_name":"折浜"},{"prefecture_jis_code":"04","city_jis_code":"04202","town_name_kana":"ｶｲｾｲ","town_name":"開成"},{"prefecture_jis_code":"04","city_jis_code":"04202","town_name_kana":"ｶｲﾎｸ","town_name":"開北"},{"prefecture_jis_code":"04","city_jis_code":"04202","town_name_kana":"ｶﾂﾞﾏｷﾀ","town_name":"鹿妻北"},{"prefecture_jis_code":"04","city_jis_code":"04202","town_name_kana":"ｶﾂﾞﾏﾎﾝﾁｮｳ","town_name":"鹿妻本町"},{"prefecture_jis_code":"04","city_jis_code":"04202","town_name_kana":"ｶﾂﾞﾏﾐﾅﾐ","town_name":"鹿妻南"},{"prefecture_jis_code":"04","city_jis_code":"04202","town_name_kana":"ｶﾄﾞﾉﾜｷ","town_name":"門脇"},{"prefecture_jis_code":"04","city_jis_code":"04202","town_name_kana":"ｶﾄﾞﾉﾜｷﾁｮｳ","town_name":"門脇町"},{"prefecture_jis_code":"04","city_jis_code":"04202","town_name_kana":"ｶﾉﾏﾀ","town_name":"鹿又"},{"prefecture_jis_code":"04","city_jis_code":"04202","town_name_kana":"ｶﾏﾔ","town_name":"釜谷"},{"prefecture_jis_code":"04","city_jis_code":"04202","town_name_kana":"ｶﾜｸﾞﾁﾁｮｳ","town_name":"川口町"},{"prefecture_jis_code":"04","city_jis_code":"04202","town_name_kana":"ｷｭｳﾌﾞﾝﾊﾏ","town_name":"給分浜"},{"prefecture_jis_code":"04","city_jis_code":"04202","town_name_kana":"ｷﾀｶﾐﾁｮｳｵﾅｶﾞﾜ","town_name":"北上町女川"},{"prefecture_jis_code":"04","city_jis_code":"04202","town_name_kana":"ｷﾀｶﾐﾁｮｳｼﾞｭｳｻﾝﾊﾏ","town_name":"北上町十三浜"},{"prefecture_jis_code":"04","city_jis_code":"04202","town_name_kana":"ｷﾀｶﾐﾁｮｳﾅｶﾞｵ","town_name":"北上町長尾"},{"prefecture_jis_code":"04","city_jis_code":"04202","town_name_kana":"ｷﾀｶﾐﾁｮｳﾊｼｳﾗ","town_name":"北上町橋浦"},{"prefecture_jis_code":"04","city_jis_code":"04202","town_name_kana":"ｷﾀｻﾞｶｲ","town_name":"北境"},{"prefecture_jis_code":"04","city_jis_code":"04202","town_name_kana":"ｷﾀﾑﾗ","town_name":"北村"},{"prefecture_jis_code":"04","city_jis_code":"04202","town_name_kana":"ｷﾂﾈｻﾞｷﾊﾏ","town_name":"狐崎浜"},{"prefecture_jis_code":"04","city_jis_code":"04202","town_name_kana":"ｸｸﾞﾅﾘﾊﾏ","town_name":"十八成浜"},{"prefecture_jis_code":"04","city_jis_code":"04202","town_name_kana":"ｺｱﾐｸﾗﾊﾏ","town_name":"小網倉浜"},{"prefecture_jis_code":"04","city_jis_code":"04202","town_name_kana":"ｺｳﾖｳﾁｮｳ","town_name":"向陽町"},{"prefecture_jis_code":"04","city_jis_code":"04202","town_name_kana":"ｺｸﾁｮｳ","town_name":"穀町"},{"prefecture_jis_code":"04","city_jis_code":"04202","town_name_kana":"ｺﾀﾞｹﾊﾏ","town_name":"小竹浜"},{"prefecture_jis_code":"04","city_jis_code":"04202","town_name_kana":"ｺﾂﾞﾐﾊﾏ","town_name":"小積浜"},{"prefecture_jis_code":"04","city_jis_code":"04202","town_name_kana":"ｺﾌﾅｺｼ","town_name":"小船越"},{"prefecture_jis_code":"04","city_jis_code":"04202","town_name_kana":"ｺﾌﾞﾁﾊﾏ","town_name":"小渕浜"},{"prefecture_jis_code":"04","city_jis_code":"04202","town_name_kana":"ｺﾞｼｮｳﾊﾞｼ","town_name":"後生橋"},{"prefecture_jis_code":"04","city_jis_code":"04202","town_name_kana":"ｻｲﾜｲﾁｮｳ","town_name":"幸町"},{"prefecture_jis_code":"04","city_jis_code":"04202","town_name_kana":"ｻｶﾅﾏﾁ","town_name":"魚町"},{"prefecture_jis_code":"04","city_jis_code":"04202","town_name_kana":"ｻｸﾗﾏﾁ","town_name":"さくら町"},{"prefecture_jis_code":"04","city_jis_code":"04202","town_name_kana":"ｻﾑﾗｲﾊﾏ","town_name":"侍浜"},{"prefecture_jis_code":"04","city_jis_code":"04202","town_name_kana":"ｻﾒﾉｳﾗ","town_name":"鮫浦"},{"prefecture_jis_code":"04","city_jis_code":"04202","town_name_kana":"ｻﾗｶﾞｲ","town_name":"皿貝"},{"prefecture_jis_code":"04","city_jis_code":"04202","town_name_kana":"ｻﾜﾀﾞ","town_name":"沢田"},{"prefecture_jis_code":"04","city_jis_code":"04202","town_name_kana":"ｼｵﾄﾐﾁｮｳ","town_name":"塩富町"},{"prefecture_jis_code":"04","city_jis_code":"04202","town_name_kana":"ｼｵﾐﾁｮｳ","town_name":"潮見町"},{"prefecture_jis_code":"04","city_jis_code":"04202","town_name_kana":"ｼｹﾞﾖｼﾁｮｳ","town_name":"重吉町"},{"prefecture_jis_code":"04","city_jis_code":"04202","town_name_kana":"ｼﾐｽﾞﾀﾞﾊﾏ","town_name":"清水田浜"},{"prefecture_jis_code":"04","city_jis_code":"04202","town_name_kana":"ｼﾐｽﾞﾁｮｳ","town_name":"清水町"},{"prefecture_jis_code":"04","city_jis_code":"04202","town_name_kana":"ｼﾝｴｲ","town_name":"新栄"},{"prefecture_jis_code":"04","city_jis_code":"04202","town_name_kana":"ｼﾝｻｶｲﾁｮｳ","town_name":"新境町"},{"prefecture_jis_code":"04","city_jis_code":"04202","town_name_kana":"ｼﾝｾｲ","town_name":"新成"},{"prefecture_jis_code":"04","city_jis_code":"04202","town_name_kana":"ｼﾝﾀﾃ","town_name":"新館"},{"prefecture_jis_code":"04","city_jis_code":"04202","town_name_kana":"ｼﾝﾊﾞｼ","town_name":"新橋"},{"prefecture_jis_code":"04","city_jis_code":"04202","town_name_kana":"ｽｲﾒｲｷﾀ","town_name":"水明北"},{"prefecture_jis_code":"04","city_jis_code":"04202","town_name_kana":"ｽｲﾒｲﾐﾅﾐ","town_name":"水明南"},{"prefecture_jis_code":"04","city_jis_code":"04202","town_name_kana":"ｽｴ","town_name":"須江"},{"prefecture_jis_code":"04","city_jis_code":"04202","town_name_kana":"ｽｴﾋﾛﾁｮｳ","town_name":"末広町"},{"prefecture_jis_code":"04","city_jis_code":"04202","town_name_kana":"ｽﾀﾞﾁ","town_name":"鹿立"},{"prefecture_jis_code":"04","city_jis_code":"04202","town_name_kana":"ｽﾐﾖｼﾁｮｳ","town_name":"住吉町"},{"prefecture_jis_code":"04","city_jis_code":"04202","town_name_kana":"ｾﾝｺﾞｸﾁｮｳ","town_name":"千石町"},{"prefecture_jis_code":"04","city_jis_code":"04202","town_name_kana":"ﾀｶｷ","town_name":"高木"},{"prefecture_jis_code":"04","city_jis_code":"04202","town_name_kana":"ﾀｹﾉﾊﾏ","town_name":"竹浜"},{"prefecture_jis_code":"04","city_jis_code":"04202","town_name_kana":"ﾀｼﾛﾊﾏ","town_name":"田代浜"},{"prefecture_jis_code":"04","city_jis_code":"04202","town_name_kana":"ﾀﾁﾏﾁ","town_name":"立町"},{"prefecture_jis_code":"04","city_jis_code":"04202","town_name_kana":"ﾀﾐﾁﾁｮｳ","town_name":"田道町"},{"prefecture_jis_code":"04","city_jis_code":"04202","town_name_kana":"ﾀﾚﾐｽﾞﾁｮｳ","town_name":"垂水町"},{"prefecture_jis_code":"04","city_jis_code":"04202","town_name_kana":"ﾀﾞｲﾓﾝﾁｮｳ","town_name":"大門町"},{"prefecture_jis_code":"04","city_jis_code":"04202","town_name_kana":"ﾁｭｳｵｳ","town_name":"中央"},{"prefecture_jis_code":"04","city_jis_code":"04202","town_name_kana":"ﾂｷﾉｳﾗ","town_name":"月浦"},{"prefecture_jis_code":"04","city_jis_code":"04202","town_name_kana":"ﾂｷﾔﾏ","town_name":"築山"},{"prefecture_jis_code":"04","city_jis_code":"04202","town_name_kana":"ﾃｲｻﾞﾝ","town_name":"貞山"},{"prefecture_jis_code":"04","city_jis_code":"04202","town_name_kana":"ﾄﾏﾘﾊﾏ","town_name":"泊浜"},{"prefecture_jis_code":"04","city_jis_code":"04202","town_name_kana":"ﾅｶｳﾗ","town_name":"中浦"},{"prefecture_jis_code":"04","city_jis_code":"04202","town_name_kana":"ﾅｶｻﾄ","town_name":"中里"},{"prefecture_jis_code":"04","city_jis_code":"04202","town_name_kana":"ﾅｶｼﾞﾏ","town_name":"中島"},{"prefecture_jis_code":"04","city_jis_code":"04202","town_name_kana":"ﾅｶｼﾞﾏﾁｮｳ","town_name":"中島町"},{"prefecture_jis_code":"04","city_jis_code":"04202","town_name_kana":"ﾅｶｾﾞ","town_name":"中瀬"},{"prefecture_jis_code":"04","city_jis_code":"04202","town_name_kana":"ﾅｶﾉ","town_name":"中野"},{"prefecture_jis_code":"04","city_jis_code":"04202","town_name_kana":"ﾅｶﾔｼｷ","town_name":"中屋敷"},{"prefecture_jis_code":"04","city_jis_code":"04202","town_name_kana":"ﾅｶﾞﾂﾗ","town_name":"長面"},{"prefecture_jis_code":"04","city_jis_code":"04202","town_name_kana":"ﾅｶﾞﾊﾏﾁｮｳ","town_name":"長浜町"},{"prefecture_jis_code":"04","city_jis_code":"04202","town_name_kana":"ﾅｶﾞﾙ","town_name":"流留"},{"prefecture_jis_code":"04","city_jis_code":"04202","town_name_kana":"ﾅﾘﾀ","town_name":"成田"},{"prefecture_jis_code":"04","city_jis_code":"04202","town_name_kana":"ﾅﾝｺｳﾁｮｳ","town_name":"南光町"},{"prefecture_jis_code":"04","city_jis_code":"04202","town_name_kana":"ﾆｲﾔﾏﾊﾏ","town_name":"新山浜"},{"prefecture_jis_code":"04","city_jis_code":"04202","town_name_kana":"ﾆｼｷﾁｮｳ","town_name":"錦町"},{"prefecture_jis_code":"04","city_jis_code":"04202","town_name_kana":"ﾆｼﾊﾏﾁｮｳ","town_name":"西浜町"},{"prefecture_jis_code":"04","city_jis_code":"04202","town_name_kana":"ﾆｼﾔﾏﾁｮｳ","town_name":"西山町"},{"prefecture_jis_code":"04","city_jis_code":"04202","town_name_kana":"ﾇﾏﾂﾞ","town_name":"沼津"},{"prefecture_jis_code":"04","city_jis_code":"04202","town_name_kana":"ﾈｷﾞｼ","town_name":"根岸"},{"prefecture_jis_code":"04","city_jis_code":"04202","town_name_kana":"ﾉｿﾞﾐﾉ","town_name":"のぞみ野"},{"prefecture_jis_code":"04","city_jis_code":"04202","town_name_kana":"ﾊｸﾞﾛﾁｮｳ","town_name":"羽黒町"},{"prefecture_jis_code":"04","city_jis_code":"04202","town_name_kana":"ﾊﾁﾏﾝﾁｮｳ","town_name":"八幡町"},{"prefecture_jis_code":"04","city_jis_code":"04202","town_name_kana":"ﾊﾏｸﾞﾘﾊﾏ","town_name":"蛤浜"},{"prefecture_jis_code":"04","city_jis_code":"04202","town_name_kana":"ﾊﾏﾏﾂﾁｮｳ","town_name":"浜松町"},{"prefecture_jis_code":"04","city_jis_code":"04202","town_name_kana":"ﾊﾘｵｶ","town_name":"針岡"},{"prefecture_jis_code":"04","city_jis_code":"04202","town_name_kana":"ﾋｶﾞｼﾅｶｻﾄ","town_name":"東中里"},{"prefecture_jis_code":"04","city_jis_code":"04202","town_name_kana":"ﾋｶﾞｼﾌｸﾀﾞ","town_name":"東福田"},{"prefecture_jis_code":"04","city_jis_code":"04202","town_name_kana":"ﾋﾊﾞﾘﾉﾁｮｳ","town_name":"雲雀野町"},{"prefecture_jis_code":"04","city_jis_code":"04202","town_name_kana":"ﾋﾖﾘｶﾞｵｶ","town_name":"日和が丘"},{"prefecture_jis_code":"04","city_jis_code":"04202","town_name_kana":"ﾋﾛﾌﾞﾁ","town_name":"広渕"},{"prefecture_jis_code":"04","city_jis_code":"04202","town_name_kana":"ﾌｯｷｳﾗ","town_name":"福貴浦"},{"prefecture_jis_code":"04","city_jis_code":"04202","town_name_kana":"ﾌｸｼﾞ","town_name":"福地"},{"prefecture_jis_code":"04","city_jis_code":"04202","town_name_kana":"ﾌﾀｺﾞ","town_name":"二子"},{"prefecture_jis_code":"04","city_jis_code":"04202","town_name_kana":"ﾌﾀﾊﾞﾁｮｳ","town_name":"双葉町"},{"prefecture_jis_code":"04","city_jis_code":"04202","town_name_kana":"ﾌﾀﾜﾀｼﾊﾏ","town_name":"長渡浜"},{"prefecture_jis_code":"04","city_jis_code":"04202","town_name_kana":"ﾌﾄﾞｳﾁｮｳ","town_name":"不動町"},{"prefecture_jis_code":"04","city_jis_code":"04202","town_name_kana":"ﾍﾋﾞﾀ","town_name":"蛇田"},{"prefecture_jis_code":"04","city_jis_code":"04202","town_name_kana":"ﾏｴｱﾐﾊﾏ","town_name":"前網浜"},{"prefecture_jis_code":"04","city_jis_code":"04202","town_name_kana":"ﾏｴﾔﾁ","town_name":"前谷地"},{"prefecture_jis_code":"04","city_jis_code":"04202","town_name_kana":"ﾏｷﾉﾊﾏ","town_name":"牧浜"},{"prefecture_jis_code":"04","city_jis_code":"04202","town_name_kana":"ﾏｸﾞﾗ","town_name":"馬鞍"},{"prefecture_jis_code":"04","city_jis_code":"04202","town_name_kana":"ﾏﾂﾅﾐ","town_name":"松並"},{"prefecture_jis_code":"04","city_jis_code":"04202","town_name_kana":"ﾏﾂﾊﾞﾗﾁｮｳ","town_name":"松原町"},{"prefecture_jis_code":"04","city_jis_code":"04202","town_name_kana":"ﾏﾉ","town_name":"真野"},{"prefecture_jis_code":"04","city_jis_code":"04202","town_name_kana":"ﾏﾙｲﾄﾞ","town_name":"丸井戸"},{"prefecture_jis_code":"04","city_jis_code":"04202","town_name_kana":"ﾏﾝｺﾞｸﾁｮｳ","town_name":"万石町"},{"prefecture_jis_code":"04","city_jis_code":"04202","town_name_kana":"ﾐｮｳｼﾞﾝﾁｮｳ","town_name":"明神町"},{"prefecture_jis_code":"04","city_jis_code":"04202","town_name_kana":"ﾐｶﾜﾁｮｳ","town_name":"三河町"},{"prefecture_jis_code":"04","city_jis_code":"04202","town_name_kana":"ﾐｽﾞｵｼ","town_name":"水押"},{"prefecture_jis_code":"04","city_jis_code":"04202","town_name_kana":"ﾐｽﾞﾇﾏ","town_name":"水沼"},{"prefecture_jis_code":"04","city_jis_code":"04202","town_name_kana":"ﾐｿﾉ","town_name":"美園"},{"prefecture_jis_code":"04","city_jis_code":"04202","town_name_kana":"ﾐﾂﾏﾀ","town_name":"三ツ股"},{"prefecture_jis_code":"04","city_jis_code":"04202","town_name_kana":"ﾐﾂﾜﾁｮｳ","town_name":"三和町"},{"prefecture_jis_code":"04","city_jis_code":"04202","town_name_kana":"ﾐﾄﾞﾘﾁｮｳ","town_name":"緑町"},{"prefecture_jis_code":"04","city_jis_code":"04202","town_name_kana":"ﾐﾅﾄ","town_name":"湊"},{"prefecture_jis_code":"04","city_jis_code":"04202","town_name_kana":"ﾐﾅﾄﾁｮｳ","town_name":"湊町"},{"prefecture_jis_code":"04","city_jis_code":"04202","town_name_kana":"ﾐﾅﾐｻﾞｶｲ","town_name":"南境"},{"prefecture_jis_code":"04","city_jis_code":"04202","town_name_kana":"ﾐﾅﾐﾅｶｻﾄ","town_name":"南中里"},{"prefecture_jis_code":"04","city_jis_code":"04202","town_name_kana":"ﾐﾅﾐﾊﾏﾁｮｳ","town_name":"南浜町"},{"prefecture_jis_code":"04","city_jis_code":"04202","town_name_kana":"ﾐﾅﾐﾔﾁ","town_name":"南谷地"},{"prefecture_jis_code":"04","city_jis_code":"04202","town_name_kana":"ﾐﾉﾜﾀﾞ","town_name":"三輪田"},{"prefecture_jis_code":"04","city_jis_code":"04202","town_name_kana":"ﾒｸﾞﾐﾉ","town_name":"恵み野"},{"prefecture_jis_code":"04","city_jis_code":"04202","town_name_kana":"ﾓﾄｸﾗ","town_name":"元倉"},{"prefecture_jis_code":"04","city_jis_code":"04202","town_name_kana":"ﾓﾉｳﾁｮｳｳｼﾀ","town_name":"桃生町牛田"},{"prefecture_jis_code":"04","city_jis_code":"04202","town_name_kana":"ﾓﾉｳﾁｮｳｵｵﾀ","town_name":"桃生町太田"},{"prefecture_jis_code":"04","city_jis_code":"04202","town_name_kana":"ﾓﾉｳﾁｮｳｶｼｻﾞｷ","town_name":"桃生町樫崎"},{"prefecture_jis_code":"04","city_jis_code":"04202","town_name_kana":"ﾓﾉｳﾁｮｳｶﾝﾄﾞﾘ","town_name":"桃生町神取"},{"prefecture_jis_code":"04","city_jis_code":"04202","town_name_kana":"ﾓﾉｳﾁｮｳｷｭｳﾆﾝﾏﾁ","town_name":"桃生町給人町"},{"prefecture_jis_code":"04","city_jis_code":"04202","town_name_kana":"ﾓﾉｳﾁｮｳｸﾗｿﾞﾈ","town_name":"桃生町倉埣"},{"prefecture_jis_code":"04","city_jis_code":"04202","town_name_kana":"ﾓﾉｳﾁｮｳｼﾝﾃﾞﾝ","town_name":"桃生町新田"},{"prefecture_jis_code":"04","city_jis_code":"04202","town_name_kana":"ﾓﾉｳﾁｮｳｼﾞｮｳﾅｲ","town_name":"桃生町城内"},{"prefecture_jis_code":"04","city_jis_code":"04202","town_name_kana":"ﾓﾉｳﾁｮｳﾀｶｽｶ","town_name":"桃生町高須賀"},{"prefecture_jis_code":"04","city_jis_code":"04202","town_name_kana":"ﾓﾉｳﾁｮｳﾃﾗｻｷ","town_name":"桃生町寺崎"},{"prefecture_jis_code":"04","city_jis_code":"04202","town_name_kana":"ﾓﾉｳﾁｮｳﾅｶﾂﾔﾏ","town_name":"桃生町中津山"},{"prefecture_jis_code":"04","city_jis_code":"04202","town_name_kana":"ﾓﾉｳﾁｮｳﾅｶﾞｲ","town_name":"桃生町永井"},{"prefecture_jis_code":"04","city_jis_code":"04202","town_name_kana":"ﾓﾉｳﾁｮｳﾜｷﾔ","town_name":"桃生町脇谷"},{"prefecture_jis_code":"04","city_jis_code":"04202","town_name_kana":"ﾓﾓﾉｳﾗ","town_name":"桃浦"},{"prefecture_jis_code":"04","city_jis_code":"04202","town_name_kana":"ﾔｶﾞﾜﾊﾏ","town_name":"谷川浜"},{"prefecture_jis_code":"04","city_jis_code":"04202","town_name_kana":"ﾔﾏｼﾀﾁｮｳ","town_name":"山下町"},{"prefecture_jis_code":"04","city_jis_code":"04202","town_name_kana":"ﾖｼﾉﾁｮｳ","town_name":"吉野町"},{"prefecture_jis_code":"04","city_jis_code":"04202","town_name_kana":"ﾖｼﾔﾏﾁｮｳ","town_name":"宜山町"},{"prefecture_jis_code":"04","city_jis_code":"04202","town_name_kana":"ﾖﾘｲｿﾊﾏ","town_name":"寄磯浜"},{"prefecture_jis_code":"04","city_jis_code":"04202","town_name_kana":"ﾜｶﾊﾞ","town_name":"わかば"},{"prefecture_jis_code":"04","city_jis_code":"04202","town_name_kana":"ﾜﾀﾉﾊ","town_name":"渡波"},{"prefecture_jis_code":"04","city_jis_code":"04202","town_name_kana":"ﾜﾀﾉﾊﾁｮｳ","town_name":"渡波町"},{"prefecture_jis_code":"04","city_jis_code":"04202","town_name_kana":"ﾜﾌﾞﾁ","town_name":"和渕"}]