[{"prefecture_jis_code":"04","city_jis_code":"04216","town_name_kana":"ｱｶｲｼ","town_name":"明石","zip_code":"9813326"},{"prefecture_jis_code":"04","city_jis_code":"04216","town_name_kana":"ｱｶｲｼﾀﾞｲ","town_name":"明石台","zip_code":"9813332"},{"prefecture_jis_code":"04","city_jis_code":"04216","town_name_kana":"ｱｹﾉﾀﾞｲﾗ","town_name":"あけの平","zip_code":"9813361"},{"prefecture_jis_code":"04","city_jis_code":"04216","town_name_kana":"ｲｼﾂﾞﾓﾘ","town_name":"石積","zip_code":"9813325"},{"prefecture_jis_code":"04","city_jis_code":"04216","town_name_kana":"ｲﾁﾉｾｷ","town_name":"一ノ関","zip_code":"9813305"},{"prefecture_jis_code":"04","city_jis_code":"04216","town_name_kana":"ｲﾏｲｽﾞﾐ","town_name":"今泉","zip_code":"9813322"},{"prefecture_jis_code":"04","city_jis_code":"04216","town_name_kana":"ｵｵｶﾞﾒ","town_name":"大亀","zip_code":"9813323"},{"prefecture_jis_code":"04","city_jis_code":"04216","town_name_kana":"ｵｵｼﾐｽﾞ","town_name":"大清水","zip_code":"9813329"},{"prefecture_jis_code":"04","city_jis_code":"04216","town_name_kana":"ｵｵﾜﾗ","town_name":"大童","zip_code":"9813321"},{"prefecture_jis_code":"04","city_jis_code":"04216","town_name_kana":"ｶﾐｻｸﾗｷﾞ","town_name":"上桜木","zip_code":"9813328"},{"prefecture_jis_code":"04","city_jis_code":"04216","town_name_kana":"ｺｸﾀﾞ","town_name":"穀田","zip_code":"9813327"},{"prefecture_jis_code":"04","city_jis_code":"04216","town_name_kana":"ｻﾝﾉｾｷ","town_name":"三ノ関","zip_code":"9813302"},{"prefecture_jis_code":"04","city_jis_code":"04216","town_name_kana":"ｼﾄﾀﾞ","town_name":"志戸田","zip_code":"9813301"},{"prefecture_jis_code":"04","city_jis_code":"04216","town_name_kana":"ﾀｲｼﾄﾞｳ","town_name":"太子堂","zip_code":"9813303"},{"prefecture_jis_code":"04","city_jis_code":"04216","town_name_kana":"ﾀｶﾉﾓﾘ","town_name":"鷹乃杜","zip_code":"9813351"},{"prefecture_jis_code":"04","city_jis_code":"04216","town_name_kana":"ﾀｶﾔｼｷ","town_name":"高屋敷","zip_code":"9813313"},{"prefecture_jis_code":"04","city_jis_code":"04216","town_name_kana":"ﾄﾁﾉｷ","town_name":"とちの木","zip_code":"9813312"},{"prefecture_jis_code":"04","city_jis_code":"04216","town_name_kana":"ﾄﾐｶﾞｵｶ","town_name":"富ケ丘","zip_code":"9813352"},{"prefecture_jis_code":"04","city_jis_code":"04216","town_name_kana":"ﾄﾐﾔ","town_name":"富谷","zip_code":"9813311"},{"prefecture_jis_code":"04","city_jis_code":"04216","town_name_kana":"ﾅﾘﾀ","town_name":"成田","zip_code":"9813341"},{"prefecture_jis_code":"04","city_jis_code":"04216","town_name_kana":"ﾆｼﾅﾘﾀ","town_name":"西成田","zip_code":"9813324"},{"prefecture_jis_code":"04","city_jis_code":"04216","town_name_kana":"ﾆﾉｾｷ","town_name":"二ノ関","zip_code":"9813306"},{"prefecture_jis_code":"04","city_jis_code":"04216","town_name_kana":"ﾋｶﾞｼｺｳﾖｳﾀﾞｲ","town_name":"東向陽台","zip_code":"9813331"},{"prefecture_jis_code":"04","city_jis_code":"04216","town_name_kana":"ﾋﾖｼﾀﾞｲ","town_name":"日吉台","zip_code":"9813362"},{"prefecture_jis_code":"04","city_jis_code":"04216","town_name_kana":"ﾋﾖﾘﾀﾞｲ","town_name":"ひより台","zip_code":"9813304"},{"prefecture_jis_code":"04","city_jis_code":"04216","town_name_kana":"ﾓﾘﾉﾊｼ","town_name":"杜乃橋","zip_code":"9813363"}]