[{"prefecture_jis_code":"04","city_jis_code":"04323","town_name_kana":"ｲﾘﾏﾀﾞ","town_name":"入間田","zip_code":"9891745"},{"prefecture_jis_code":"04","city_jis_code":"04323","town_name_kana":"ｴﾋﾞｱﾅ","town_name":"海老穴","zip_code":"9891762"},{"prefecture_jis_code":"04","city_jis_code":"04323","town_name_kana":"ｶﾐｶﾜﾅ","town_name":"上川名","zip_code":"9891742"},{"prefecture_jis_code":"04","city_jis_code":"04323","town_name_kana":"ｶﾐﾉﾐｮｳ","town_name":"上名生","zip_code":"9891611"},{"prefecture_jis_code":"04","city_jis_code":"04323","town_name_kana":"ｷﾀﾌﾅｵｶ","town_name":"北船岡","zip_code":"9891623"},{"prefecture_jis_code":"04","city_jis_code":"04323","town_name_kana":"ｹﾝｻﾞｷ","town_name":"剣崎","zip_code":"9891608"},{"prefecture_jis_code":"04","city_jis_code":"04323","town_name_kana":"ｺﾅﾘﾀ","town_name":"小成田","zip_code":"9891764"},{"prefecture_jis_code":"04","city_jis_code":"04323","town_name_kana":"ｼﾓﾉﾐｮｳ","town_name":"下名生","zip_code":"9891613"},{"prefecture_jis_code":"04","city_jis_code":"04323","town_name_kana":"ﾂｷﾉｷ","town_name":"槻木","zip_code":"9891756"},{"prefecture_jis_code":"04","city_jis_code":"04323","town_name_kana":"ﾂｷﾉｷｴｷﾆｼ","town_name":"槻木駅西","zip_code":"9891758"},{"prefecture_jis_code":"04","city_jis_code":"04323","town_name_kana":"ﾂｷﾉｷｶﾐﾏﾁ","town_name":"槻木上町","zip_code":"9891753"},{"prefecture_jis_code":"04","city_jis_code":"04323","town_name_kana":"ﾂｷﾉｷｼﾓﾏﾁ","town_name":"槻木下町","zip_code":"9891752"},{"prefecture_jis_code":"04","city_jis_code":"04323","town_name_kana":"ﾂｷﾉｷｼﾗﾊﾀ","town_name":"槻木白幡","zip_code":"9891754"},{"prefecture_jis_code":"04","city_jis_code":"04323","town_name_kana":"ﾂｷﾉｷｼﾝﾏﾁ","town_name":"槻木新町","zip_code":"9891751"},{"prefecture_jis_code":"04","city_jis_code":"04323","town_name_kana":"ﾂｷﾉｷﾆｼ","town_name":"槻木西","zip_code":"9891755"},{"prefecture_jis_code":"04","city_jis_code":"04323","town_name_kana":"ﾂｷﾉｷﾋｶﾞｼ","town_name":"槻木東","zip_code":"9891757"},{"prefecture_jis_code":"04","city_jis_code":"04323","town_name_kana":"ﾄﾐｻﾞﾜ","town_name":"富沢","zip_code":"9891741"},{"prefecture_jis_code":"04","city_jis_code":"04323","town_name_kana":"ﾅｶﾉﾐｮｳ","town_name":"中名生","zip_code":"9891612"},{"prefecture_jis_code":"04","city_jis_code":"04323","town_name_kana":"ﾅﾘﾀ","town_name":"成田","zip_code":"9891765"},{"prefecture_jis_code":"04","city_jis_code":"04323","town_name_kana":"ﾆｼﾌﾅﾊﾞｻﾏ","town_name":"西船迫","zip_code":"9891622"},{"prefecture_jis_code":"04","city_jis_code":"04323","town_name_kana":"ﾊｻﾞｶ","town_name":"葉坂","zip_code":"9891761"},{"prefecture_jis_code":"04","city_jis_code":"04323","town_name_kana":"ﾋｶﾞｼﾌﾅﾊﾞｻﾏ","town_name":"東船迫","zip_code":"9891631"},{"prefecture_jis_code":"04","city_jis_code":"04323","town_name_kana":"ﾌﾅｵｶ","town_name":"船岡","zip_code":"9891606"},{"prefecture_jis_code":"04","city_jis_code":"04323","town_name_kana":"ﾌﾅｵｶｼﾝｴｲ","town_name":"船岡新栄","zip_code":"9891607"},{"prefecture_jis_code":"04","city_jis_code":"04323","town_name_kana":"ﾌﾅｵｶﾁｭｳｵｳ","town_name":"船岡中央","zip_code":"9891601"},{"prefecture_jis_code":"04","city_jis_code":"04323","town_name_kana":"ﾌﾅｵｶﾄﾞﾃｳﾁ","town_name":"船岡土手内","zip_code":"9891602"},{"prefecture_jis_code":"04","city_jis_code":"04323","town_name_kana":"ﾌﾅｵｶﾆｼ","town_name":"船岡西","zip_code":"9891603"},{"prefecture_jis_code":"04","city_jis_code":"04323","town_name_kana":"ﾌﾅｵｶﾋｶﾞｼ","town_name":"船岡東","zip_code":"9891604"},{"prefecture_jis_code":"04","city_jis_code":"04323","town_name_kana":"ﾌﾅｵｶﾐﾅﾐ","town_name":"船岡南","zip_code":"9891605"},{"prefecture_jis_code":"04","city_jis_code":"04323","town_name_kana":"ﾌﾅﾊﾞｻﾏ","town_name":"船迫","zip_code":"9891763"},{"prefecture_jis_code":"04","city_jis_code":"04323","town_name_kana":"ﾎﾝﾌﾅﾊﾞｻﾏ","town_name":"本船迫","zip_code":"9891621"},{"prefecture_jis_code":"04","city_jis_code":"04323","town_name_kana":"ﾏﾂｶﾞｺﾞｼ","town_name":"松ケ越","zip_code":"9891744"},{"prefecture_jis_code":"04","city_jis_code":"04323","town_name_kana":"ﾕｽﾞｶﾞｵｶ","town_name":"ゆずが丘","zip_code":"9891746"},{"prefecture_jis_code":"04","city_jis_code":"04323","town_name_kana":"ﾖｯｶｲﾁﾊﾞ","town_name":"四日市場","zip_code":"9891743"}]