[{"prefecture_jis_code":"41","city_jis_code":"41207","town_name_kana":"ｲｲﾀﾞ","town_name":"飯田","zip_code":"8491324"},{"prefecture_jis_code":"41","city_jis_code":"41207","town_name_kana":"ｲﾃﾞ","town_name":"井手","zip_code":"8491302"},{"prefecture_jis_code":"41","city_jis_code":"41207","town_name_kana":"ｵﾄﾅﾘ","town_name":"音成","zip_code":"8491323"},{"prefecture_jis_code":"41","city_jis_code":"41207","town_name_kana":"ｼﾞｭｳﾉｷ","town_name":"重ノ木","zip_code":"8491313"},{"prefecture_jis_code":"41","city_jis_code":"41207","town_name_kana":"ﾀｶﾂﾊﾗ","town_name":"高津原","zip_code":"8491311"},{"prefecture_jis_code":"41","city_jis_code":"41207","town_name_kana":"ﾂﾈﾋﾛ","town_name":"常広","zip_code":"8491301"},{"prefecture_jis_code":"41","city_jis_code":"41207","town_name_kana":"ﾅｶﾑﾗ","town_name":"中村","zip_code":"8491304"},{"prefecture_jis_code":"41","city_jis_code":"41207","town_name_kana":"ﾉｳﾄﾞﾐﾌﾞﾝ","town_name":"納富分","zip_code":"8491312"},{"prefecture_jis_code":"41","city_jis_code":"41207","town_name_kana":"ﾊﾏﾏﾁ","town_name":"浜町","zip_code":"8491322"},{"prefecture_jis_code":"41","city_jis_code":"41207","town_name_kana":"ﾌﾙｴﾀﾞ","town_name":"古枝","zip_code":"8491321"},{"prefecture_jis_code":"41","city_jis_code":"41207","town_name_kana":"ﾐｶﾜﾁ","town_name":"三河内","zip_code":"8491315"},{"prefecture_jis_code":"41","city_jis_code":"41207","town_name_kana":"ﾓﾘ","town_name":"森","zip_code":"8491303"},{"prefecture_jis_code":"41","city_jis_code":"41207","town_name_kana":"ﾔﾏｳﾗ","town_name":"山浦","zip_code":"8491314"}]