[{"prefecture_jis_code":"21","city_jis_code":"21207","town_name_kana":"ｱｲｵｲﾁｮｳ","town_name":"相生町","zip_code":"5013723"},{"prefecture_jis_code":"21","city_jis_code":"21207","town_name_kana":"ｱｲｶﾜ","town_name":"藍川","zip_code":"5013762"},{"prefecture_jis_code":"21","city_jis_code":"21207","town_name_kana":"ｱﾀｹﾞ","town_name":"安毛","zip_code":"5013717"},{"prefecture_jis_code":"21","city_jis_code":"21207","town_name_kana":"ｲｸｼ","town_name":"生櫛","zip_code":"5013756"},{"prefecture_jis_code":"21","city_jis_code":"21207","town_name_kana":"ｲｽﾞﾐﾁｮｳ","town_name":"泉町","zip_code":"5013729"},{"prefecture_jis_code":"21","city_jis_code":"21207","town_name_kana":"ｳｵﾔﾁｮｳ","town_name":"魚屋町","zip_code":"5013724"},{"prefecture_jis_code":"21","city_jis_code":"21207","town_name_kana":"ｳﾒﾔﾏﾁｮｳ","town_name":"梅山町","zip_code":"5013715"},{"prefecture_jis_code":"21","city_jis_code":"21207","town_name_kana":"ｵﾄｶﾞﾘ","town_name":"乙狩","zip_code":"5013786"},{"prefecture_jis_code":"21","city_jis_code":"21207","town_name_kana":"ｵﾔﾀﾞ","town_name":"大矢田","zip_code":"5013771"},{"prefecture_jis_code":"21","city_jis_code":"21207","town_name_kana":"ｶｴﾃﾞﾀﾞｲ","town_name":"楓台","zip_code":"5013772"},{"prefecture_jis_code":"21","city_jis_code":"21207","town_name_kana":"ｶｻｶﾞﾐ","town_name":"笠神","zip_code":"5013764"},{"prefecture_jis_code":"21","city_jis_code":"21207","town_name_kana":"ｶｼﾞﾔﾁｮｳ","town_name":"加治屋町","zip_code":"5013726"},{"prefecture_jis_code":"21","city_jis_code":"21207","town_name_kana":"ｶﾀｼﾞ","town_name":"片知","zip_code":"5013781"},{"prefecture_jis_code":"21","city_jis_code":"21207","town_name_kana":"ｶﾐｺｳﾜ","town_name":"上河和","zip_code":"5013702"},{"prefecture_jis_code":"21","city_jis_code":"21207","town_name_kana":"ｶﾐｼﾞｮｳ","town_name":"上条","zip_code":"5013743"},{"prefecture_jis_code":"21","city_jis_code":"21207","town_name_kana":"ｶﾐﾉ","town_name":"上野","zip_code":"5013787"},{"prefecture_jis_code":"21","city_jis_code":"21207","town_name_kana":"ｶﾒﾉﾁｮｳ","town_name":"亀野町","zip_code":"5013733"},{"prefecture_jis_code":"21","city_jis_code":"21207","town_name_kana":"ｶﾝﾎﾞﾗ","town_name":"神洞","zip_code":"5013783"},{"prefecture_jis_code":"21","city_jis_code":"21207","town_name_kana":"ｸﾁﾉﾉ","town_name":"口野々","zip_code":"5013712"},{"prefecture_jis_code":"21","city_jis_code":"21207","town_name_kana":"ｺｸﾗ","town_name":"小倉","zip_code":"5013785"},{"prefecture_jis_code":"21","city_jis_code":"21207","town_name_kana":"ｺﾒﾔﾁｮｳ","town_name":"米屋町","zip_code":"5013736"},{"prefecture_jis_code":"21","city_jis_code":"21207","town_name_kana":"ｺﾞｸﾗｸｼﾞ","town_name":"極楽寺","zip_code":"5013763"},{"prefecture_jis_code":"21","city_jis_code":"21207","town_name_kana":"ｻｸﾗｶﾞｵｶ","town_name":"さくらケ丘","zip_code":"5013754"},{"prefecture_jis_code":"21","city_jis_code":"21207","town_name_kana":"ｼｮｳｴｲﾁｮｳ","town_name":"松栄町","zip_code":"5013752"},{"prefecture_jis_code":"21","city_jis_code":"21207","town_name_kana":"ｼﾏ","town_name":"志摩","zip_code":"5013755"},{"prefecture_jis_code":"21","city_jis_code":"21207","town_name_kana":"ｼﾓｺｳﾜ","town_name":"下河和","zip_code":"5013703"},{"prefecture_jis_code":"21","city_jis_code":"21207","town_name_kana":"ｼﾓﾜﾀﾘ","town_name":"下渡","zip_code":"5013745"},{"prefecture_jis_code":"21","city_jis_code":"21207","town_name_kana":"ｼﾝﾏﾁ","town_name":"新町","zip_code":"5013737"},{"prefecture_jis_code":"21","city_jis_code":"21207","town_name_kana":"ｽﾊﾗ","town_name":"須原","zip_code":"5013706"},{"prefecture_jis_code":"21","city_jis_code":"21207","town_name_kana":"ｿﾀﾞｲ","town_name":"曽代","zip_code":"5013714"},{"prefecture_jis_code":"21","city_jis_code":"21207","town_name_kana":"ﾀﾁﾊﾞﾅ","town_name":"立花","zip_code":"5013705"},{"prefecture_jis_code":"21","city_jis_code":"21207","town_name_kana":"ﾀﾜﾗﾏﾁ","town_name":"俵町","zip_code":"5013725"},{"prefecture_jis_code":"21","city_jis_code":"21207","town_name_kana":"ﾀﾞﾝﾁｮｳ","town_name":"段町","zip_code":"5013744"},{"prefecture_jis_code":"21","city_jis_code":"21207","town_name_kana":"ﾁｭｳｵｳ","town_name":"中央","zip_code":"5013746"},{"prefecture_jis_code":"21","city_jis_code":"21207","town_name_kana":"ﾁｳﾈﾁｮｳ","town_name":"千畝町","zip_code":"5013734"},{"prefecture_jis_code":"21","city_jis_code":"21207","town_name_kana":"ﾄｷﾜﾁｮｳ","town_name":"常盤町","zip_code":"5013722"},{"prefecture_jis_code":"21","city_jis_code":"21207","town_name_kana":"ﾄﾉﾏﾁ","town_name":"殿町","zip_code":"5013742"},{"prefecture_jis_code":"21","city_jis_code":"21207","town_name_kana":"ﾄﾐﾉ","town_name":"富野","zip_code":"5013713"},{"prefecture_jis_code":"21","city_jis_code":"21207","town_name_kana":"ﾅｶﾞｼｹﾞﾁｮｳ","town_name":"永重町","zip_code":"5013727"},{"prefecture_jis_code":"21","city_jis_code":"21207","town_name_kana":"ﾅｶﾞｾ","town_name":"長瀬","zip_code":"5013782"},{"prefecture_jis_code":"21","city_jis_code":"21207","town_name_kana":"ﾆｼｲﾁﾊﾞﾁｮｳ","town_name":"西市場町","zip_code":"5013735"},{"prefecture_jis_code":"21","city_jis_code":"21207","town_name_kana":"ﾋｶﾞｼｲﾁﾊﾞﾁｮｳ","town_name":"東市場町","zip_code":"5013731"},{"prefecture_jis_code":"21","city_jis_code":"21207","town_name_kana":"ﾋｶﾞﾎﾗ","town_name":"樋ケ洞","zip_code":"5013711"},{"prefecture_jis_code":"21","city_jis_code":"21207","town_name_kana":"ﾋﾛｵｶﾁｮｳ","town_name":"広岡町","zip_code":"5013732"},{"prefecture_jis_code":"21","city_jis_code":"21207","town_name_kana":"ﾎｷﾜｷ","town_name":"保木脇","zip_code":"5013704"},{"prefecture_jis_code":"21","city_jis_code":"21207","town_name_kana":"ﾏｴﾉ","town_name":"前野","zip_code":"5013716"},{"prefecture_jis_code":"21","city_jis_code":"21207","town_name_kana":"ﾏﾂｸﾗﾀﾞｲ","town_name":"松倉台","zip_code":"5013751"},{"prefecture_jis_code":"21","city_jis_code":"21207","town_name_kana":"ﾏﾂﾓﾘ","town_name":"松森","zip_code":"5013753"},{"prefecture_jis_code":"21","city_jis_code":"21207","town_name_kana":"ﾐﾀﾗｲ","town_name":"御手洗","zip_code":"5013784"},{"prefecture_jis_code":"21","city_jis_code":"21207","town_name_kana":"ﾐﾅﾄﾏﾁ","town_name":"港町","zip_code":"5013741"},{"prefecture_jis_code":"21","city_jis_code":"21207","town_name_kana":"ﾓﾄｽﾞﾐﾁｮｳ","town_name":"本住町","zip_code":"5013728"},{"prefecture_jis_code":"21","city_jis_code":"21207","town_name_kana":"ﾓﾐｼﾞｶﾞｵｶ","town_name":"もみじが丘","zip_code":"5013773"},{"prefecture_jis_code":"21","city_jis_code":"21207","town_name_kana":"ﾖｺｺﾞｼ","town_name":"横越","zip_code":"5013761"},{"prefecture_jis_code":"21","city_jis_code":"21207","town_name_kana":"ﾖｼｶﾜﾁｮｳ","town_name":"吉川町","zip_code":"5013721"},{"prefecture_jis_code":"21","city_jis_code":"21207","town_name_kana":"ﾜﾗﾋﾞ","town_name":"蕨生","zip_code":"5013788"}]