[{"prefecture_jis_code":"21","city_jis_code":"21206","town_name_kana":"ｱｷﾞ","town_name":"阿木","zip_code":"5080002"},{"prefecture_jis_code":"21","city_jis_code":"21206","town_name_kana":"ｱｷﾞｶｵﾚ","town_name":"阿木川上","zip_code":"5080002"},{"prefecture_jis_code":"21","city_jis_code":"21206","town_name_kana":"ｲｲﾇﾏ","town_name":"飯沼","zip_code":"5097322"},{"prefecture_jis_code":"21","city_jis_code":"21206","town_name_kana":"ｳｴﾉ","town_name":"上野","zip_code":"5099231"},{"prefecture_jis_code":"21","city_jis_code":"21206","town_name_kana":"ｴﾋﾞｽﾁｮｳ","town_name":"えびす町","zip_code":"5080037"},{"prefecture_jis_code":"21","city_jis_code":"21206","town_name_kana":"ｵｵﾀﾏﾁ","town_name":"太田町","zip_code":"5080033"},{"prefecture_jis_code":"21","city_jis_code":"21206","town_name_kana":"ｵｶﾞﾜﾁｮｳ","town_name":"小川町","zip_code":"5080023"},{"prefecture_jis_code":"21","city_jis_code":"21206","town_name_kana":"ｵﾁｱｲ","town_name":"落合","zip_code":"5080006"},{"prefecture_jis_code":"21","city_jis_code":"21206","town_name_kana":"ｶｼﾓ","town_name":"加子母","zip_code":"5080421"},{"prefecture_jis_code":"21","city_jis_code":"21206","town_name_kana":"ｶﾔﾉｷﾁｮｳ","town_name":"かやの木町","zip_code":"5080045"},{"prefecture_jis_code":"21","city_jis_code":"21206","town_name_kana":"ｶﾜｳｴ","town_name":"川上","zip_code":"5099201"},{"prefecture_jis_code":"21","city_jis_code":"21206","town_name_kana":"ｷﾀﾉﾁｮｳ","town_name":"北野町","zip_code":"5080022"},{"prefecture_jis_code":"21","city_jis_code":"21206","town_name_kana":"ｺﾏﾝﾊﾞ","town_name":"駒場","zip_code":"5080011"},{"prefecture_jis_code":"21","city_jis_code":"21206","town_name_kana":"ｺﾏﾝﾊﾞﾁｮｳ","town_name":"駒場町","zip_code":"5080014"},{"prefecture_jis_code":"21","city_jis_code":"21206","town_name_kana":"ｻｶｴﾏﾁ","town_name":"栄町","zip_code":"5080032"},{"prefecture_jis_code":"21","city_jis_code":"21206","town_name_kana":"ｻｶｼﾀ","town_name":"坂下","zip_code":"5099232"},{"prefecture_jis_code":"21","city_jis_code":"21206","town_name_kana":"ｼｮｳﾜﾏﾁ","town_name":"昭和町","zip_code":"5080044"},{"prefecture_jis_code":"21","city_jis_code":"21206","town_name_kana":"ｼﾓﾉ","town_name":"下野","zip_code":"5080202"},{"prefecture_jis_code":"21","city_jis_code":"21206","town_name_kana":"ｼﾝﾏﾁ","town_name":"新町","zip_code":"5080038"},{"prefecture_jis_code":"21","city_jis_code":"21206","town_name_kana":"ｾﾄ","town_name":"瀬戸","zip_code":"5080111"},{"prefecture_jis_code":"21","city_jis_code":"21206","town_name_kana":"ｾﾝﾀﾞﾝﾊﾞﾔｼ","town_name":"千旦林","zip_code":"5099131"},{"prefecture_jis_code":"21","city_jis_code":"21206","town_name_kana":"ﾀｶﾔﾏ","town_name":"高山","zip_code":"5080204"},{"prefecture_jis_code":"21","city_jis_code":"21206","town_name_kana":"ﾀｾ","town_name":"田瀬","zip_code":"5080201"},{"prefecture_jis_code":"21","city_jis_code":"21206","town_name_kana":"ﾂｹﾁﾁｮｳ","town_name":"付知町","zip_code":"5080351"},{"prefecture_jis_code":"21","city_jis_code":"21206","town_name_kana":"ﾂｼﾏﾁｮｳ","town_name":"津島町","zip_code":"5080012"},{"prefecture_jis_code":"21","city_jis_code":"21206","town_name_kana":"ﾃｶﾞﾉ","town_name":"手賀野","zip_code":"5080015"},{"prefecture_jis_code":"21","city_jis_code":"21206","town_name_kana":"ﾅｴｷﾞ","town_name":"苗木","zip_code":"5080101"},{"prefecture_jis_code":"21","city_jis_code":"21206","town_name_kana":"ﾅｶｲｯｼｷﾁｮｳ","town_name":"中一色町","zip_code":"5080003"},{"prefecture_jis_code":"21","city_jis_code":"21206","town_name_kana":"ﾅｶｶﾞﾜﾁｮｳ","town_name":"中川町","zip_code":"5080021"},{"prefecture_jis_code":"21","city_jis_code":"21206","town_name_kana":"ﾅｶﾂｶﾞﾜ","town_name":"中津川","zip_code":"5080001"},{"prefecture_jis_code":"21","city_jis_code":"21206","town_name_kana":"ﾅｽﾋﾞｶﾞﾜ","town_name":"茄子川","zip_code":"5099132"},{"prefecture_jis_code":"21","city_jis_code":"21206","town_name_kana":"ﾆｼﾐﾔﾏﾁ","town_name":"西宮町","zip_code":"5080042"},{"prefecture_jis_code":"21","city_jis_code":"21206","town_name_kana":"ﾊﾁﾏﾝﾁｮｳ","town_name":"八幡町","zip_code":"5080043"},{"prefecture_jis_code":"21","city_jis_code":"21206","town_name_kana":"ﾊﾅﾄﾞﾁｮｳ","town_name":"花戸町","zip_code":"5080004"},{"prefecture_jis_code":"21","city_jis_code":"21206","town_name_kana":"ﾋｶﾞｼﾏﾁ","town_name":"東町","zip_code":"5080035"},{"prefecture_jis_code":"21","city_jis_code":"21206","town_name_kana":"ﾋｶﾞｼﾐﾔﾏﾁ","town_name":"東宮町","zip_code":"5080036"},{"prefecture_jis_code":"21","city_jis_code":"21206","town_name_kana":"ﾋﾉﾃﾞﾁｮｳ","town_name":"日の出町","zip_code":"5080005"},{"prefecture_jis_code":"21","city_jis_code":"21206","town_name_kana":"ﾋﾙｶﾜ","town_name":"蛭川","zip_code":"5098301"},{"prefecture_jis_code":"21","city_jis_code":"21206","town_name_kana":"ﾌｸｵｶ","town_name":"福岡","zip_code":"5080203"},{"prefecture_jis_code":"21","city_jis_code":"21206","town_name_kana":"ﾎﾝﾏﾁ","town_name":"本町","zip_code":"5080041"},{"prefecture_jis_code":"21","city_jis_code":"21206","town_name_kana":"ﾏｺﾞﾒ","town_name":"馬籠","zip_code":"5080502"},{"prefecture_jis_code":"21","city_jis_code":"21206","town_name_kana":"ﾐｻｶ","town_name":"神坂","zip_code":"5080007"},{"prefecture_jis_code":"21","city_jis_code":"21206","town_name_kana":"ﾐﾔﾏｴﾁｮｳ","town_name":"宮前町","zip_code":"5080031"},{"prefecture_jis_code":"21","city_jis_code":"21206","town_name_kana":"ﾓﾓﾔﾏﾁｮｳ","town_name":"桃山町","zip_code":"5080024"},{"prefecture_jis_code":"21","city_jis_code":"21206","town_name_kana":"ﾔﾅｷﾞﾏﾁ","town_name":"柳町","zip_code":"5080013"},{"prefecture_jis_code":"21","city_jis_code":"21206","town_name_kana":"ﾔﾏｸﾞﾁ","town_name":"山口","zip_code":"5080501"},{"prefecture_jis_code":"21","city_jis_code":"21206","town_name_kana":"ﾖﾄﾞｶﾞﾜﾁｮｳ","town_name":"淀川町","zip_code":"5080034"}]