[{"prefecture_jis_code":"22","city_jis_code":"22207","town_name_kana":"ｱｵｷ","town_name":"青木","zip_code":"4180047"},{"prefecture_jis_code":"22","city_jis_code":"22207","town_name_kana":"ｱｵｷﾀﾞｲﾗ","town_name":"青木平","zip_code":"4180048"},{"prefecture_jis_code":"22","city_jis_code":"22207","town_name_kana":"ｱｺｳｼﾞ","town_name":"阿幸地","zip_code":"4180016"},{"prefecture_jis_code":"22","city_jis_code":"22207","town_name_kana":"ｱｺｳｼﾞﾁｮｳ","town_name":"阿幸地町","zip_code":"4180078"},{"prefecture_jis_code":"22","city_jis_code":"22207","town_name_kana":"ｱｺﾞﾔﾏ","town_name":"安居山","zip_code":"4180037"},{"prefecture_jis_code":"22","city_jis_code":"22207","town_name_kana":"ｱｻﾋﾁｮｳ","town_name":"朝日町","zip_code":"4180057"},{"prefecture_jis_code":"22","city_jis_code":"22207","town_name_kana":"ｱｻﾏﾁｮｳ","town_name":"浅間町","zip_code":"4180032"},{"prefecture_jis_code":"22","city_jis_code":"22207","town_name_kana":"ｱﾜｸﾗ","town_name":"粟倉","zip_code":"4180011"},{"prefecture_jis_code":"22","city_jis_code":"22207","town_name_kana":"ｱﾜｸﾗﾐﾅﾐﾁｮｳ","town_name":"粟倉南町","zip_code":"4180018"},{"prefecture_jis_code":"22","city_jis_code":"22207","town_name_kana":"ｲｽﾞﾐﾁｮｳ","town_name":"泉町","zip_code":"4180043"},{"prefecture_jis_code":"22","city_jis_code":"22207","town_name_kana":"ｲﾉｶｼﾗ","town_name":"猪之頭","zip_code":"4180108"},{"prefecture_jis_code":"22","city_jis_code":"22207","town_name_kana":"ｳﾂﾉ","town_name":"内野","zip_code":"4180104"},{"prefecture_jis_code":"22","city_jis_code":"22207","town_name_kana":"ｳﾂﾌﾞｻ","town_name":"内房","zip_code":"4190317"},{"prefecture_jis_code":"22","city_jis_code":"22207","town_name_kana":"ｳﾏﾐﾂﾞｶ","town_name":"馬見塚","zip_code":"4180113"},{"prefecture_jis_code":"22","city_jis_code":"22207","town_name_kana":"ｵｵｲﾜ","town_name":"大岩","zip_code":"4180013"},{"prefecture_jis_code":"22","city_jis_code":"22207","town_name_kana":"ｵｵｸﾎﾞ","town_name":"大久保","zip_code":"4190314"},{"prefecture_jis_code":"22","city_jis_code":"22207","town_name_kana":"ｵｵｼｶｸﾎﾞ","town_name":"大鹿窪","zip_code":"4190303"},{"prefecture_jis_code":"22","city_jis_code":"22207","town_name_kana":"ｵｵﾅｶｻﾞﾄ","town_name":"大中里","zip_code":"4180044"},{"prefecture_jis_code":"22","city_jis_code":"22207","town_name_kana":"ｵｵﾐﾔﾁｮｳ","town_name":"大宮町","zip_code":"4180066"},{"prefecture_jis_code":"22","city_jis_code":"22207","town_name_kana":"ｶﾐｲﾃﾞ","town_name":"上井出","zip_code":"4180103"},{"prefecture_jis_code":"22","city_jis_code":"22207","town_name_kana":"ｶﾐｲﾅｺ","town_name":"上稲子","zip_code":"4190311"},{"prefecture_jis_code":"22","city_jis_code":"22207","town_name_kana":"ｶﾐｼﾞｮｳ","town_name":"上条","zip_code":"4180116"},{"prefecture_jis_code":"22","city_jis_code":"22207","town_name_kana":"ｶﾐﾕﾉ","town_name":"上柚野","zip_code":"4190301"},{"prefecture_jis_code":"22","city_jis_code":"22207","town_name_kana":"ｶﾘﾔﾄﾞ","town_name":"狩宿","zip_code":"4180117"},{"prefecture_jis_code":"22","city_jis_code":"22207","town_name_kana":"ｶﾝﾀﾞｶﾞﾜﾁｮｳ","town_name":"神田川町","zip_code":"4180031"},{"prefecture_jis_code":"22","city_jis_code":"22207","town_name_kana":"ｷﾀﾏﾁ","town_name":"北町","zip_code":"4180061"},{"prefecture_jis_code":"22","city_jis_code":"22207","town_name_kana":"ｷﾀﾔﾏ","town_name":"北山","zip_code":"4180112"},{"prefecture_jis_code":"22","city_jis_code":"22207","town_name_kana":"ｷﾌﾞﾈﾁｮｳ","town_name":"貴船町","zip_code":"4180042"},{"prefecture_jis_code":"22","city_jis_code":"22207","town_name_kana":"ｸﾛﾀﾞ","town_name":"黒田","zip_code":"4180034"},{"prefecture_jis_code":"22","city_jis_code":"22207","town_name_kana":"ｹﾞﾝﾄﾞｳｼﾞﾁｮｳ","town_name":"源道寺町","zip_code":"4180074"},{"prefecture_jis_code":"22","city_jis_code":"22207","town_name_kana":"ｺｲｽﾞﾐ","town_name":"小泉","zip_code":"4180022"},{"prefecture_jis_code":"22","city_jis_code":"22207","town_name_kana":"ｻｵﾘ","town_name":"佐折","zip_code":"4180107"},{"prefecture_jis_code":"22","city_jis_code":"22207","town_name_kana":"ｼｮｳｼﾞﾝｶﾞﾜ","town_name":"精進川","zip_code":"4180115"},{"prefecture_jis_code":"22","city_jis_code":"22207","town_name_kana":"ｼﾓｲﾅｺ","town_name":"下稲子","zip_code":"4190312"},{"prefecture_jis_code":"22","city_jis_code":"22207","town_name_kana":"ｼﾓｼﾞｮｳ","town_name":"下条","zip_code":"4180114"},{"prefecture_jis_code":"22","city_jis_code":"22207","town_name_kana":"ｼﾓﾕﾉ","town_name":"下柚野","zip_code":"4190305"},{"prefecture_jis_code":"22","city_jis_code":"22207","town_name_kana":"ｼﾞｮｳﾎｸﾁｮｳ","town_name":"城北町","zip_code":"4180062"},{"prefecture_jis_code":"22","city_jis_code":"22207","town_name_kana":"ｽｷﾞﾀ","town_name":"杉田","zip_code":"4180021"},{"prefecture_jis_code":"22","city_jis_code":"22207","town_name_kana":"ﾀｶﾗﾏﾁ","town_name":"宝町","zip_code":"4180055"},{"prefecture_jis_code":"22","city_jis_code":"22207","town_name_kana":"ﾀﾅｶﾁｮｳ","town_name":"田中町","zip_code":"4180075"},{"prefecture_jis_code":"22","city_jis_code":"22207","town_name_kana":"ﾁｭｳｵｳﾁｮｳ","town_name":"中央町","zip_code":"4180065"},{"prefecture_jis_code":"22","city_jis_code":"22207","town_name_kana":"ﾄｶﾞﾐ","town_name":"外神","zip_code":"4180006"},{"prefecture_jis_code":"22","city_jis_code":"22207","town_name_kana":"ﾄｶﾞﾐﾋｶﾞｼﾁｮｳ","town_name":"外神東町","zip_code":"4180007"},{"prefecture_jis_code":"22","city_jis_code":"22207","town_name_kana":"ﾄﾘﾅﾐ","town_name":"鳥並","zip_code":"4190304"},{"prefecture_jis_code":"22","city_jis_code":"22207","town_name_kana":"ﾅｶｻﾞﾄﾋｶﾞｼﾁｮｳ","town_name":"中里東町","zip_code":"4180046"},{"prefecture_jis_code":"22","city_jis_code":"22207","town_name_kana":"ﾅｶｼﾞﾏﾁｮｳ","town_name":"中島町","zip_code":"4180045"},{"prefecture_jis_code":"22","city_jis_code":"22207","town_name_kana":"ﾅｶﾊﾗﾁｮｳ","town_name":"中原町","zip_code":"4180002"},{"prefecture_jis_code":"22","city_jis_code":"22207","town_name_kana":"ﾅｶﾞﾇｷ","town_name":"長貫","zip_code":"4190315"},{"prefecture_jis_code":"22","city_jis_code":"22207","town_name_kana":"ﾅﾝﾘｮｳ","town_name":"南陵","zip_code":"4180019"},{"prefecture_jis_code":"22","city_jis_code":"22207","town_name_kana":"ﾆｼｷﾁｮｳ","town_name":"錦町","zip_code":"4180076"},{"prefecture_jis_code":"22","city_jis_code":"22207","town_name_kana":"ﾆｼｺｲｽﾞﾐﾁｮｳ","town_name":"西小泉町","zip_code":"4180026"},{"prefecture_jis_code":"22","city_jis_code":"22207","town_name_kana":"ﾆｼﾏﾁ","town_name":"西町","zip_code":"4180056"},{"prefecture_jis_code":"22","city_jis_code":"22207","town_name_kana":"ﾆｼﾔﾏ","town_name":"西山","zip_code":"4190313"},{"prefecture_jis_code":"22","city_jis_code":"22207","town_name_kana":"ﾇｸﾄﾞ","town_name":"貫戸","zip_code":"4180024"},{"prefecture_jis_code":"22","city_jis_code":"22207","town_name_kana":"ﾇﾏｸﾎﾞ","town_name":"沼久保","zip_code":"4180036"},{"prefecture_jis_code":"22","city_jis_code":"22207","town_name_kana":"ﾈｺｻﾞﾜ","town_name":"猫沢","zip_code":"4190302"},{"prefecture_jis_code":"22","city_jis_code":"22207","town_name_kana":"ﾈﾊﾞﾗ","town_name":"根原","zip_code":"4180101"},{"prefecture_jis_code":"22","city_jis_code":"22207","town_name_kana":"ﾉﾅｶ","town_name":"野中","zip_code":"4180039"},{"prefecture_jis_code":"22","city_jis_code":"22207","town_name_kana":"ﾉﾅｶﾁｮｳ","town_name":"野中町","zip_code":"4180038"},{"prefecture_jis_code":"22","city_jis_code":"22207","town_name_kana":"ﾉﾅｶﾋｶﾞｼﾁｮｳ","town_name":"野中東町","zip_code":"4180033"},{"prefecture_jis_code":"22","city_jis_code":"22207","town_name_kana":"ﾊﾌﾞﾅ","town_name":"羽鮒","zip_code":"4190316"},{"prefecture_jis_code":"22","city_jis_code":"22207","town_name_kana":"ﾊﾗ","town_name":"原","zip_code":"4180105"},{"prefecture_jis_code":"22","city_jis_code":"22207","town_name_kana":"ﾊﾝﾉ","town_name":"半野","zip_code":"4180106"},{"prefecture_jis_code":"22","city_jis_code":"22207","town_name_kana":"ﾋｶﾘﾁｮｳ","town_name":"光町","zip_code":"4180054"},{"prefecture_jis_code":"22","city_jis_code":"22207","town_name_kana":"ﾋｶﾞｼｱｺｳｼﾞ","town_name":"東阿幸地","zip_code":"4180071"},{"prefecture_jis_code":"22","city_jis_code":"22207","town_name_kana":"ﾋｶﾞｼﾁｮｳ","town_name":"東町","zip_code":"4180077"},{"prefecture_jis_code":"22","city_jis_code":"22207","town_name_kana":"ﾋﾄｱﾅ","town_name":"人穴","zip_code":"4180102"},{"prefecture_jis_code":"22","city_jis_code":"22207","town_name_kana":"ﾋﾊﾞﾘｶﾞｵｶ","town_name":"ひばりが丘","zip_code":"4180003"},{"prefecture_jis_code":"22","city_jis_code":"22207","town_name_kana":"ﾌｼﾞﾐｶﾞｵｶ","town_name":"富士見ケ丘","zip_code":"4180014"},{"prefecture_jis_code":"22","city_jis_code":"22207","town_name_kana":"ﾌﾅｸﾎﾞﾁｮｳ","town_name":"舟久保町","zip_code":"4180017"},{"prefecture_jis_code":"22","city_jis_code":"22207","town_name_kana":"ﾌﾓﾄ","town_name":"麓","zip_code":"4180109"},{"prefecture_jis_code":"22","city_jis_code":"22207","town_name_kana":"ﾎｼﾔﾏ","town_name":"星山","zip_code":"4180035"},{"prefecture_jis_code":"22","city_jis_code":"22207","town_name_kana":"ﾎﾅﾐﾁｮｳ","town_name":"穂波町","zip_code":"4180058"},{"prefecture_jis_code":"22","city_jis_code":"22207","town_name_kana":"ﾏｲﾏｲｷﾞﾁｮｳ","town_name":"舞々木町","zip_code":"4180015"},{"prefecture_jis_code":"22","city_jis_code":"22207","town_name_kana":"ﾏｴﾀﾞﾁｮｳ","town_name":"前田町","zip_code":"4180025"},{"prefecture_jis_code":"22","city_jis_code":"22207","town_name_kana":"ﾏﾝﾉﾊﾗｼﾝﾃﾞﾝ","town_name":"万野原新田","zip_code":"4180001"},{"prefecture_jis_code":"22","city_jis_code":"22207","town_name_kana":"ﾐｿﾉﾀﾞｲﾗ","town_name":"三園平","zip_code":"4180004"},{"prefecture_jis_code":"22","city_jis_code":"22207","town_name_kana":"ﾐﾔｷﾀﾁｮｳ","town_name":"宮北町","zip_code":"4180053"},{"prefecture_jis_code":"22","city_jis_code":"22207","town_name_kana":"ﾐﾔﾁｮｳ","town_name":"宮町","zip_code":"4180067"},{"prefecture_jis_code":"22","city_jis_code":"22207","town_name_kana":"ﾐﾔﾊﾗ","town_name":"宮原","zip_code":"4180005"},{"prefecture_jis_code":"22","city_jis_code":"22207","town_name_kana":"ﾑﾗﾔﾏ","town_name":"村山","zip_code":"4180012"},{"prefecture_jis_code":"22","city_jis_code":"22207","town_name_kana":"ﾓﾄｼﾛﾁｮｳ","town_name":"元城町","zip_code":"4180064"},{"prefecture_jis_code":"22","city_jis_code":"22207","town_name_kana":"ﾔﾀﾃﾁｮｳ","town_name":"矢立町","zip_code":"4180072"},{"prefecture_jis_code":"22","city_jis_code":"22207","town_name_kana":"ﾔﾏﾐﾔ","town_name":"山宮","zip_code":"4180111"},{"prefecture_jis_code":"22","city_jis_code":"22207","town_name_kana":"ﾔﾏﾓﾄ","town_name":"山本","zip_code":"4180023"},{"prefecture_jis_code":"22","city_jis_code":"22207","town_name_kana":"ﾕﾀｶﾁｮｳ","town_name":"豊町","zip_code":"4180068"},{"prefecture_jis_code":"22","city_jis_code":"22207","town_name_kana":"ﾕﾐｻﾞﾜﾁｮｳ","town_name":"弓沢町","zip_code":"4180073"},{"prefecture_jis_code":"22","city_jis_code":"22207","town_name_kana":"ﾖﾄﾞｶﾞﾜﾁｮｳ","town_name":"淀川町","zip_code":"4180041"},{"prefecture_jis_code":"22","city_jis_code":"22207","town_name_kana":"ﾖﾄﾞｼ","town_name":"淀師","zip_code":"4180051"},{"prefecture_jis_code":"22","city_jis_code":"22207","town_name_kana":"ﾖﾄﾞﾋﾗﾁｮｳ","town_name":"淀平町","zip_code":"4180052"},{"prefecture_jis_code":"22","city_jis_code":"22207","town_name_kana":"ﾜｶﾉﾐﾔﾁｮｳ","town_name":"若の宮町","zip_code":"4180063"}]