[{"prefecture_jis_code":"20","city_jis_code":"20220","town_name_kana":"ｱｶｼﾅﾅｶｶﾞﾜﾃ","town_name":"明科中川手","zip_code":"3997102"},{"prefecture_jis_code":"20","city_jis_code":"20220","town_name_kana":"ｱｶｼﾅﾅﾅｷ","town_name":"明科七貴","zip_code":"3997104"},{"prefecture_jis_code":"20","city_jis_code":"20220","town_name_kana":"ｱｶｼﾅﾋｶﾙ","town_name":"明科光","zip_code":"3997103"},{"prefecture_jis_code":"20","city_jis_code":"20220","town_name_kana":"ｱｶｼﾅﾋｶﾞｼｶﾜﾃ","town_name":"明科東川手","zip_code":"3997101"},{"prefecture_jis_code":"20","city_jis_code":"20220","town_name_kana":"ｱｶｼﾅﾐﾅﾐﾘｸｺﾞｳ","town_name":"明科南陸郷","zip_code":"3997105"},{"prefecture_jis_code":"20","city_jis_code":"20220","town_name_kana":"ﾄﾖｼﾅ","town_name":"豊科","zip_code":"3998205"},{"prefecture_jis_code":"20","city_jis_code":"20220","town_name_kana":"ﾄﾖｼﾅﾀｷﾍﾞ","town_name":"豊科高家","zip_code":"3998204"},{"prefecture_jis_code":"20","city_jis_code":"20220","town_name_kana":"ﾄﾖｼﾅﾀｻﾞﾜ","town_name":"豊科田沢","zip_code":"3998203"},{"prefecture_jis_code":"20","city_jis_code":"20220","town_name_kana":"ﾄﾖｼﾅﾋｶﾙ","town_name":"豊科光","zip_code":"3998202"},{"prefecture_jis_code":"20","city_jis_code":"20220","town_name_kana":"ﾄﾖｼﾅﾐﾅﾐﾎﾀｶ","town_name":"豊科南穂高","zip_code":"3998201"},{"prefecture_jis_code":"20","city_jis_code":"20220","town_name_kana":"ﾎﾀｶ","town_name":"穂高","zip_code":"3998303"},{"prefecture_jis_code":"20","city_jis_code":"20220","town_name_kana":"ﾎﾀｶｱﾘｱｹ","town_name":"穂高有明","zip_code":"3998301"},{"prefecture_jis_code":"20","city_jis_code":"20220","town_name_kana":"ﾎﾀｶｶｼﾜﾊﾞﾗ","town_name":"穂高柏原","zip_code":"3998304"},{"prefecture_jis_code":"20","city_jis_code":"20220","town_name_kana":"ﾎﾀｶｷﾀﾎﾀｶ","town_name":"穂高北穂高","zip_code":"3998302"},{"prefecture_jis_code":"20","city_jis_code":"20220","town_name_kana":"ﾎﾀｶﾏｷ","town_name":"穂高牧","zip_code":"3998305"},{"prefecture_jis_code":"20","city_jis_code":"20220","town_name_kana":"ﾎﾘｶﾞﾈｶﾗｽｶﾞﾜ","town_name":"堀金烏川","zip_code":"3998211"},{"prefecture_jis_code":"20","city_jis_code":"20220","town_name_kana":"ﾎﾘｶﾞﾈﾐﾀ","town_name":"堀金三田","zip_code":"3998212"},{"prefecture_jis_code":"20","city_jis_code":"20220","town_name_kana":"ﾐｻﾄｵｸﾞﾗ","town_name":"三郷小倉","zip_code":"3998103"},{"prefecture_jis_code":"20","city_jis_code":"20220","town_name_kana":"ﾐｻﾄﾒｲｾｲ","town_name":"三郷明盛","zip_code":"3998101"},{"prefecture_jis_code":"20","city_jis_code":"20220","town_name_kana":"ﾐｻﾄﾕﾀｶ","town_name":"三郷温","zip_code":"3998102"}]