[{"prefecture_jis_code":"09","city_jis_code":"09203","town_name_kana":"ｱｻﾋﾁｮｳ","town_name":"旭町","zip_code":"3280035"},{"prefecture_jis_code":"09","city_jis_code":"09203","town_name_kana":"ｱｽﾞｻﾏﾁ","town_name":"梓町","zip_code":"3280131"},{"prefecture_jis_code":"09","city_jis_code":"09203","town_name_kana":"ｱﾗｲﾏﾁ","town_name":"新井町","zip_code":"3280061"},{"prefecture_jis_code":"09","city_jis_code":"09203","town_name_kana":"ｲｽﾞﾐｶﾞﾜﾏﾁ","town_name":"泉川町","zip_code":"3280062"},{"prefecture_jis_code":"09","city_jis_code":"09203","town_name_kana":"ｲｽﾞﾐﾁｮｳ","town_name":"泉町","zip_code":"3280014"},{"prefecture_jis_code":"09","city_jis_code":"09203","town_name_kana":"ｲｽﾞﾙﾏﾁ","town_name":"出流町","zip_code":"3280206"},{"prefecture_jis_code":"09","city_jis_code":"09203","town_name_kana":"ｲﾏｲｽﾞﾐﾏﾁ","town_name":"今泉町","zip_code":"3280027"},{"prefecture_jis_code":"09","city_jis_code":"09203","town_name_kana":"ｲﾘﾌﾈﾁｮｳ","town_name":"入舟町","zip_code":"3280016"},{"prefecture_jis_code":"09","city_jis_code":"09203","town_name_kana":"ｲﾜｲﾁｮｳ","town_name":"祝町","zip_code":"3280052"},{"prefecture_jis_code":"09","city_jis_code":"09203","town_name_kana":"ｲﾜﾃﾞﾏﾁ","town_name":"岩出町","zip_code":"3280063"},{"prefecture_jis_code":"09","city_jis_code":"09203","town_name_kana":"ｲﾜﾌﾈﾏﾁｲｶﾊﾞﾀ","town_name":"岩舟町五十畑","zip_code":"3294302"},{"prefecture_jis_code":"09","city_jis_code":"09203","town_name_kana":"ｲﾜﾌﾈﾏﾁｲｽﾞﾐ","town_name":"岩舟町和泉","zip_code":"3294303"},{"prefecture_jis_code":"09","city_jis_code":"09203","town_name_kana":"ｲﾜﾌﾈﾏﾁｵﾉﾃﾞﾗ","town_name":"岩舟町小野寺","zip_code":"3294314"},{"prefecture_jis_code":"09","city_jis_code":"09203","town_name_kana":"ｲﾜﾌﾈﾏﾁｶﾐｵｶ","town_name":"岩舟町上岡","zip_code":"3294313"},{"prefecture_jis_code":"09","city_jis_code":"09203","town_name_kana":"ｲﾜﾌﾈﾏﾁｼｽﾞｶ","town_name":"岩舟町静","zip_code":"3294307"},{"prefecture_jis_code":"09","city_jis_code":"09203","town_name_kana":"ｲﾜﾌﾈﾏﾁｼｽﾞｺ","town_name":"岩舟町静戸","zip_code":"3294305"},{"prefecture_jis_code":"09","city_jis_code":"09203","town_name_kana":"ｲﾜﾌﾈﾏﾁｼｽﾞﾜ","town_name":"岩舟町静和","zip_code":"3294304"},{"prefecture_jis_code":"09","city_jis_code":"09203","town_name_kana":"ｲﾜﾌﾈﾏﾁｼﾓｵｶ","town_name":"岩舟町下岡","zip_code":"3294312"},{"prefecture_jis_code":"09","city_jis_code":"09203","town_name_kana":"ｲﾜﾌﾈﾏﾁｼﾓﾂﾊﾞﾗ","town_name":"岩舟町下津原","zip_code":"3294308"},{"prefecture_jis_code":"09","city_jis_code":"09203","town_name_kana":"ｲﾜﾌﾈﾏﾁﾀﾀﾐｵｶ","town_name":"岩舟町畳岡","zip_code":"3294309"},{"prefecture_jis_code":"09","city_jis_code":"09203","town_name_kana":"ｲﾜﾌﾈﾏﾁﾆｯｻﾄ","town_name":"岩舟町新里","zip_code":"3294316"},{"prefecture_jis_code":"09","city_jis_code":"09203","town_name_kana":"ｲﾜﾌﾈﾏﾁﾌﾙｴ","town_name":"岩舟町古江","zip_code":"3294311"},{"prefecture_jis_code":"09","city_jis_code":"09203","town_name_kana":"ｲﾜﾌﾈﾏﾁﾏｶﾞﾉｼﾏ","town_name":"岩舟町曲ケ島","zip_code":"3294306"},{"prefecture_jis_code":"09","city_jis_code":"09203","town_name_kana":"ｲﾜﾌﾈﾏﾁﾐﾔ","town_name":"岩舟町三谷","zip_code":"3294315"},{"prefecture_jis_code":"09","city_jis_code":"09203","town_name_kana":"ｲﾜﾌﾈﾏﾁﾜｼﾉｽ","town_name":"岩舟町鷲巣","zip_code":"3294301"},{"prefecture_jis_code":"09","city_jis_code":"09203","town_name_kana":"ｳﾒｻﾞﾜﾏﾁ","town_name":"梅沢町","zip_code":"3280204"},{"prefecture_jis_code":"09","city_jis_code":"09203","town_name_kana":"ｵｵｸﾎﾞﾏﾁ","town_name":"大久保町","zip_code":"3280202"},{"prefecture_jis_code":"09","city_jis_code":"09203","town_name_kana":"ｵｵﾂｶﾏﾁ","town_name":"大塚町","zip_code":"3280007"},{"prefecture_jis_code":"09","city_jis_code":"09203","town_name_kana":"ｵｵﾋﾗﾏﾁｱﾗｲ","town_name":"大平町新","zip_code":"3294425"},{"prefecture_jis_code":"09","city_jis_code":"09203","town_name_kana":"ｵｵﾋﾗﾏﾁｳｼｸ","town_name":"大平町牛久","zip_code":"3294401"},{"prefecture_jis_code":"09","city_jis_code":"09203","town_name_kana":"ｵｵﾋﾗﾏﾁｴﾉﾓﾄ","town_name":"大平町榎本","zip_code":"3294422"},{"prefecture_jis_code":"09","city_jis_code":"09203","town_name_kana":"ｵｵﾋﾗﾏﾁｶﾐﾀｶｼﾏ","town_name":"大平町上高島","zip_code":"3294413"},{"prefecture_jis_code":"09","city_jis_code":"09203","town_name_kana":"ｵｵﾋﾗﾏﾁｶﾜﾂﾚ","town_name":"大平町川連","zip_code":"3294407"},{"prefecture_jis_code":"09","city_jis_code":"09203","town_name_kana":"ｵｵﾋﾗﾏﾁｷﾀﾀｹｲ","town_name":"大平町北武井","zip_code":"3294412"},{"prefecture_jis_code":"09","city_jis_code":"09203","town_name_kana":"ｵｵﾋﾗﾏﾁｸﾗｲ","town_name":"大平町蔵井","zip_code":"3294403"},{"prefecture_jis_code":"09","city_jis_code":"09203","town_name_kana":"ｵｵﾋﾗﾏﾁｼﾓﾀｶｼﾏ","town_name":"大平町下高島","zip_code":"3294414"},{"prefecture_jis_code":"09","city_jis_code":"09203","town_name_kana":"ｵｵﾋﾗﾏﾁｼﾓﾐﾅｶﾞﾜ","town_name":"大平町下皆川","zip_code":"3294406"},{"prefecture_jis_code":"09","city_jis_code":"09203","town_name_kana":"ｵｵﾋﾗﾏﾁﾄﾐﾀﾞ","town_name":"大平町富田","zip_code":"3294404"},{"prefecture_jis_code":"09","city_jis_code":"09203","town_name_kana":"ｵｵﾋﾗﾏﾁﾄﾞﾖ","town_name":"大平町土与","zip_code":"3294402"},{"prefecture_jis_code":"09","city_jis_code":"09203","town_name_kana":"ｵｵﾋﾗﾏﾁﾆｼﾉﾀﾞ","town_name":"大平町西野田","zip_code":"3294421"},{"prefecture_jis_code":"09","city_jis_code":"09203","town_name_kana":"ｵｵﾋﾗﾏﾁﾆｼﾐｽﾞｼﾛ","town_name":"大平町西水代","zip_code":"3294423"},{"prefecture_jis_code":"09","city_jis_code":"09203","town_name_kana":"ｵｵﾋﾗﾏﾁﾆｼﾔﾏﾀﾞ","town_name":"大平町西山田","zip_code":"3294405"},{"prefecture_jis_code":"09","city_jis_code":"09203","town_name_kana":"ｵｵﾋﾗﾏﾁﾊｸﾁｭｳ","town_name":"大平町伯仲","zip_code":"3294424"},{"prefecture_jis_code":"09","city_jis_code":"09203","town_name_kana":"ｵｵﾋﾗﾏﾁﾏﾕﾐ","town_name":"大平町真弓","zip_code":"3294415"},{"prefecture_jis_code":"09","city_jis_code":"09203","town_name_kana":"ｵｵﾋﾗﾏﾁﾖｺﾎﾞﾘ","town_name":"大平町横堀","zip_code":"3294411"},{"prefecture_jis_code":"09","city_jis_code":"09203","town_name_kana":"ｵｵﾐﾅｶﾞﾜﾏﾁ","town_name":"大皆川町","zip_code":"3280068"},{"prefecture_jis_code":"09","city_jis_code":"09203","town_name_kana":"ｵｵﾐﾔﾏﾁ","town_name":"大宮町","zip_code":"3280011"},{"prefecture_jis_code":"09","city_jis_code":"09203","town_name_kana":"ｵｵﾓﾘﾏﾁ","town_name":"大森町","zip_code":"3280133"},{"prefecture_jis_code":"09","city_jis_code":"09203","town_name_kana":"ｵﾉｸﾞﾁﾏﾁ","town_name":"小野口町","zip_code":"3280065"},{"prefecture_jis_code":"09","city_jis_code":"09203","town_name_kana":"ｶｳｴﾓﾝﾁｮｳ","town_name":"嘉右衛門町","zip_code":"3280072"},{"prefecture_jis_code":"09","city_jis_code":"09203","town_name_kana":"ｶｼﾜｸﾞﾗﾏﾁ","town_name":"柏倉町","zip_code":"3280066"},{"prefecture_jis_code":"09","city_jis_code":"09203","town_name_kana":"ｶﾀﾔﾅｷﾞﾁｮｳ","town_name":"片柳町","zip_code":"3280053"},{"prefecture_jis_code":"09","city_jis_code":"09203","town_name_kana":"ｶﾜｲﾁｮｳ","town_name":"河合町","zip_code":"3280041"},{"prefecture_jis_code":"09","city_jis_code":"09203","town_name_kana":"ｶﾜﾗﾀﾞﾏﾁ","town_name":"川原田町","zip_code":"3280123"},{"prefecture_jis_code":"09","city_jis_code":"09203","town_name_kana":"ｶﾝﾀﾞﾁｮｳ","town_name":"神田町","zip_code":"3280032"},{"prefecture_jis_code":"09","city_jis_code":"09203","town_name_kana":"ｷﾉｼﾞﾏﾁ","town_name":"木野地町","zip_code":"3280122"},{"prefecture_jis_code":"09","city_jis_code":"09203","town_name_kana":"ｸﾎﾞﾀﾏﾁ","town_name":"久保田町","zip_code":"3280021"},{"prefecture_jis_code":"09","city_jis_code":"09203","town_name_kana":"ｺｳﾏﾁ","town_name":"国府町","zip_code":"3280006"},{"prefecture_jis_code":"09","city_jis_code":"09203","town_name_kana":"ｺｳﾔﾏﾁ","town_name":"高谷町","zip_code":"3280023"},{"prefecture_jis_code":"09","city_jis_code":"09203","town_name_kana":"ｺﾋﾗﾁｮｳ","town_name":"小平町","zip_code":"3280073"},{"prefecture_jis_code":"09","city_jis_code":"09203","town_name_kana":"ｻｶｲﾁｮｳ","town_name":"境町","zip_code":"3280043"},{"prefecture_jis_code":"09","city_jis_code":"09203","town_name_kana":"ｼｮｳﾜﾁｮｳ","town_name":"昭和町","zip_code":"3280013"},{"prefecture_jis_code":"09","city_jis_code":"09203","town_name_kana":"ｼﾄﾘﾏﾁ","town_name":"志鳥町","zip_code":"3280064"},{"prefecture_jis_code":"09","city_jis_code":"09203","town_name_kana":"ｼﾘｳﾁﾏﾁ","town_name":"尻内町","zip_code":"3280203"},{"prefecture_jis_code":"09","city_jis_code":"09203","town_name_kana":"ｼﾞｮｳﾅｲﾁｮｳ","town_name":"城内町","zip_code":"3280033"},{"prefecture_jis_code":"09","city_jis_code":"09203","town_name_kana":"ｿｳｼﾞｬﾏﾁ","town_name":"惣社町","zip_code":"3280002"},{"prefecture_jis_code":"09","city_jis_code":"09203","town_name_kana":"ｿﾉﾍﾞﾁｮｳ","town_name":"薗部町","zip_code":"3280074"},{"prefecture_jis_code":"09","city_jis_code":"09203","town_name_kana":"ﾀﾑﾗﾏﾁ","town_name":"田村町","zip_code":"3280004"},{"prefecture_jis_code":"09","city_jis_code":"09203","town_name_kana":"ﾀﾞｲｺｳｼﾞﾏﾁ","town_name":"大光寺町","zip_code":"3280003"},{"prefecture_jis_code":"09","city_jis_code":"09203","town_name_kana":"ﾀﾞｲﾁｮｳ","town_name":"大町","zip_code":"3280071"},{"prefecture_jis_code":"09","city_jis_code":"09203","town_name_kana":"ﾁﾂﾞｶﾏﾁ","town_name":"千塚町","zip_code":"3280135"},{"prefecture_jis_code":"09","city_jis_code":"09203","town_name_kana":"ﾂｶﾞﾏﾁｲｴﾅｶ","town_name":"都賀町家中","zip_code":"3280111"},{"prefecture_jis_code":"09","city_jis_code":"09203","town_name_kana":"ﾂｶﾞﾏﾁｳｽｸﾎﾞ","town_name":"都賀町臼久保","zip_code":"3280105"},{"prefecture_jis_code":"09","city_jis_code":"09203","town_name_kana":"ﾂｶﾞﾏﾁｵｵｶﾞｷ","town_name":"都賀町大柿","zip_code":"3280101"},{"prefecture_jis_code":"09","city_jis_code":"09203","town_name_kana":"ﾂｶﾞﾏﾁｵｵﾊｼ","town_name":"都賀町大橋","zip_code":"3280106"},{"prefecture_jis_code":"09","city_jis_code":"09203","town_name_kana":"ﾂｶﾞﾏﾁｶｯｾﾝﾊﾞ","town_name":"都賀町合戦場","zip_code":"3280113"},{"prefecture_jis_code":"09","city_jis_code":"09203","town_name_kana":"ﾂｶﾞﾏﾁｷ","town_name":"都賀町木","zip_code":"3280104"},{"prefecture_jis_code":"09","city_jis_code":"09203","town_name_kana":"ﾂｶﾞﾏﾁﾄﾐﾊﾘ","town_name":"都賀町富張","zip_code":"3280102"},{"prefecture_jis_code":"09","city_jis_code":"09203","town_name_kana":"ﾂｶﾞﾏﾁﾊﾗｼﾞｭｸ","town_name":"都賀町原宿","zip_code":"3280103"},{"prefecture_jis_code":"09","city_jis_code":"09203","town_name_kana":"ﾂｶﾞﾏﾁﾋﾗｶﾜ","town_name":"都賀町平川","zip_code":"3280112"},{"prefecture_jis_code":"09","city_jis_code":"09203","town_name_kana":"ﾂｶﾞﾏﾁﾌｶｻﾜ","town_name":"都賀町深沢","zip_code":"3280107"},{"prefecture_jis_code":"09","city_jis_code":"09203","town_name_kana":"ﾂｶﾞﾏﾁﾏｽﾂﾞｶ","town_name":"都賀町升塚","zip_code":"3280114"},{"prefecture_jis_code":"09","city_jis_code":"09203","town_name_kana":"ﾅｶｶﾞﾀﾏﾁ","town_name":"仲方町","zip_code":"3280132"},{"prefecture_jis_code":"09","city_jis_code":"09203","town_name_kana":"ﾅｶｼｱｹﾞﾏﾁ","town_name":"仲仕上町","zip_code":"3280025"},{"prefecture_jis_code":"09","city_jis_code":"09203","town_name_kana":"ﾅﾍﾞﾔﾏﾏﾁ","town_name":"鍋山町","zip_code":"3280205"},{"prefecture_jis_code":"09","city_jis_code":"09203","town_name_kana":"ﾆｼｶﾀﾏﾁｶﾅｲ","town_name":"西方町金井","zip_code":"3220602"},{"prefecture_jis_code":"09","city_jis_code":"09203","town_name_kana":"ﾆｼｶﾀﾏﾁｶﾅｻｷ","town_name":"西方町金崎","zip_code":"3220601"},{"prefecture_jis_code":"09","city_jis_code":"09203","town_name_kana":"ﾆｼｶﾀﾏﾁﾎﾝｺﾞｳ","town_name":"西方町本郷","zip_code":"3220603"},{"prefecture_jis_code":"09","city_jis_code":"09203","town_name_kana":"ﾆｼｶﾀﾏﾁﾎﾝｼﾞｮｳ","town_name":"西方町本城","zip_code":"3220606"},{"prefecture_jis_code":"09","city_jis_code":"09203","town_name_kana":"ﾆｼｶﾀﾏﾁﾏﾅｺﾞ","town_name":"西方町真名子","zip_code":"3220605"},{"prefecture_jis_code":"09","city_jis_code":"09203","town_name_kana":"ﾆｼｶﾀﾏﾁﾓﾄ","town_name":"西方町元","zip_code":"3220604"},{"prefecture_jis_code":"09","city_jis_code":"09203","town_name_kana":"ﾆｼｷﾁｮｳ","town_name":"錦町","zip_code":"3280017"},{"prefecture_jis_code":"09","city_jis_code":"09203","town_name_kana":"ﾇﾏﾜﾀﾞﾁｮｳ","town_name":"沼和田町","zip_code":"3280042"},{"prefecture_jis_code":"09","city_jis_code":"09203","town_name_kana":"ﾉﾅｶﾏﾁ","town_name":"野中町","zip_code":"3280124"},{"prefecture_jis_code":"09","city_jis_code":"09203","town_name_kana":"ﾊｺﾉﾓﾘﾏﾁ","town_name":"箱森町","zip_code":"3280075"},{"prefecture_jis_code":"09","city_jis_code":"09203","town_name_kana":"ﾋﾉｸﾁﾏﾁ","town_name":"樋ノ口町","zip_code":"3280024"},{"prefecture_jis_code":"09","city_jis_code":"09203","town_name_kana":"ﾋﾉﾃﾞﾁｮｳ","town_name":"日ノ出町","zip_code":"3280031"},{"prefecture_jis_code":"09","city_jis_code":"09203","town_name_kana":"ﾋﾗｲﾁｮｳ","town_name":"平井町","zip_code":"3280054"},{"prefecture_jis_code":"09","city_jis_code":"09203","town_name_kana":"ﾋﾗﾔﾅｷﾞﾏﾁ","town_name":"平柳町","zip_code":"3280012"},{"prefecture_jis_code":"09","city_jis_code":"09203","town_name_kana":"ﾌｷｱｹﾞﾏﾁ","town_name":"吹上町","zip_code":"3280125"},{"prefecture_jis_code":"09","city_jis_code":"09203","town_name_kana":"ﾌｼﾞｵｶﾏﾁｱｶﾏ","town_name":"藤岡町赤麻","zip_code":"3231102"},{"prefecture_jis_code":"09","city_jis_code":"09203","town_name_kana":"ﾌｼﾞｵｶﾏﾁｲｼｶﾜ","town_name":"藤岡町石川","zip_code":"3290316"},{"prefecture_jis_code":"09","city_jis_code":"09203","town_name_kana":"ﾌｼﾞｵｶﾏﾁｳﾁﾉ","town_name":"藤岡町内野","zip_code":"3231103"},{"prefecture_jis_code":"09","city_jis_code":"09203","town_name_kana":"ﾌｼﾞｵｶﾏﾁｵｵﾀ","town_name":"藤岡町太田","zip_code":"3231108"},{"prefecture_jis_code":"09","city_jis_code":"09203","town_name_kana":"ﾌｼﾞｵｶﾏﾁｵｵﾀﾞﾜ","town_name":"藤岡町大田和","zip_code":"3231107"},{"prefecture_jis_code":"09","city_jis_code":"09203","town_name_kana":"ﾌｼﾞｵｶﾏﾁｵｵﾏｴ","town_name":"藤岡町大前","zip_code":"3231101"},{"prefecture_jis_code":"09","city_jis_code":"09203","town_name_kana":"ﾌｼﾞｵｶﾏﾁｺｳ","town_name":"藤岡町甲","zip_code":"3231105"},{"prefecture_jis_code":"09","city_jis_code":"09203","town_name_kana":"ﾌｼﾞｵｶﾏﾁｼﾀﾐﾔ","town_name":"藤岡町下宮","zip_code":"3491221"},{"prefecture_jis_code":"09","city_jis_code":"09203","town_name_kana":"ﾌｼﾞｵｶﾏﾁﾀﾃﾜｷ","town_name":"藤岡町帯刀","zip_code":"3290317"},{"prefecture_jis_code":"09","city_jis_code":"09203","town_name_kana":"ﾌｼﾞｵｶﾏﾁﾂｶﾞ","town_name":"藤岡町都賀","zip_code":"3231106"},{"prefecture_jis_code":"09","city_jis_code":"09203","town_name_kana":"ﾌｼﾞｵｶﾏﾁﾄﾐﾖｼ","town_name":"藤岡町富吉","zip_code":"3290311"},{"prefecture_jis_code":"09","city_jis_code":"09203","town_name_kana":"ﾌｼﾞｵｶﾏﾁﾅｶﾈ","town_name":"藤岡町中根","zip_code":"3290319"},{"prefecture_jis_code":"09","city_jis_code":"09203","town_name_kana":"ﾌｼﾞｵｶﾏﾁﾆｯﾊﾟ","town_name":"藤岡町新波","zip_code":"3290314"},{"prefecture_jis_code":"09","city_jis_code":"09203","town_name_kana":"ﾌｼﾞｵｶﾏﾁﾆｼﾏｴﾊﾗ","town_name":"藤岡町西前原","zip_code":"3290318"},{"prefecture_jis_code":"09","city_jis_code":"09203","town_name_kana":"ﾌｼﾞｵｶﾏﾁﾋﾙﾇﾏ","town_name":"藤岡町蛭沼","zip_code":"3290312"},{"prefecture_jis_code":"09","city_jis_code":"09203","town_name_kana":"ﾌｼﾞｵｶﾏﾁﾌｼﾞｵｶ","town_name":"藤岡町藤岡","zip_code":"3231104"},{"prefecture_jis_code":"09","city_jis_code":"09203","town_name_kana":"ﾌｼﾞｵｶﾏﾁﾍﾔ","town_name":"藤岡町部屋","zip_code":"3290315"},{"prefecture_jis_code":"09","city_jis_code":"09203","town_name_kana":"ﾌｼﾞｵｶﾏﾁﾐﾄﾞﾘｶﾜ","town_name":"藤岡町緑川","zip_code":"3290313"},{"prefecture_jis_code":"09","city_jis_code":"09203","town_name_kana":"ﾌｼﾞﾀﾏﾁ","town_name":"藤田町","zip_code":"3280026"},{"prefecture_jis_code":"09","city_jis_code":"09203","town_name_kana":"ﾌｼﾞﾐﾁｮｳ","town_name":"富士見町","zip_code":"3280044"},{"prefecture_jis_code":"09","city_jis_code":"09203","town_name_kana":"ﾎｼﾉﾏﾁ","town_name":"星野町","zip_code":"3280201"},{"prefecture_jis_code":"09","city_jis_code":"09203","town_name_kana":"ﾎｿﾎﾞﾘﾏﾁ","town_name":"細堀町","zip_code":"3280121"},{"prefecture_jis_code":"09","city_jis_code":"09203","town_name_kana":"ﾎﾝﾁｮｳ","town_name":"本町","zip_code":"3280034"},{"prefecture_jis_code":"09","city_jis_code":"09203","town_name_kana":"ﾐﾅｶﾞﾜｼﾞｮｳﾅｲﾏﾁ","town_name":"皆川城内町","zip_code":"3280067"},{"prefecture_jis_code":"09","city_jis_code":"09203","town_name_kana":"ﾐﾅﾄﾁｮｳ","town_name":"湊町","zip_code":"3280045"},{"prefecture_jis_code":"09","city_jis_code":"09203","town_name_kana":"ﾐﾔﾀﾏﾁ","town_name":"宮田町","zip_code":"3280022"},{"prefecture_jis_code":"09","city_jis_code":"09203","town_name_kana":"ﾐﾔﾏﾁ","town_name":"宮町","zip_code":"3280134"},{"prefecture_jis_code":"09","city_jis_code":"09203","town_name_kana":"ﾑﾛﾏﾁ","town_name":"室町","zip_code":"3280036"},{"prefecture_jis_code":"09","city_jis_code":"09203","town_name_kana":"ﾔﾅｷﾞﾊﾗﾏﾁ","town_name":"柳原町","zip_code":"3280001"},{"prefecture_jis_code":"09","city_jis_code":"09203","town_name_kana":"ﾔﾅｷﾞﾊﾞｼﾁｮｳ","town_name":"柳橋町","zip_code":"3280051"},{"prefecture_jis_code":"09","city_jis_code":"09203","town_name_kana":"ﾔﾏﾄﾁｮｳ","town_name":"倭町","zip_code":"3280037"},{"prefecture_jis_code":"09","city_jis_code":"09203","town_name_kana":"ﾖﾘｲﾏﾁ","town_name":"寄居町","zip_code":"3280005"},{"prefecture_jis_code":"09","city_jis_code":"09203","town_name_kana":"ﾖﾛｽﾞﾁｮｳ","town_name":"万町","zip_code":"3280015"}]