[{"prefecture_jis_code":"09","city_jis_code":"09205","town_name_kana":"ｱｻｳﾁｮｳ","town_name":"麻苧町","zip_code":"3220058"},{"prefecture_jis_code":"09","city_jis_code":"09205","town_name_kana":"ｱｻﾋｶﾞｵｶ","town_name":"旭が丘","zip_code":"3220345"},{"prefecture_jis_code":"09","city_jis_code":"09205","town_name_kana":"ｱｻﾋﾁｮｳ","town_name":"朝日町","zip_code":"3220035"},{"prefecture_jis_code":"09","city_jis_code":"09205","town_name_kana":"ｱｽﾞﾏﾁｮｳ","town_name":"東町","zip_code":"3220022"},{"prefecture_jis_code":"09","city_jis_code":"09205","town_name_kana":"ｱﾌﾞﾗﾃﾞﾝﾏﾁ","town_name":"油田町","zip_code":"3220342"},{"prefecture_jis_code":"09","city_jis_code":"09205","town_name_kana":"ｲｹﾉﾓﾘ","town_name":"池ノ森","zip_code":"3220018"},{"prefecture_jis_code":"09","city_jis_code":"09205","town_name_kana":"ｲｼﾊﾞｼﾁｮｳ","town_name":"石橋町","zip_code":"3220055"},{"prefecture_jis_code":"09","city_jis_code":"09205","town_name_kana":"ｲｽﾞﾐﾁｮｳ","town_name":"泉町","zip_code":"3220062"},{"prefecture_jis_code":"09","city_jis_code":"09205","town_name_kana":"ｲｿﾏﾁ","town_name":"磯町","zip_code":"3220536"},{"prefecture_jis_code":"09","city_jis_code":"09205","town_name_kana":"ｲﾀｶﾞ","town_name":"板荷","zip_code":"3211111"},{"prefecture_jis_code":"09","city_jis_code":"09205","town_name_kana":"ｲﾏﾐﾔﾁｮｳ","town_name":"今宮町","zip_code":"3220068"},{"prefecture_jis_code":"09","city_jis_code":"09205","town_name_kana":"ｲﾘｱﾜﾉ","town_name":"入粟野","zip_code":"3220307"},{"prefecture_jis_code":"09","city_jis_code":"09205","town_name_kana":"ｳﾜﾉﾏﾁ","town_name":"上野町","zip_code":"3220021"},{"prefecture_jis_code":"09","city_jis_code":"09205","town_name_kana":"ｵｵﾜﾀﾞﾏﾁ","town_name":"大和田町","zip_code":"3220525"},{"prefecture_jis_code":"09","city_jis_code":"09205","town_name_kana":"ｵﾅﾘﾊﾞｼﾁｮｳ","town_name":"御成橋町","zip_code":"3220005"},{"prefecture_jis_code":"09","city_jis_code":"09205","town_name_kana":"ｶｲｼﾞﾏﾏﾁ","town_name":"貝島町","zip_code":"3220027"},{"prefecture_jis_code":"09","city_jis_code":"09205","town_name_kana":"ｶｼﾜｷﾞ","town_name":"柏木","zip_code":"3220304"},{"prefecture_jis_code":"09","city_jis_code":"09205","town_name_kana":"ｶｿﾞﾉ","town_name":"加園","zip_code":"3220252"},{"prefecture_jis_code":"09","city_jis_code":"09205","town_name_kana":"ｶﾐｲｼｶﾜ","town_name":"上石川","zip_code":"3220015"},{"prefecture_jis_code":"09","city_jis_code":"09205","town_name_kana":"ｶﾐｵｵｸﾎﾞ","town_name":"上大久保","zip_code":"3220102"},{"prefecture_jis_code":"09","city_jis_code":"09205","town_name_kana":"ｶﾐｶｽｵ","town_name":"上粕尾","zip_code":"3220423"},{"prefecture_jis_code":"09","city_jis_code":"09205","town_name_kana":"ｶﾐｸｶﾞ","town_name":"上久我","zip_code":"3220254"},{"prefecture_jis_code":"09","city_jis_code":"09205","town_name_kana":"ｶﾐｻﾞｲﾓｸﾁｮｳ","town_name":"上材木町","zip_code":"3220065"},{"prefecture_jis_code":"09","city_jis_code":"09205","town_name_kana":"ｶﾐﾀﾏﾁ","town_name":"上田町","zip_code":"3220066"},{"prefecture_jis_code":"09","city_jis_code":"09205","town_name_kana":"ｶﾐﾄﾞﾉﾏﾁ","town_name":"上殿町","zip_code":"3220045"},{"prefecture_jis_code":"09","city_jis_code":"09205","town_name_kana":"ｶﾐﾅｶﾞﾉ","town_name":"上永野","zip_code":"3280211"},{"prefecture_jis_code":"09","city_jis_code":"09205","town_name_kana":"ｶﾐﾅﾗﾌﾞﾏﾁ","town_name":"上奈良部町","zip_code":"3220522"},{"prefecture_jis_code":"09","city_jis_code":"09205","town_name_kana":"ｶﾐﾅﾝﾏﾏﾁ","town_name":"上南摩町","zip_code":"3220346"},{"prefecture_jis_code":"09","city_jis_code":"09205","town_name_kana":"ｶﾐﾋﾅﾀ","town_name":"上日向","zip_code":"3220076"},{"prefecture_jis_code":"09","city_jis_code":"09205","town_name_kana":"ｶﾒﾜﾀﾞﾏﾁ","town_name":"亀和田町","zip_code":"3220534"},{"prefecture_jis_code":"09","city_jis_code":"09205","town_name_kana":"ｷﾀｱｶﾂﾞｶﾏﾁ","town_name":"北赤塚町","zip_code":"3220533"},{"prefecture_jis_code":"09","city_jis_code":"09205","town_name_kana":"ｷﾀﾊﾝﾀﾞ","town_name":"北半田","zip_code":"3220301"},{"prefecture_jis_code":"09","city_jis_code":"09205","town_name_kana":"ｷﾞﾝｻﾞ","town_name":"銀座","zip_code":"3220052"},{"prefecture_jis_code":"09","city_jis_code":"09205","town_name_kana":"ｸｻｷﾞｭｳ","town_name":"草久","zip_code":"3220101"},{"prefecture_jis_code":"09","city_jis_code":"09205","town_name_kana":"ｸﾁｱﾜﾉ","town_name":"口粟野","zip_code":"3220305"},{"prefecture_jis_code":"09","city_jis_code":"09205","town_name_kana":"ｸﾉ","town_name":"久野","zip_code":"3220303"},{"prefecture_jis_code":"09","city_jis_code":"09205","town_name_kana":"ｸﾎﾞﾁｮｳ","town_name":"久保町","zip_code":"3220051"},{"prefecture_jis_code":"09","city_jis_code":"09205","town_name_kana":"ｺｳﾎﾞｳﾀﾞｲ","town_name":"晃望台","zip_code":"3220024"},{"prefecture_jis_code":"09","city_jis_code":"09205","town_name_kana":"ｺｳﾔ","town_name":"高谷","zip_code":"3220009"},{"prefecture_jis_code":"09","city_jis_code":"09205","town_name_kana":"ｺｶﾞｼﾏﾁ","town_name":"古賀志町","zip_code":"3220008"},{"prefecture_jis_code":"09","city_jis_code":"09205","town_name_kana":"ｻｲﾜｲﾁｮｳ","town_name":"幸町","zip_code":"3220023"},{"prefecture_jis_code":"09","city_jis_code":"09205","town_name_kana":"ｻｶｴﾁｮｳ","town_name":"栄町","zip_code":"3220028"},{"prefecture_jis_code":"09","city_jis_code":"09205","town_name_kana":"ｻｶﾀﾔﾏ","town_name":"坂田山","zip_code":"3220069"},{"prefecture_jis_code":"09","city_jis_code":"09205","town_name_kana":"ｻｹﾉﾔ","town_name":"酒野谷","zip_code":"3220047"},{"prefecture_jis_code":"09","city_jis_code":"09205","town_name_kana":"ｻｻﾊﾗﾀﾞ","town_name":"笹原田","zip_code":"3220078"},{"prefecture_jis_code":"09","city_jis_code":"09205","town_name_kana":"ｻﾂｷﾁｮｳ","town_name":"さつき町","zip_code":"3220014"},{"prefecture_jis_code":"09","city_jis_code":"09205","town_name_kana":"ｻﾒﾏﾁ","town_name":"佐目町","zip_code":"3220343"},{"prefecture_jis_code":"09","city_jis_code":"09205","town_name_kana":"ｻﾝｺｳﾁｮｳ","town_name":"三幸町","zip_code":"3220041"},{"prefecture_jis_code":"09","city_jis_code":"09205","town_name_kana":"ｼｵﾔﾏﾏﾁ","town_name":"塩山町","zip_code":"3220527"},{"prefecture_jis_code":"09","city_jis_code":"09205","town_name_kana":"ｼﾓｲｼｶﾜ","town_name":"下石川","zip_code":"3220017"},{"prefecture_jis_code":"09","city_jis_code":"09205","town_name_kana":"ｼﾓｵｵｸﾎﾞ","town_name":"下大久保","zip_code":"3220103"},{"prefecture_jis_code":"09","city_jis_code":"09205","town_name_kana":"ｼﾓｶｽｵ","town_name":"下粕尾","zip_code":"3220421"},{"prefecture_jis_code":"09","city_jis_code":"09205","town_name_kana":"ｼﾓｸｶﾞ","town_name":"下久我","zip_code":"3220253"},{"prefecture_jis_code":"09","city_jis_code":"09205","town_name_kana":"ｼﾓｻﾞｲﾓｸﾁｮｳ","town_name":"下材木町","zip_code":"3220056"},{"prefecture_jis_code":"09","city_jis_code":"09205","town_name_kana":"ｼﾓｻﾞﾜ","town_name":"下沢","zip_code":"3220256"},{"prefecture_jis_code":"09","city_jis_code":"09205","town_name_kana":"ｼﾓﾀｹｼﾏﾁ","town_name":"下武子町","zip_code":"3220004"},{"prefecture_jis_code":"09","city_jis_code":"09205","town_name_kana":"ｼﾓﾀﾏﾁ","town_name":"下田町","zip_code":"3220036"},{"prefecture_jis_code":"09","city_jis_code":"09205","town_name_kana":"ｼﾓﾄｵﾍﾞ","town_name":"下遠部","zip_code":"3220079"},{"prefecture_jis_code":"09","city_jis_code":"09205","town_name_kana":"ｼﾓﾅｶﾞﾉ","town_name":"下永野","zip_code":"3280212"},{"prefecture_jis_code":"09","city_jis_code":"09205","town_name_kana":"ｼﾓﾅﾗﾌﾞﾏﾁ","town_name":"下奈良部町","zip_code":"3220523"},{"prefecture_jis_code":"09","city_jis_code":"09205","town_name_kana":"ｼﾓﾅﾝﾏﾏﾁ","town_name":"下南摩町","zip_code":"3220341"},{"prefecture_jis_code":"09","city_jis_code":"09205","town_name_kana":"ｼﾓﾋﾅﾀ","town_name":"下日向","zip_code":"3220075"},{"prefecture_jis_code":"09","city_jis_code":"09205","town_name_kana":"ｼﾓﾖｺﾏﾁ","town_name":"下横町","zip_code":"3220054"},{"prefecture_jis_code":"09","city_jis_code":"09205","town_name_kana":"ｼﾗｸﾜﾀﾞ","town_name":"白桑田","zip_code":"3220011"},{"prefecture_jis_code":"09","city_jis_code":"09205","town_name_kana":"ｽｴﾋﾛﾁｮｳ","town_name":"末広町","zip_code":"3220038"},{"prefecture_jis_code":"09","city_jis_code":"09205","town_name_kana":"ｾﾝｼﾞｭﾏﾁ","town_name":"千手町","zip_code":"3220061"},{"prefecture_jis_code":"09","city_jis_code":"09205","town_name_kana":"ｾﾝﾄﾞ","town_name":"千渡","zip_code":"3220002"},{"prefecture_jis_code":"09","city_jis_code":"09205","town_name_kana":"ﾀｹｼ","town_name":"武子","zip_code":"3220007"},{"prefecture_jis_code":"09","city_jis_code":"09205","town_name_kana":"ﾀﾏﾀﾞﾏﾁ","town_name":"玉田町","zip_code":"3220072"},{"prefecture_jis_code":"09","city_jis_code":"09205","town_name_kana":"ﾃﾗﾏﾁ","town_name":"寺町","zip_code":"3220057"},{"prefecture_jis_code":"09","city_jis_code":"09205","town_name_kana":"ﾃﾝｼﾞﾝﾁｮｳ","town_name":"天神町","zip_code":"3220067"},{"prefecture_jis_code":"09","city_jis_code":"09205","town_name_kana":"ﾄﾁｸﾎﾞ","town_name":"栃窪","zip_code":"3220001"},{"prefecture_jis_code":"09","city_jis_code":"09205","town_name_kana":"ﾄﾊﾘﾁｮｳ","town_name":"戸張町","zip_code":"3220063"},{"prefecture_jis_code":"09","city_jis_code":"09205","town_name_kana":"ﾄﾐｵｶ","town_name":"富岡","zip_code":"3220006"},{"prefecture_jis_code":"09","city_jis_code":"09205","town_name_kana":"ﾄﾘｲﾄﾞﾁｮｳ","town_name":"鳥居跡町","zip_code":"3220044"},{"prefecture_jis_code":"09","city_jis_code":"09205","town_name_kana":"ﾅｶｱﾜﾉ","town_name":"中粟野","zip_code":"3220306"},{"prefecture_jis_code":"09","city_jis_code":"09205","town_name_kana":"ﾅｶｶｽｵ","town_name":"中粕尾","zip_code":"3220422"},{"prefecture_jis_code":"09","city_jis_code":"09205","town_name_kana":"ﾅｶﾀﾏﾁ","town_name":"中田町","zip_code":"3220037"},{"prefecture_jis_code":"09","city_jis_code":"09205","town_name_kana":"ﾅｶﾏﾁ","town_name":"仲町","zip_code":"3220053"},{"prefecture_jis_code":"09","city_jis_code":"09205","town_name_kana":"ﾅｻﾊﾗﾏﾁ","town_name":"奈佐原町","zip_code":"3220528"},{"prefecture_jis_code":"09","city_jis_code":"09205","town_name_kana":"ﾆｯｺｳﾅﾗﾌﾞﾏﾁ","town_name":"日光奈良部町","zip_code":"3220521"},{"prefecture_jis_code":"09","city_jis_code":"09205","town_name_kana":"ﾆｶﾞﾐﾄﾞｳﾏﾁ","town_name":"仁神堂町","zip_code":"3220003"},{"prefecture_jis_code":"09","city_jis_code":"09205","town_name_kana":"ﾆｼｶﾇﾏﾏﾁ","town_name":"西鹿沼町","zip_code":"3220073"},{"prefecture_jis_code":"09","city_jis_code":"09205","town_name_kana":"ﾆｼｻﾞﾜﾏﾁ","town_name":"西沢町","zip_code":"3220344"},{"prefecture_jis_code":"09","city_jis_code":"09205","town_name_kana":"ﾆｼﾓﾛ","town_name":"西茂呂","zip_code":"3220029"},{"prefecture_jis_code":"09","city_jis_code":"09205","town_name_kana":"ﾆﾚｷﾞﾏﾁ","town_name":"楡木町","zip_code":"3220526"},{"prefecture_jis_code":"09","city_jis_code":"09205","town_name_kana":"ﾉｻﾞﾜﾏﾁ","town_name":"野沢町","zip_code":"3220535"},{"prefecture_jis_code":"09","city_jis_code":"09205","town_name_kana":"ﾉｼﾞﾘ","town_name":"野尻","zip_code":"3220251"},{"prefecture_jis_code":"09","city_jis_code":"09205","town_name_kana":"ﾊﾅｵｶﾏﾁ","town_name":"花岡町","zip_code":"3220049"},{"prefecture_jis_code":"09","city_jis_code":"09205","town_name_kana":"ﾋｶﾞｼｽｴﾋﾛﾁｮｳ","town_name":"東末広町","zip_code":"3220039"},{"prefecture_jis_code":"09","city_jis_code":"09205","town_name_kana":"ﾋｷﾀﾞ","town_name":"引田","zip_code":"3220255"},{"prefecture_jis_code":"09","city_jis_code":"09205","town_name_kana":"ﾋﾖｼﾁｮｳ","town_name":"日吉町","zip_code":"3220074"},{"prefecture_jis_code":"09","city_jis_code":"09205","town_name_kana":"ﾌｶｲﾜ","town_name":"深岩","zip_code":"3220077"},{"prefecture_jis_code":"09","city_jis_code":"09205","town_name_kana":"ﾌｶﾂﾞ","town_name":"深津","zip_code":"3220013"},{"prefecture_jis_code":"09","city_jis_code":"09205","town_name_kana":"ﾌｶﾎﾄﾞ","town_name":"深程","zip_code":"3220302"},{"prefecture_jis_code":"09","city_jis_code":"09205","town_name_kana":"ﾌｼﾞｴﾏﾁ","town_name":"藤江町","zip_code":"3220532"},{"prefecture_jis_code":"09","city_jis_code":"09205","town_name_kana":"ﾌﾁｭｳﾏﾁ","town_name":"府中町","zip_code":"3220034"},{"prefecture_jis_code":"09","city_jis_code":"09205","town_name_kana":"ﾌﾄﾞｺﾛﾁｮｳ","town_name":"府所町","zip_code":"3220033"},{"prefecture_jis_code":"09","city_jis_code":"09205","town_name_kana":"ﾌﾄﾞｺﾛﾎﾝﾁｮｳ","town_name":"府所本町","zip_code":"3220032"},{"prefecture_jis_code":"09","city_jis_code":"09205","town_name_kana":"ﾌﾞﾝｶﾊﾞｼﾁｮｳ","town_name":"文化橋町","zip_code":"3220064"},{"prefecture_jis_code":"09","city_jis_code":"09205","town_name_kana":"ﾎｳﾗｲﾁｮｳ","town_name":"蓬莱町","zip_code":"3220042"},{"prefecture_jis_code":"09","city_jis_code":"09205","town_name_kana":"ﾏﾂﾊﾞﾗ","town_name":"松原","zip_code":"3220012"},{"prefecture_jis_code":"09","city_jis_code":"09205","town_name_kana":"ﾐﾄﾞﾘﾁｮｳ","town_name":"緑町","zip_code":"3220025"},{"prefecture_jis_code":"09","city_jis_code":"09205","town_name_kana":"ﾐﾅﾐｳｴﾉﾏﾁ","town_name":"南上野町","zip_code":"3220531"},{"prefecture_jis_code":"09","city_jis_code":"09205","town_name_kana":"ﾐﾅﾐﾁｮｳ","town_name":"みなみ町","zip_code":"3220524"},{"prefecture_jis_code":"09","city_jis_code":"09205","town_name_kana":"ﾐﾉ","town_name":"見野","zip_code":"3220071"},{"prefecture_jis_code":"09","city_jis_code":"09205","town_name_kana":"ﾑﾂﾐﾁｮｳ","town_name":"睦町","zip_code":"3220031"},{"prefecture_jis_code":"09","city_jis_code":"09205","town_name_kana":"ﾑﾗｲﾏﾁ","town_name":"村井町","zip_code":"3220048"},{"prefecture_jis_code":"09","city_jis_code":"09205","town_name_kana":"ﾓﾐﾔﾏﾏﾁ","town_name":"樅山町","zip_code":"3220046"},{"prefecture_jis_code":"09","city_jis_code":"09205","town_name_kana":"ﾓﾛ","town_name":"茂呂","zip_code":"3220026"},{"prefecture_jis_code":"09","city_jis_code":"09205","town_name_kana":"ﾖﾛｽﾞﾁｮｳ","town_name":"万町","zip_code":"3220043"},{"prefecture_jis_code":"09","city_jis_code":"09205","town_name_kana":"ﾘｭｳﾂｳｾﾝﾀｰ","town_name":"流通センター","zip_code":"3220016"}]