[{"prefecture_jis_code":"09","city_jis_code":"09211","town_name_kana":"ｱｽﾞﾏﾁｮｳ","town_name":"東町","zip_code":"3292136"},{"prefecture_jis_code":"09","city_jis_code":"09211","town_name_kana":"ｱﾗｲ","town_name":"荒井","zip_code":"3292121"},{"prefecture_jis_code":"09","city_jis_code":"09211","town_name_kana":"ｱﾝｻﾞﾜ","town_name":"安沢","zip_code":"3291572"},{"prefecture_jis_code":"09","city_jis_code":"09211","town_name_kana":"ｲｼｾﾞｷ","town_name":"石関","zip_code":"3291576"},{"prefecture_jis_code":"09","city_jis_code":"09211","town_name_kana":"ｲｽﾞﾐ","town_name":"泉","zip_code":"3292504"},{"prefecture_jis_code":"09","city_jis_code":"09211","town_name_kana":"ｵｳｷﾞﾁｮｳ","town_name":"扇町","zip_code":"3292161"},{"prefecture_jis_code":"09","city_jis_code":"09211","town_name_kana":"ｵｵﾂｷ","town_name":"大槻","zip_code":"3291575"},{"prefecture_jis_code":"09","city_jis_code":"09211","town_name_kana":"ｵﾂﾊﾀ","town_name":"乙畑","zip_code":"3291574"},{"prefecture_jis_code":"09","city_jis_code":"09211","town_name_kana":"ｶｼﾏﾁｮｳ","town_name":"鹿島町","zip_code":"3292163"},{"prefecture_jis_code":"09","city_jis_code":"09211","town_name_kana":"ｶﾀｵｶ","town_name":"片岡","zip_code":"3291571"},{"prefecture_jis_code":"09","city_jis_code":"09211","town_name_kana":"ｶﾀﾏﾀ","town_name":"片俣","zip_code":"3292155"},{"prefecture_jis_code":"09","city_jis_code":"09211","town_name_kana":"ｶﾐｲｻﾉ","town_name":"上伊佐野","zip_code":"3292501"},{"prefecture_jis_code":"09","city_jis_code":"09211","town_name_kana":"ｶﾐｵｵﾀ","town_name":"上太田","zip_code":"3292513"},{"prefecture_jis_code":"09","city_jis_code":"09211","town_name_kana":"ｶﾐﾁｮｳ","town_name":"上町","zip_code":"3292123"},{"prefecture_jis_code":"09","city_jis_code":"09211","town_name_kana":"ｶﾜｻｷｿﾘﾏﾁ","town_name":"川崎反町","zip_code":"3292144"},{"prefecture_jis_code":"09","city_jis_code":"09211","town_name_kana":"ｷﾊﾞﾀ","town_name":"木幡","zip_code":"3292142"},{"prefecture_jis_code":"09","city_jis_code":"09211","town_name_kana":"ｸﾗｶｹ","town_name":"倉掛","zip_code":"3292154"},{"prefecture_jis_code":"09","city_jis_code":"09211","town_name_kana":"ｺｳｵｶ","town_name":"幸岡","zip_code":"3292151"},{"prefecture_jis_code":"09","city_jis_code":"09211","town_name_kana":"ｺｴﾊﾀ","town_name":"越畑","zip_code":"3291573"},{"prefecture_jis_code":"09","city_jis_code":"09211","town_name_kana":"ｺﾌﾞｼﾀﾞｲ","town_name":"こぶし台","zip_code":"3291579"},{"prefecture_jis_code":"09","city_jis_code":"09211","town_name_kana":"ｻｶｲﾊﾞﾔｼ","town_name":"境林","zip_code":"3292143"},{"prefecture_jis_code":"09","city_jis_code":"09211","town_name_kana":"ｻﾜ","town_name":"沢","zip_code":"3292132"},{"prefecture_jis_code":"09","city_jis_code":"09211","town_name_kana":"ｼｵﾀﾞ","town_name":"塩田","zip_code":"3292156"},{"prefecture_jis_code":"09","city_jis_code":"09211","town_name_kana":"ｼﾓｲｻﾉ","town_name":"下伊佐野","zip_code":"3292502"},{"prefecture_jis_code":"09","city_jis_code":"09211","town_name_kana":"ｼﾓｵｵﾀ","town_name":"下太田","zip_code":"3292124"},{"prefecture_jis_code":"09","city_jis_code":"09211","town_name_kana":"ｽｴﾋﾛﾁｮｳ","town_name":"末広町","zip_code":"3292162"},{"prefecture_jis_code":"09","city_jis_code":"09211","town_name_kana":"ﾀｶｼｵ","town_name":"高塩","zip_code":"3292153"},{"prefecture_jis_code":"09","city_jis_code":"09211","town_name_kana":"ﾀﾂｱｼ","town_name":"立足","zip_code":"3292505"},{"prefecture_jis_code":"09","city_jis_code":"09211","town_name_kana":"ﾀﾃﾉｶﾜ","town_name":"館ノ川","zip_code":"3292152"},{"prefecture_jis_code":"09","city_jis_code":"09211","town_name_kana":"ﾀﾉﾊﾗ","town_name":"田野原","zip_code":"3292503"},{"prefecture_jis_code":"09","city_jis_code":"09211","town_name_kana":"ﾀﾏﾀﾞ","town_name":"玉田","zip_code":"3291577"},{"prefecture_jis_code":"09","city_jis_code":"09211","town_name_kana":"ﾂﾁﾔ","town_name":"土屋","zip_code":"3292131"},{"prefecture_jis_code":"09","city_jis_code":"09211","town_name_kana":"ﾄﾐﾀ","town_name":"富田","zip_code":"3292145"},{"prefecture_jis_code":"09","city_jis_code":"09211","town_name_kana":"ﾄﾖﾀﾞ","town_name":"豊田","zip_code":"3292133"},{"prefecture_jis_code":"09","city_jis_code":"09211","town_name_kana":"ﾅｶ","town_name":"中","zip_code":"3292135"},{"prefecture_jis_code":"09","city_jis_code":"09211","town_name_kana":"ﾅｶﾞｲ","town_name":"長井","zip_code":"3292514"},{"prefecture_jis_code":"09","city_jis_code":"09211","town_name_kana":"ﾅﾘﾀ","town_name":"成田","zip_code":"3292134"},{"prefecture_jis_code":"09","city_jis_code":"09211","town_name_kana":"ﾊﾔｶﾜﾁｮｳ","town_name":"早川町","zip_code":"3292141"},{"prefecture_jis_code":"09","city_jis_code":"09211","town_name_kana":"ﾊﾘｳ","town_name":"針生","zip_code":"3292122"},{"prefecture_jis_code":"09","city_jis_code":"09211","town_name_kana":"ﾋｶﾞｼｲｽﾞﾐ","town_name":"東泉","zip_code":"3292512"},{"prefecture_jis_code":"09","city_jis_code":"09211","town_name_kana":"ﾋﾗﾉ","town_name":"平野","zip_code":"3292506"},{"prefecture_jis_code":"09","city_jis_code":"09211","town_name_kana":"ﾎﾝﾁｮｳ","town_name":"本町","zip_code":"3292164"},{"prefecture_jis_code":"09","city_jis_code":"09211","town_name_kana":"ﾔｲﾀ","town_name":"矢板","zip_code":"3292165"},{"prefecture_jis_code":"09","city_jis_code":"09211","town_name_kana":"ﾔﾏﾀﾞ","town_name":"山田","zip_code":"3292511"},{"prefecture_jis_code":"09","city_jis_code":"09211","town_name_kana":"ﾔﾏﾅﾜｼﾛ","town_name":"山苗代","zip_code":"3291578"}]