[{"prefecture_jis_code":"09","city_jis_code":"09213","town_name_kana":"ｱｵｷ","town_name":"青木","zip_code":"3250103"},{"prefecture_jis_code":"09","city_jis_code":"09213","town_name_kana":"ｱｽﾞﾏﾁｮｳ","town_name":"東町","zip_code":"3292721"},{"prefecture_jis_code":"09","city_jis_code":"09213","town_name_kana":"ｱﾀｺﾞﾁｮｳ","town_name":"あたご町","zip_code":"3292725"},{"prefecture_jis_code":"09","city_jis_code":"09213","town_name_kana":"ｱﾜﾁｮｳ","town_name":"阿波町","zip_code":"3250073"},{"prefecture_jis_code":"09","city_jis_code":"09213","town_name_kana":"ｱﾝﾄﾞｳﾁｮｳ","town_name":"安藤町","zip_code":"3250021"},{"prefecture_jis_code":"09","city_jis_code":"09213","town_name_kana":"ｲｯｸﾁｮｳ","town_name":"一区町","zip_code":"3292732"},{"prefecture_jis_code":"09","city_jis_code":"09213","town_name_kana":"ｲｸﾞﾁ","town_name":"井口","zip_code":"3292763"},{"prefecture_jis_code":"09","city_jis_code":"09213","town_name_kana":"ｲｼﾊﾞﾔｼ","town_name":"石林","zip_code":"3292711"},{"prefecture_jis_code":"09","city_jis_code":"09213","town_name_kana":"ｲﾀﾑﾛ","town_name":"板室","zip_code":"3250111"},{"prefecture_jis_code":"09","city_jis_code":"09213","town_name_kana":"ｳﾂﾉ","town_name":"宇都野","zip_code":"3292816"},{"prefecture_jis_code":"09","city_jis_code":"09213","town_name_kana":"ｵｳｷﾞﾁｮｳ","town_name":"扇町","zip_code":"3292726"},{"prefecture_jis_code":"09","city_jis_code":"09213","town_name_kana":"ｵｵﾊﾗﾏ","town_name":"大原間","zip_code":"3293153"},{"prefecture_jis_code":"09","city_jis_code":"09213","town_name_kana":"ｵｵﾊﾗﾏﾆｼ","town_name":"大原間西","zip_code":"3293157"},{"prefecture_jis_code":"09","city_jis_code":"09213","town_name_kana":"ｵｿﾉｻﾜ","town_name":"遅野沢","zip_code":"3292803"},{"prefecture_jis_code":"09","city_jis_code":"09213","town_name_kana":"ｵﾘﾄﾞ","town_name":"折戸","zip_code":"3292804"},{"prefecture_jis_code":"09","city_jis_code":"09213","town_name_kana":"ｶｽｶﾞﾁｮｳ","town_name":"春日町","zip_code":"3250075"},{"prefecture_jis_code":"09","city_jis_code":"09213","town_name_kana":"ｶﾈｻﾞﾜ","town_name":"金沢","zip_code":"3292812"},{"prefecture_jis_code":"09","city_jis_code":"09213","town_name_kana":"ｶﾉｻｷ","town_name":"鹿野崎","zip_code":"3293121"},{"prefecture_jis_code":"09","city_jis_code":"09213","town_name_kana":"ｶﾉｻｷｼﾝﾃﾞﾝ","town_name":"鹿野崎新田","zip_code":"3250104"},{"prefecture_jis_code":"09","city_jis_code":"09213","town_name_kana":"ｶﾐｱｶﾀﾞ","town_name":"上赤田","zip_code":"3292748"},{"prefecture_jis_code":"09","city_jis_code":"09213","town_name_kana":"ｶﾐｱﾂｻｷ","town_name":"上厚崎","zip_code":"3250026"},{"prefecture_jis_code":"09","city_jis_code":"09213","town_name_kana":"ｶﾐｵｵﾂｶｼﾝﾃﾞﾝ","town_name":"上大塚新田","zip_code":"3293134"},{"prefecture_jis_code":"09","city_jis_code":"09213","town_name_kana":"ｶﾐｵｵﾇｷ","town_name":"上大貫","zip_code":"3292814"},{"prefecture_jis_code":"09","city_jis_code":"09213","town_name_kana":"ｶﾐｺﾞｳﾔ","town_name":"上郷屋","zip_code":"3293127"},{"prefecture_jis_code":"09","city_jis_code":"09213","town_name_kana":"ｶﾐｼｵﾊﾞﾗ","town_name":"上塩原","zip_code":"3292923"},{"prefecture_jis_code":"09","city_jis_code":"09213","town_name_kana":"ｶﾐﾅｶﾉ","town_name":"上中野","zip_code":"3293154"},{"prefecture_jis_code":"09","city_jis_code":"09213","town_name_kana":"ｶﾐﾖｺﾊﾞﾔｼ","town_name":"上横林","zip_code":"3292805"},{"prefecture_jis_code":"09","city_jis_code":"09213","town_name_kana":"ｶﾒﾔﾏ","town_name":"亀山","zip_code":"3250102"},{"prefecture_jis_code":"09","city_jis_code":"09213","town_name_kana":"ｶﾗｽｷﾞ","town_name":"唐杉","zip_code":"3293131"},{"prefecture_jis_code":"09","city_jis_code":"09213","town_name_kana":"ｷｮｳｺﾝｼｬ","town_name":"共墾社","zip_code":"3250027"},{"prefecture_jis_code":"09","city_jis_code":"09213","town_name_kana":"ｷｿﾊﾀﾅｶ","town_name":"木曾畑中","zip_code":"3293145"},{"prefecture_jis_code":"09","city_jis_code":"09213","town_name_kana":"ｷﾀｱｶﾀﾞ","town_name":"北赤田","zip_code":"3292741"},{"prefecture_jis_code":"09","city_jis_code":"09213","town_name_kana":"ｷﾀｻｶｴﾁｮｳ","town_name":"北栄町","zip_code":"3250039"},{"prefecture_jis_code":"09","city_jis_code":"09213","town_name_kana":"ｷﾀﾌﾀﾂﾑﾛ","town_name":"北二つ室","zip_code":"3292734"},{"prefecture_jis_code":"09","city_jis_code":"09213","town_name_kana":"ｷﾀﾔﾛｸ","town_name":"北弥六","zip_code":"3293132"},{"prefecture_jis_code":"09","city_jis_code":"09213","town_name_kana":"ｷﾀﾜﾀﾞ","town_name":"北和田","zip_code":"3293151"},{"prefecture_jis_code":"09","city_jis_code":"09213","town_name_kana":"ｷﾖｽﾐﾁｮｳ","town_name":"清住町","zip_code":"3250067"},{"prefecture_jis_code":"09","city_jis_code":"09213","town_name_kana":"ｷﾜﾀﾊﾀ","town_name":"木綿畑","zip_code":"3250116"},{"prefecture_jis_code":"09","city_jis_code":"09213","town_name_kana":"ｸﾂｶｹ","town_name":"沓掛","zip_code":"3293133"},{"prefecture_jis_code":"09","city_jis_code":"09213","town_name_kana":"ｸﾛｲｿ","town_name":"黒磯","zip_code":"3250017"},{"prefecture_jis_code":"09","city_jis_code":"09213","town_name_kana":"ｸﾛｲｿｻｲﾜｲﾁｮｳ","town_name":"黒磯幸町","zip_code":"3250057"},{"prefecture_jis_code":"09","city_jis_code":"09213","town_name_kana":"ｺｴﾎﾞﾘ","town_name":"越堀","zip_code":"3250012"},{"prefecture_jis_code":"09","city_jis_code":"09213","town_name_kana":"ｺﾕｲ","town_name":"小結","zip_code":"3250035"},{"prefecture_jis_code":"09","city_jis_code":"09213","town_name_kana":"ｺﾞｹﾝﾁｮｳ","town_name":"五軒町","zip_code":"3292753"},{"prefecture_jis_code":"09","city_jis_code":"09213","town_name_kana":"ｻｷﾀﾏ","town_name":"埼玉","zip_code":"3250033"},{"prefecture_jis_code":"09","city_jis_code":"09213","town_name_kana":"ｻｸﾗﾁｮｳ","town_name":"桜町","zip_code":"3250042"},{"prefecture_jis_code":"09","city_jis_code":"09213","town_name_kana":"ｻｻﾇﾏ","town_name":"笹沼","zip_code":"3293155"},{"prefecture_jis_code":"09","city_jis_code":"09213","town_name_kana":"ｻﾉ","town_name":"佐野","zip_code":"3293142"},{"prefecture_jis_code":"09","city_jis_code":"09213","town_name_kana":"ｻﾝｸﾁｮｳ","town_name":"三区町","zip_code":"3292745"},{"prefecture_jis_code":"09","city_jis_code":"09213","town_name_kana":"ｻﾝﾎﾞﾝｷﾞ","town_name":"三本木","zip_code":"3293143"},{"prefecture_jis_code":"09","city_jis_code":"09213","town_name_kana":"ｻﾞｲﾓｸﾁｮｳ","town_name":"材木町","zip_code":"3250048"},{"prefecture_jis_code":"09","city_jis_code":"09213","town_name_kana":"ｼｵﾉｻｷ","town_name":"塩野崎","zip_code":"3293122"},{"prefecture_jis_code":"09","city_jis_code":"09213","town_name_kana":"ｼｵﾉｻｷｼﾝﾃﾞﾝ","town_name":"塩野崎新田","zip_code":"3293123"},{"prefecture_jis_code":"09","city_jis_code":"09213","town_name_kana":"ｼｵﾊﾞﾗ","town_name":"塩原","zip_code":"3292921"},{"prefecture_jis_code":"09","city_jis_code":"09213","town_name_kana":"ｼｷﾞｳﾁ","town_name":"鴫内","zip_code":"3250118"},{"prefecture_jis_code":"09","city_jis_code":"09213","town_name_kana":"ｼﾏｶﾀ","town_name":"島方","zip_code":"3293152"},{"prefecture_jis_code":"09","city_jis_code":"09213","town_name_kana":"ｼﾓｱﾂｻｷ","town_name":"下厚崎","zip_code":"3250025"},{"prefecture_jis_code":"09","city_jis_code":"09213","town_name_kana":"ｼﾓｵｵﾇｷ","town_name":"下大貫","zip_code":"3292815"},{"prefecture_jis_code":"09","city_jis_code":"09213","town_name_kana":"ｼﾓﾀﾉ","town_name":"下田野","zip_code":"3292811"},{"prefecture_jis_code":"09","city_jis_code":"09213","town_name_kana":"ｼﾓﾅｶﾉ","town_name":"下中野","zip_code":"3293146"},{"prefecture_jis_code":"09","city_jis_code":"09213","town_name_kana":"ｼﾓﾅｶﾞﾀ","town_name":"下永田","zip_code":"3292712"},{"prefecture_jis_code":"09","city_jis_code":"09213","town_name_kana":"ｼﾝｱｻﾋ","town_name":"新朝日","zip_code":"3250054"},{"prefecture_jis_code":"09","city_jis_code":"09213","town_name_kana":"ｼﾝﾅﾝ","town_name":"新南","zip_code":"3292704"},{"prefecture_jis_code":"09","city_jis_code":"09213","town_name_kana":"ｼﾝﾏﾁ","town_name":"新町","zip_code":"3250071"},{"prefecture_jis_code":"09","city_jis_code":"09213","town_name_kana":"ｼﾝﾐﾄﾞﾘﾁｮｳ","town_name":"新緑町","zip_code":"3250066"},{"prefecture_jis_code":"09","city_jis_code":"09213","town_name_kana":"ｽｴﾋﾛﾁｮｳ","town_name":"末広町","zip_code":"3250061"},{"prefecture_jis_code":"09","city_jis_code":"09213","town_name_kana":"ｽﾐﾖｼﾁｮｳ","town_name":"住吉町","zip_code":"3250062"},{"prefecture_jis_code":"09","city_jis_code":"09213","town_name_kana":"ｾｷﾈ","town_name":"関根","zip_code":"3292701"},{"prefecture_jis_code":"09","city_jis_code":"09213","town_name_kana":"ｾｷﾔ","town_name":"関谷","zip_code":"3292801"},{"prefecture_jis_code":"09","city_jis_code":"09213","town_name_kana":"ｾﾝﾎﾞﾝﾏﾂ","town_name":"千本松","zip_code":"3292747"},{"prefecture_jis_code":"09","city_jis_code":"09213","town_name_kana":"ﾀｶｱﾂ","town_name":"高阿津","zip_code":"3292813"},{"prefecture_jis_code":"09","city_jis_code":"09213","town_name_kana":"ﾀｶｻｺﾞﾁｮｳ","town_name":"高砂町","zip_code":"3250045"},{"prefecture_jis_code":"09","city_jis_code":"09213","town_name_kana":"ﾀｶﾊﾞﾔｼ","town_name":"高林","zip_code":"3250107"},{"prefecture_jis_code":"09","city_jis_code":"09213","town_name_kana":"ﾀｶﾔﾅｷﾞ","town_name":"高柳","zip_code":"3292707"},{"prefecture_jis_code":"09","city_jis_code":"09213","town_name_kana":"ﾀﾕｳﾂﾞｶ","town_name":"太夫塚","zip_code":"3292735"},{"prefecture_jis_code":"09","city_jis_code":"09213","town_name_kana":"ﾀﾞｲｺｸﾁｮｳ","town_name":"大黒町","zip_code":"3250046"},{"prefecture_jis_code":"09","city_jis_code":"09213","town_name_kana":"ﾁｭｳｵｳﾁｮｳ","town_name":"中央町","zip_code":"3250052"},{"prefecture_jis_code":"09","city_jis_code":"09213","town_name_kana":"ﾂｷﾇｷｻﾞﾜ","town_name":"槻沢","zip_code":"3292703"},{"prefecture_jis_code":"09","city_jis_code":"09213","town_name_kana":"ﾃﾗｺﾞ","town_name":"寺子","zip_code":"3250011"},{"prefecture_jis_code":"09","city_jis_code":"09213","town_name_kana":"ﾄｳｴｲ","town_name":"東栄","zip_code":"3250016"},{"prefecture_jis_code":"09","city_jis_code":"09213","town_name_kana":"ﾄﾀﾞ","town_name":"戸田","zip_code":"3250114"},{"prefecture_jis_code":"09","city_jis_code":"09213","town_name_kana":"ﾄﾖｳﾗ","town_name":"豊浦","zip_code":"3250023"},{"prefecture_jis_code":"09","city_jis_code":"09213","town_name_kana":"ﾄﾖｳﾗｷﾀﾏﾁ","town_name":"豊浦北町","zip_code":"3250038"},{"prefecture_jis_code":"09","city_jis_code":"09213","town_name_kana":"ﾄﾖｳﾗﾁｮｳ","town_name":"豊浦町","zip_code":"3250064"},{"prefecture_jis_code":"09","city_jis_code":"09213","town_name_kana":"ﾄﾖｳﾗﾅｶﾏﾁ","town_name":"豊浦中町","zip_code":"3250063"},{"prefecture_jis_code":"09","city_jis_code":"09213","town_name_kana":"ﾄﾖｳﾗﾐﾅﾐﾁｮｳ","town_name":"豊浦南町","zip_code":"3250065"},{"prefecture_jis_code":"09","city_jis_code":"09213","town_name_kana":"ﾄﾖｽﾐﾁｮｳ","town_name":"豊住町","zip_code":"3250072"},{"prefecture_jis_code":"09","city_jis_code":"09213","town_name_kana":"ﾄﾘﾉﾒ","town_name":"鳥野目","zip_code":"3250036"},{"prefecture_jis_code":"09","city_jis_code":"09213","town_name_kana":"ﾄﾞｳｼﾞﾏ","town_name":"洞島","zip_code":"3250106"},{"prefecture_jis_code":"09","city_jis_code":"09213","town_name_kana":"ﾅｶｳﾁ","town_name":"中内","zip_code":"3293126"},{"prefecture_jis_code":"09","city_jis_code":"09213","town_name_kana":"ﾅｶｼｵﾊﾞﾗ","town_name":"中塩原","zip_code":"3292924"},{"prefecture_jis_code":"09","city_jis_code":"09213","town_name_kana":"ﾅｶﾞﾀﾁｮｳ","town_name":"永田町","zip_code":"3292727"},{"prefecture_jis_code":"09","city_jis_code":"09213","town_name_kana":"ﾅﾍﾞｶｹ","town_name":"鍋掛","zip_code":"3250013"},{"prefecture_jis_code":"09","city_jis_code":"09213","town_name_kana":"ﾅﾐｷﾁｮｳ","town_name":"並木町","zip_code":"3250031"},{"prefecture_jis_code":"09","city_jis_code":"09213","town_name_kana":"ﾆｸﾁｮｳ","town_name":"二区町","zip_code":"3292733"},{"prefecture_jis_code":"09","city_jis_code":"09213","town_name_kana":"ﾆｼｱｶﾀﾞ","town_name":"西赤田","zip_code":"3292744"},{"prefecture_jis_code":"09","city_jis_code":"09213","town_name_kana":"ﾆｼｱｻﾋﾁｮｳ","town_name":"西朝日町","zip_code":"3292722"},{"prefecture_jis_code":"09","city_jis_code":"09213","town_name_kana":"ﾆｼｲﾜｻﾞｷ","town_name":"西岩崎","zip_code":"3250101"},{"prefecture_jis_code":"09","city_jis_code":"09213","town_name_kana":"ﾆｼｵｿｻﾞﾜ","town_name":"西遅沢","zip_code":"3292764"},{"prefecture_jis_code":"09","city_jis_code":"09213","town_name_kana":"ﾆｼｷﾁｮｳ","town_name":"錦町","zip_code":"3250058"},{"prefecture_jis_code":"09","city_jis_code":"09213","town_name_kana":"ﾆｼｻｲﾜｲﾁｮｳ","town_name":"西幸町","zip_code":"3292724"},{"prefecture_jis_code":"09","city_jis_code":"09213","town_name_kana":"ﾆｼｻｶｴﾁｮｳ","town_name":"西栄町","zip_code":"3292728"},{"prefecture_jis_code":"09","city_jis_code":"09213","town_name_kana":"ﾆｼｼﾝﾏﾁ","town_name":"西新町","zip_code":"3250076"},{"prefecture_jis_code":"09","city_jis_code":"09213","town_name_kana":"ﾆｼﾄﾐﾔﾏ","town_name":"西富山","zip_code":"3292762"},{"prefecture_jis_code":"09","city_jis_code":"09213","town_name_kana":"ﾆｼﾊﾗﾁｮｳ","town_name":"西原町","zip_code":"3292755"},{"prefecture_jis_code":"09","city_jis_code":"09213","town_name_kana":"ﾆｼﾐｼﾏ","town_name":"西三島","zip_code":"3292756"},{"prefecture_jis_code":"09","city_jis_code":"09213","town_name_kana":"ﾆｼﾔﾏﾄ","town_name":"西大和","zip_code":"3292754"},{"prefecture_jis_code":"09","city_jis_code":"09213","town_name_kana":"ﾆﾜﾄｺ","town_name":"接骨木","zip_code":"3292807"},{"prefecture_jis_code":"09","city_jis_code":"09213","town_name_kana":"ﾇﾏﾉﾀﾜ","town_name":"沼野田和","zip_code":"3293144"},{"prefecture_jis_code":"09","city_jis_code":"09213","town_name_kana":"ﾉﾏ","town_name":"野間","zip_code":"3250014"},{"prefecture_jis_code":"09","city_jis_code":"09213","town_name_kana":"ﾊｯﾀﾁ","town_name":"波立","zip_code":"3293124"},{"prefecture_jis_code":"09","city_jis_code":"09213","town_name_kana":"ﾊｼﾓﾄﾁｮｳ","town_name":"橋本町","zip_code":"3250043"},{"prefecture_jis_code":"09","city_jis_code":"09213","town_name_kana":"ﾊﾗﾏﾁ","town_name":"原町","zip_code":"3250015"},{"prefecture_jis_code":"09","city_jis_code":"09213","town_name_kana":"ﾋｶﾞｼｱｶﾀﾞ","town_name":"東赤田","zip_code":"3292742"},{"prefecture_jis_code":"09","city_jis_code":"09213","town_name_kana":"ﾋｶﾞｼｵｿｻﾞﾜ","town_name":"東遅沢","zip_code":"3292761"},{"prefecture_jis_code":"09","city_jis_code":"09213","town_name_kana":"ﾋｶﾞｼｺﾔ","town_name":"東小屋","zip_code":"3293147"},{"prefecture_jis_code":"09","city_jis_code":"09213","town_name_kana":"ﾋｶﾞｼｾｷﾈ","town_name":"東関根","zip_code":"3292702"},{"prefecture_jis_code":"09","city_jis_code":"09213","town_name_kana":"ﾋｶﾞｼﾄﾖｳﾗ","town_name":"東豊浦","zip_code":"3250022"},{"prefecture_jis_code":"09","city_jis_code":"09213","town_name_kana":"ﾋｶﾞｼﾊﾗ","town_name":"東原","zip_code":"3250034"},{"prefecture_jis_code":"09","city_jis_code":"09213","town_name_kana":"ﾋｶﾞｼﾐｼﾏ","town_name":"東三島","zip_code":"3292751"},{"prefecture_jis_code":"09","city_jis_code":"09213","town_name_kana":"ﾋｶﾞｼﾔﾏﾄﾁｮｳ","town_name":"東大和町","zip_code":"3250041"},{"prefecture_jis_code":"09","city_jis_code":"09213","town_name_kana":"ﾋｷﾇﾏ","town_name":"蟇沼","zip_code":"3292802"},{"prefecture_jis_code":"09","city_jis_code":"09213","town_name_kana":"ﾌﾀﾂﾑﾛ","town_name":"二つ室","zip_code":"3292731"},{"prefecture_jis_code":"09","city_jis_code":"09213","town_name_kana":"ﾎｳｷｮｳ","town_name":"方京","zip_code":"3293156"},{"prefecture_jis_code":"09","city_jis_code":"09213","town_name_kana":"ﾎｿﾀﾞｹ","town_name":"細竹","zip_code":"3250113"},{"prefecture_jis_code":"09","city_jis_code":"09213","town_name_kana":"ﾎﾝｺﾞｳﾁｮｳ","town_name":"本郷町","zip_code":"3250053"},{"prefecture_jis_code":"09","city_jis_code":"09213","town_name_kana":"ﾎﾝﾁｮｳ","town_name":"本町","zip_code":"3250056"},{"prefecture_jis_code":"09","city_jis_code":"09213","town_name_kana":"ﾏｴﾔﾛｸ","town_name":"前弥六","zip_code":"3293135"},{"prefecture_jis_code":"09","city_jis_code":"09213","town_name_kana":"ﾏｴﾔﾛｸﾐﾅﾐﾁｮｳ","town_name":"前弥六南町","zip_code":"3293136"},{"prefecture_jis_code":"09","city_jis_code":"09213","town_name_kana":"ﾏﾂｳﾗﾁｮｳ","town_name":"松浦町","zip_code":"3250074"},{"prefecture_jis_code":"09","city_jis_code":"09213","town_name_kana":"ﾐｼﾏ","town_name":"三島","zip_code":"3292752"},{"prefecture_jis_code":"09","city_jis_code":"09213","town_name_kana":"ﾐﾄﾞﾘ","town_name":"緑","zip_code":"3292713"},{"prefecture_jis_code":"09","city_jis_code":"09213","town_name_kana":"ﾐﾅﾐｱｶﾀﾞ","town_name":"南赤田","zip_code":"3292743"},{"prefecture_jis_code":"09","city_jis_code":"09213","town_name_kana":"ﾐﾅﾐｺﾞｳﾔ","town_name":"南郷屋","zip_code":"3292705"},{"prefecture_jis_code":"09","city_jis_code":"09213","town_name_kana":"ﾐﾅﾐﾁｮｳ","town_name":"南町","zip_code":"3292723"},{"prefecture_jis_code":"09","city_jis_code":"09213","town_name_kana":"ﾐﾉﾜ","town_name":"箕輪","zip_code":"3250105"},{"prefecture_jis_code":"09","city_jis_code":"09213","town_name_kana":"ﾐﾊﾗﾁｮｳ","town_name":"美原町","zip_code":"3250037"},{"prefecture_jis_code":"09","city_jis_code":"09213","town_name_kana":"ﾐﾔﾁｮｳ","town_name":"宮町","zip_code":"3250055"},{"prefecture_jis_code":"09","city_jis_code":"09213","town_name_kana":"ﾑｸﾘﾔ","town_name":"無栗屋","zip_code":"3293125"},{"prefecture_jis_code":"09","city_jis_code":"09213","town_name_kana":"ﾑﾂﾐ","town_name":"睦","zip_code":"3292706"},{"prefecture_jis_code":"09","city_jis_code":"09213","town_name_kana":"ﾓﾑﾗ","town_name":"百村","zip_code":"3250115"},{"prefecture_jis_code":"09","city_jis_code":"09213","town_name_kana":"ﾔﾂﾎﾞ","town_name":"箭坪","zip_code":"3250108"},{"prefecture_jis_code":"09","city_jis_code":"09213","town_name_kana":"ﾔﾏﾅｶｼﾝﾃﾞﾝ","town_name":"山中新田","zip_code":"3293141"},{"prefecture_jis_code":"09","city_jis_code":"09213","town_name_kana":"ﾔﾖｲﾁｮｳ","town_name":"弥生町","zip_code":"3250044"},{"prefecture_jis_code":"09","city_jis_code":"09213","town_name_kana":"ﾕｲ","town_name":"油井","zip_code":"3250112"},{"prefecture_jis_code":"09","city_jis_code":"09213","town_name_kana":"ﾕｸﾞｳ","town_name":"湯宮","zip_code":"3250117"},{"prefecture_jis_code":"09","city_jis_code":"09213","town_name_kana":"ﾕﾀｶﾁｮｳ","town_name":"豊町","zip_code":"3250051"},{"prefecture_jis_code":"09","city_jis_code":"09213","town_name_kana":"ﾕﾓﾄｼｵﾊﾞﾗ","town_name":"湯本塩原","zip_code":"3292922"},{"prefecture_jis_code":"09","city_jis_code":"09213","town_name_kana":"ﾖｺﾊﾞﾔｼ","town_name":"横林","zip_code":"3292806"},{"prefecture_jis_code":"09","city_jis_code":"09213","town_name_kana":"ﾖﾝｸﾁｮｳ","town_name":"四区町","zip_code":"3292746"},{"prefecture_jis_code":"09","city_jis_code":"09213","town_name_kana":"ﾜｶｸｻﾁｮｳ","town_name":"若草町","zip_code":"3250032"},{"prefecture_jis_code":"09","city_jis_code":"09213","town_name_kana":"ﾜｶﾊﾞﾁｮｳ","town_name":"若葉町","zip_code":"3250047"},{"prefecture_jis_code":"09","city_jis_code":"09213","town_name_kana":"ﾜﾀﾅﾍﾞ","town_name":"渡辺","zip_code":"3250024"}]