[{"prefecture_jis_code":"09","city_jis_code":"09386","town_name_kana":"ｲｲﾑﾛ","town_name":"飯室","zip_code":"3291205"},{"prefecture_jis_code":"09","city_jis_code":"09386","town_name_kana":"ｲｼｽﾞｴ","town_name":"石末","zip_code":"3291225"},{"prefecture_jis_code":"09","city_jis_code":"09386","town_name_kana":"ｵｵﾀ","town_name":"太田","zip_code":"3291217"},{"prefecture_jis_code":"09","city_jis_code":"09386","town_name_kana":"ｵｵﾔ","town_name":"大谷","zip_code":"3291226"},{"prefecture_jis_code":"09","city_jis_code":"09386","town_name_kana":"ｶｷﾉｷｻﾞﾜ","town_name":"柿木沢","zip_code":"3291201"},{"prefecture_jis_code":"09","city_jis_code":"09386","town_name_kana":"ｶﾐｱｸﾂ","town_name":"上阿久津","zip_code":"3291235"},{"prefecture_jis_code":"09","city_jis_code":"09386","town_name_kana":"ｶﾐｶｼﾜｻﾞｷ","town_name":"上柏崎","zip_code":"3291212"},{"prefecture_jis_code":"09","city_jis_code":"09386","town_name_kana":"ｶﾐﾀｶﾈｻﾞﾜ","town_name":"上高根沢","zip_code":"3291224"},{"prefecture_jis_code":"09","city_jis_code":"09386","town_name_kana":"ｶﾒﾅｼ","town_name":"亀梨","zip_code":"3291211"},{"prefecture_jis_code":"09","city_jis_code":"09386","town_name_kana":"ｷｭｳﾌﾞ","town_name":"給部","zip_code":"3291215"},{"prefecture_jis_code":"09","city_jis_code":"09386","town_name_kana":"ｸﾘｶﾞｼﾏ","town_name":"栗ケ島","zip_code":"3291223"},{"prefecture_jis_code":"09","city_jis_code":"09386","town_name_kana":"ｸﾜｸﾎﾞ","town_name":"桑窪","zip_code":"3291216"},{"prefecture_jis_code":"09","city_jis_code":"09386","town_name_kana":"ｺｳﾖｳﾀﾞｲ","town_name":"光陽台","zip_code":"3291232"},{"prefecture_jis_code":"09","city_jis_code":"09386","town_name_kana":"ｼﾓｶｼﾜｻﾞｷ","town_name":"下柏崎","zip_code":"3291213"},{"prefecture_jis_code":"09","city_jis_code":"09386","town_name_kana":"ﾃﾗﾜﾀﾄﾞ","town_name":"寺渡戸","zip_code":"3291222"},{"prefecture_jis_code":"09","city_jis_code":"09386","town_name_kana":"ﾅｶｱｸﾂ","town_name":"中阿久津","zip_code":"3291234"},{"prefecture_jis_code":"09","city_jis_code":"09386","town_name_kana":"ﾅｶｶｼﾜｻﾞｷ","town_name":"中柏崎","zip_code":"3291214"},{"prefecture_jis_code":"09","city_jis_code":"09386","town_name_kana":"ﾆｼｺﾞｳﾔ","town_name":"西高谷","zip_code":"3291221"},{"prefecture_jis_code":"09","city_jis_code":"09386","town_name_kana":"ﾊｻﾏﾀ","town_name":"狭間田","zip_code":"3291202"},{"prefecture_jis_code":"09","city_jis_code":"09386","town_name_kana":"ﾊﾅｵｶ","town_name":"花岡","zip_code":"3291207"},{"prefecture_jis_code":"09","city_jis_code":"09386","town_name_kana":"ﾋﾗﾀ","town_name":"平田","zip_code":"3291206"},{"prefecture_jis_code":"09","city_jis_code":"09386","town_name_kana":"ﾌｽｸ","town_name":"伏久","zip_code":"3291203"},{"prefecture_jis_code":"09","city_jis_code":"09386","town_name_kana":"ﾌﾊﾞｻﾐ","town_name":"文挾","zip_code":"3291204"},{"prefecture_jis_code":"09","city_jis_code":"09386","town_name_kana":"ﾎｳｼｬｸｼﾞ","town_name":"宝積寺","zip_code":"3291233"},{"prefecture_jis_code":"09","city_jis_code":"09386","town_name_kana":"ﾎｳｾｷﾀﾞｲ","town_name":"宝石台","zip_code":"3291231"}]