[{"prefecture_jis_code":"40","city_jis_code":"40108","town_name_kana":"ｱﾗﾃ","town_name":"荒手","zip_code":"8050001"},{"prefecture_jis_code":"40","city_jis_code":"40108","town_name_kana":"ｱﾛｳﾀﾞ","town_name":"荒生田","zip_code":"8050015"},{"prefecture_jis_code":"40","city_jis_code":"40108","town_name_kana":"ｲｼﾂﾎﾞﾏﾁ","town_name":"石坪町","zip_code":"8050021"},{"prefecture_jis_code":"40","city_jis_code":"40108","town_name_kana":"ｲﾉｸﾗﾏﾁ","town_name":"猪倉町","zip_code":"8050037"},{"prefecture_jis_code":"40","city_jis_code":"40108","town_name_kana":"ｲﾜｲﾏﾁ","town_name":"祝町","zip_code":"8050041"},{"prefecture_jis_code":"40","city_jis_code":"40108","town_name_kana":"ｴﾀﾞﾐﾂ","town_name":"枝光","zip_code":"8050002"},{"prefecture_jis_code":"40","city_jis_code":"40108","town_name_kana":"ｴﾀﾞﾐﾂﾎﾝﾏﾁ","town_name":"枝光本町","zip_code":"8050008"},{"prefecture_jis_code":"40","city_jis_code":"40108","town_name_kana":"ｵｵｸﾗ","town_name":"大蔵","zip_code":"8050048"},{"prefecture_jis_code":"40","city_jis_code":"40108","town_name_kana":"ｵｵﾀﾆ","town_name":"大谷","zip_code":"8050053"},{"prefecture_jis_code":"40","city_jis_code":"40108","town_name_kana":"ｵｵﾋﾗﾏﾁ","town_name":"大平町","zip_code":"8050038"},{"prefecture_jis_code":"40","city_jis_code":"40108","town_name_kana":"ｵｵﾐﾔﾏﾁ","town_name":"大宮町","zip_code":"8050003"},{"prefecture_jis_code":"40","city_jis_code":"40108","town_name_kana":"ｵｸﾞﾗ","town_name":"尾倉","zip_code":"8050057"},{"prefecture_jis_code":"40","city_jis_code":"40108","town_name_kana":"ｵｸﾞﾗｵｵｱｻﾞ","town_name":"尾倉大字","zip_code":"8050057"},{"prefecture_jis_code":"40","city_jis_code":"40108","town_name_kana":"ｶﾂﾔﾏ","town_name":"勝山","zip_code":"8050043"},{"prefecture_jis_code":"40","city_jis_code":"40108","town_name_kana":"ｶﾐﾎﾝﾏﾁ","town_name":"上本町","zip_code":"8050018"},{"prefecture_jis_code":"40","city_jis_code":"40108","town_name_kana":"ｶﾐﾔﾏﾏﾁ","town_name":"神山町","zip_code":"8050055"},{"prefecture_jis_code":"40","city_jis_code":"40108","town_name_kana":"ｶﾜﾁ","town_name":"河内","zip_code":"8050045"},{"prefecture_jis_code":"40","city_jis_code":"40108","town_name_kana":"ｶﾜﾌﾞﾁﾏﾁ","town_name":"川淵町","zip_code":"8050012"},{"prefecture_jis_code":"40","city_jis_code":"40108","town_name_kana":"ｷﾖﾀ","town_name":"清田","zip_code":"8050034"},{"prefecture_jis_code":"40","city_jis_code":"40108","town_name_kana":"ｷﾞｵﾝ","town_name":"祇園","zip_code":"8050067"},{"prefecture_jis_code":"40","city_jis_code":"40108","town_name_kana":"ｷﾞｵﾝﾊﾞﾗﾏﾁ","town_name":"祇園原町","zip_code":"8050066"},{"prefecture_jis_code":"40","city_jis_code":"40108","town_name_kana":"ｹｲｼｮｳﾏﾁ","town_name":"景勝町","zip_code":"8050047"},{"prefecture_jis_code":"40","city_jis_code":"40108","town_name_kana":"ｺｸﾞﾏﾉ","town_name":"小熊野","zip_code":"8050036"},{"prefecture_jis_code":"40","city_jis_code":"40108","town_name_kana":"ｻﾝｼﾞ","town_name":"山路","zip_code":"8050035"},{"prefecture_jis_code":"40","city_jis_code":"40108","town_name_kana":"ｻﾝｼﾞﾏﾂｵﾏﾁ","town_name":"山路松尾町","zip_code":"8050033"},{"prefecture_jis_code":"40","city_jis_code":"40108","town_name_kana":"ｻﾝﾉｳ","town_name":"山王","zip_code":"8050017"},{"prefecture_jis_code":"40","city_jis_code":"40108","town_name_kana":"ｼｮｳﾜ","town_name":"昭和","zip_code":"8050013"},{"prefecture_jis_code":"40","city_jis_code":"40108","town_name_kana":"ｼﾗｶﾜﾏﾁ","town_name":"白川町","zip_code":"8050007"},{"prefecture_jis_code":"40","city_jis_code":"40108","town_name_kana":"ｽｴﾋﾛﾏﾁ","town_name":"末広町","zip_code":"8050049"},{"prefecture_jis_code":"40","city_jis_code":"40108","town_name_kana":"ｽﾜ","town_name":"諏訪","zip_code":"8050006"},{"prefecture_jis_code":"40","city_jis_code":"40108","town_name_kana":"ﾀｶﾐ","town_name":"高見","zip_code":"8050016"},{"prefecture_jis_code":"40","city_jis_code":"40108","town_name_kana":"ﾀｹｼﾀﾏﾁ","town_name":"竹下町","zip_code":"8050022"},{"prefecture_jis_code":"40","city_jis_code":"40108","town_name_kana":"ﾀｼﾛ","town_name":"田代","zip_code":"8050046"},{"prefecture_jis_code":"40","city_jis_code":"40108","town_name_kana":"ﾁｬﾔﾏﾁ","town_name":"茶屋町","zip_code":"8050014"},{"prefecture_jis_code":"40","city_jis_code":"40108","town_name_kana":"ﾁｭｳｵｳ","town_name":"中央","zip_code":"8050019"},{"prefecture_jis_code":"40","city_jis_code":"40108","town_name_kana":"ﾂｷﾀﾞ","town_name":"槻田","zip_code":"8050031"},{"prefecture_jis_code":"40","city_jis_code":"40108","town_name_kana":"ﾃﾝｼﾞﾝﾏﾁ","town_name":"天神町","zip_code":"8050054"},{"prefecture_jis_code":"40","city_jis_code":"40108","town_name_kana":"ﾅｶｵ","town_name":"中尾","zip_code":"8050025"},{"prefecture_jis_code":"40","city_jis_code":"40108","town_name_kana":"ﾅｶﾊﾀ","town_name":"中畑","zip_code":"8050024"},{"prefecture_jis_code":"40","city_jis_code":"40108","town_name_kana":"ﾆｼﾀﾞｲﾗﾏﾁ","town_name":"西台良町","zip_code":"8050064"},{"prefecture_jis_code":"40","city_jis_code":"40108","town_name_kana":"ﾆｼﾎﾝﾏﾁ","town_name":"西本町","zip_code":"8050061"},{"prefecture_jis_code":"40","city_jis_code":"40108","town_name_kana":"ﾆｼﾏﾙﾔﾏﾏﾁ","town_name":"西丸山町","zip_code":"8050052"},{"prefecture_jis_code":"40","city_jis_code":"40108","town_name_kana":"ﾊｺﾞﾛﾓﾏﾁ","town_name":"羽衣町","zip_code":"8050042"},{"prefecture_jis_code":"40","city_jis_code":"40108","town_name_kana":"ﾊﾁｵｳｼﾞﾏﾁ","town_name":"八王寺町","zip_code":"8050011"},{"prefecture_jis_code":"40","city_jis_code":"40108","town_name_kana":"ﾊﾅｵﾏﾁ","town_name":"花尾町","zip_code":"8050065"},{"prefecture_jis_code":"40","city_jis_code":"40108","town_name_kana":"ﾊﾙﾉﾏﾁ","town_name":"春の町","zip_code":"8050050"},{"prefecture_jis_code":"40","city_jis_code":"40108","town_name_kana":"ﾋｶﾞｼﾀﾞ","town_name":"東田","zip_code":"8050071"},{"prefecture_jis_code":"40","city_jis_code":"40108","town_name_kana":"ﾋｶﾞｼﾀﾞｲﾗﾏﾁ","town_name":"東台良町","zip_code":"8050063"},{"prefecture_jis_code":"40","city_jis_code":"40108","town_name_kana":"ﾋｶﾞｼﾃﾂﾏﾁ","town_name":"東鉄町","zip_code":"8050027"},{"prefecture_jis_code":"40","city_jis_code":"40108","town_name_kana":"ﾋｶﾞｼﾏﾙﾔﾏﾏﾁ","town_name":"東丸山町","zip_code":"8050051"},{"prefecture_jis_code":"40","city_jis_code":"40108","town_name_kana":"ﾋｶﾞｼﾔﾏ","town_name":"東山","zip_code":"8050026"},{"prefecture_jis_code":"40","city_jis_code":"40108","town_name_kana":"ﾋﾉﾃﾞ","town_name":"日の出","zip_code":"8050004"},{"prefecture_jis_code":"40","city_jis_code":"40108","town_name_kana":"ﾋﾗﾉ","town_name":"平野","zip_code":"8050062"},{"prefecture_jis_code":"40","city_jis_code":"40108","town_name_kana":"ﾌｼﾞﾐﾏﾁ","town_name":"藤見町","zip_code":"8050005"},{"prefecture_jis_code":"40","city_jis_code":"40108","town_name_kana":"ﾎﾊﾞｼﾗ","town_name":"帆柱","zip_code":"8050056"},{"prefecture_jis_code":"40","city_jis_code":"40108","town_name_kana":"ﾏｴﾀﾞ","town_name":"前田","zip_code":"8050058"},{"prefecture_jis_code":"40","city_jis_code":"40108","town_name_kana":"ﾏｴﾀﾞｵｵｱｻﾞ","town_name":"前田大字","zip_code":"8050058"},{"prefecture_jis_code":"40","city_jis_code":"40108","town_name_kana":"ﾏﾂｵﾏﾁ","town_name":"松尾町","zip_code":"8050032"},{"prefecture_jis_code":"40","city_jis_code":"40108","town_name_kana":"ﾐﾔﾀﾏﾁ","town_name":"宮田町","zip_code":"8050009"},{"prefecture_jis_code":"40","city_jis_code":"40108","town_name_kana":"ﾐﾔﾉﾏﾁ","town_name":"宮の町","zip_code":"8050023"},{"prefecture_jis_code":"40","city_jis_code":"40108","town_name_kana":"ﾓﾓｿﾞﾉ","town_name":"桃園","zip_code":"8050068"},{"prefecture_jis_code":"40","city_jis_code":"40108","town_name_kana":"ﾕﾀｶﾏﾁ","town_name":"豊町","zip_code":"8050044"}]