[{"prefecture_jis_code":"40","city_jis_code":"40106","town_name_kana":"ｱｲﾉｼﾏ","town_name":"藍島","zip_code":"8020091"},{"prefecture_jis_code":"40","city_jis_code":"40106","town_name_kana":"ｱｵﾊﾞ","town_name":"青葉","zip_code":"8030822"},{"prefecture_jis_code":"40","city_jis_code":"40106","town_name_kana":"ｱｶｻｶ","town_name":"赤坂","zip_code":"8020032"},{"prefecture_jis_code":"40","city_jis_code":"40106","town_name_kana":"ｱｶｻｶｶｲｶﾞﾝ","town_name":"赤坂海岸","zip_code":"8020031"},{"prefecture_jis_code":"40","city_jis_code":"40106","town_name_kana":"ｱｻﾉ","town_name":"浅野","zip_code":"8020001"},{"prefecture_jis_code":"40","city_jis_code":"40106","town_name_kana":"ｱｻﾋｶﾞｵｶ","town_name":"朝日ケ丘","zip_code":"8030833"},{"prefecture_jis_code":"40","city_jis_code":"40106","town_name_kana":"ｱｼﾊﾗ","town_name":"足原","zip_code":"8020043"},{"prefecture_jis_code":"40","city_jis_code":"40106","town_name_kana":"ｱﾀｺﾞ","town_name":"愛宕","zip_code":"8030828"},{"prefecture_jis_code":"40","city_jis_code":"40106","town_name_kana":"ｱﾀﾞﾁ","town_name":"足立","zip_code":"8020042"},{"prefecture_jis_code":"40","city_jis_code":"40106","town_name_kana":"ｲｽﾞﾐﾀﾞｲ","town_name":"泉台","zip_code":"8030842"},{"prefecture_jis_code":"40","city_jis_code":"40106","town_name_kana":"ｲﾀﾋﾞﾂﾏﾁ","town_name":"板櫃町","zip_code":"8030824"},{"prefecture_jis_code":"40","city_jis_code":"40106","town_name_kana":"ｲﾎﾞﾘ","town_name":"井堀","zip_code":"8030835"},{"prefecture_jis_code":"40","city_jis_code":"40106","town_name_kana":"ｲﾏﾏﾁ","town_name":"今町","zip_code":"8030862"},{"prefecture_jis_code":"40","city_jis_code":"40106","town_name_kana":"ｲﾓｼﾞﾏﾁ","town_name":"鋳物師町","zip_code":"8030821"},{"prefecture_jis_code":"40","city_jis_code":"40106","town_name_kana":"ｳｵﾏﾁ","town_name":"魚町","zip_code":"8020006"},{"prefecture_jis_code":"40","city_jis_code":"40106","town_name_kana":"ｳｻﾏﾁ","town_name":"宇佐町","zip_code":"8020016"},{"prefecture_jis_code":"40","city_jis_code":"40106","town_name_kana":"ｳﾏｼﾏ","town_name":"馬島","zip_code":"8020092"},{"prefecture_jis_code":"40","city_jis_code":"40106","town_name_kana":"ｴﾅﾐﾁｮｳ","town_name":"江南町","zip_code":"8020083"},{"prefecture_jis_code":"40","city_jis_code":"40106","town_name_kana":"ｵｵﾀﾏﾁ","town_name":"大田町","zip_code":"8020015"},{"prefecture_jis_code":"40","city_jis_code":"40106","town_name_kana":"ｵｵﾃﾏﾁ","town_name":"大手町","zip_code":"8030814"},{"prefecture_jis_code":"40","city_jis_code":"40106","town_name_kana":"ｵｵﾊﾞﾀｹ","town_name":"大畠","zip_code":"8020026"},{"prefecture_jis_code":"40","city_jis_code":"40106","town_name_kana":"ｶｼﾞﾏﾁ","town_name":"鍛冶町","zip_code":"8020004"},{"prefecture_jis_code":"40","city_jis_code":"40106","town_name_kana":"ｶﾀﾉ","town_name":"片野","zip_code":"8020064"},{"prefecture_jis_code":"40","city_jis_code":"40106","town_name_kana":"ｶﾀﾉｼﾝﾏﾁ","town_name":"片野新町","zip_code":"8020062"},{"prefecture_jis_code":"40","city_jis_code":"40106","town_name_kana":"ｶﾅﾀﾞ","town_name":"金田","zip_code":"8030816"},{"prefecture_jis_code":"40","city_jis_code":"40106","town_name_kana":"ｶﾐｲﾄｳﾂﾞ","town_name":"上到津","zip_code":"8030845"},{"prefecture_jis_code":"40","city_jis_code":"40106","town_name_kana":"ｶﾐﾄﾐﾉ","town_name":"上富野","zip_code":"8020022"},{"prefecture_jis_code":"40","city_jis_code":"40106","town_name_kana":"ｶﾜﾗｸﾞﾁ","town_name":"香春口","zip_code":"8020084"},{"prefecture_jis_code":"40","city_jis_code":"40106","town_name_kana":"ｶﾝﾀｹ","town_name":"神岳","zip_code":"8020045"},{"prefecture_jis_code":"40","city_jis_code":"40106","town_name_kana":"ｷｮｳﾏﾁ","town_name":"京町","zip_code":"8020002"},{"prefecture_jis_code":"40","city_jis_code":"40106","town_name_kana":"ｷﾌﾈﾏﾁ","town_name":"貴船町","zip_code":"8020073"},{"prefecture_jis_code":"40","city_jis_code":"40106","town_name_kana":"ｷﾏﾁ","town_name":"木町","zip_code":"8030851"},{"prefecture_jis_code":"40","city_jis_code":"40106","town_name_kana":"ｷﾖﾐｽﾞ","town_name":"清水","zip_code":"8030841"},{"prefecture_jis_code":"40","city_jis_code":"40106","town_name_kana":"ｷﾘｶﾞｵｶ","town_name":"霧ケ丘","zip_code":"8020052"},{"prefecture_jis_code":"40","city_jis_code":"40106","town_name_kana":"ｷﾝｹｲﾁｮｳ","town_name":"金鶏町","zip_code":"8030843"},{"prefecture_jis_code":"40","city_jis_code":"40106","town_name_kana":"ｸﾏｶﾞｲ","town_name":"熊谷","zip_code":"8030864"},{"prefecture_jis_code":"40","city_jis_code":"40106","town_name_kana":"ｸﾏﾓﾄ","town_name":"熊本","zip_code":"8020044"},{"prefecture_jis_code":"40","city_jis_code":"40106","town_name_kana":"ｸﾛｽﾞﾐﾁｮｳ","town_name":"黒住町","zip_code":"8020056"},{"prefecture_jis_code":"40","city_jis_code":"40106","town_name_kana":"ｸﾛﾊﾞﾙ","town_name":"黒原","zip_code":"8020051"},{"prefecture_jis_code":"40","city_jis_code":"40106","town_name_kana":"ｺｶﾞﾈ","town_name":"黄金","zip_code":"8020071"},{"prefecture_jis_code":"40","city_jis_code":"40106","town_name_kana":"ｺﾉﾐﾏﾁ","town_name":"許斐町","zip_code":"8030803"},{"prefecture_jis_code":"40","city_jis_code":"40106","town_name_kana":"ｺﾒﾏﾁ","town_name":"米町","zip_code":"8020003"},{"prefecture_jis_code":"40","city_jis_code":"40106","town_name_kana":"ｺﾓﾝｼﾞ","town_name":"小文字","zip_code":"8020037"},{"prefecture_jis_code":"40","city_jis_code":"40106","town_name_kana":"ｺﾝﾔﾏﾁ","town_name":"紺屋町","zip_code":"8020081"},{"prefecture_jis_code":"40","city_jis_code":"40106","town_name_kana":"ｻｴﾝﾊﾞ","town_name":"菜園場","zip_code":"8030823"},{"prefecture_jis_code":"40","city_jis_code":"40106","town_name_kana":"ｻｶｲﾏﾁ","town_name":"堺町","zip_code":"8020005"},{"prefecture_jis_code":"40","city_jis_code":"40106","town_name_kana":"ｻﾌﾞﾛｳﾏﾙ","town_name":"三郎丸","zip_code":"8020061"},{"prefecture_jis_code":"40","city_jis_code":"40106","town_name_kana":"ｻﾗﾔﾏﾏﾁ","town_name":"皿山町","zip_code":"8030854"},{"prefecture_jis_code":"40","city_jis_code":"40106","town_name_kana":"ｻﾝﾓﾝﾁｮｳ","town_name":"山門町","zip_code":"8020024"},{"prefecture_jis_code":"40","city_jis_code":"40106","town_name_kana":"ｼｮｳﾜﾏﾁ","town_name":"昭和町","zip_code":"8020075"},{"prefecture_jis_code":"40","city_jis_code":"40106","town_name_kana":"ｼｹﾞｽﾞﾐ","town_name":"重住","zip_code":"8020011"},{"prefecture_jis_code":"40","city_jis_code":"40106","town_name_kana":"ｼﾉｻﾞｷ","town_name":"篠崎","zip_code":"8030861"},{"prefecture_jis_code":"40","city_jis_code":"40106","town_name_kana":"ｼﾓｲﾄｳﾂﾞ","town_name":"下到津","zip_code":"8030846"},{"prefecture_jis_code":"40","city_jis_code":"40106","town_name_kana":"ｼﾓﾄﾐﾉ","town_name":"下富野","zip_code":"8020023"},{"prefecture_jis_code":"40","city_jis_code":"40106","town_name_kana":"ｼﾗｶﾞﾈ","town_name":"白銀","zip_code":"8020074"},{"prefecture_jis_code":"40","city_jis_code":"40106","town_name_kana":"ｼﾗﾊｷﾞﾏﾁ","town_name":"白萩町","zip_code":"8030825"},{"prefecture_jis_code":"40","city_jis_code":"40106","town_name_kana":"ｼﾝｺｳﾁｮｳ","town_name":"神幸町","zip_code":"8020038"},{"prefecture_jis_code":"40","city_jis_code":"40106","town_name_kana":"ｼﾝﾀｶﾀﾞ","town_name":"新高田","zip_code":"8030852"},{"prefecture_jis_code":"40","city_jis_code":"40106","town_name_kana":"ｼﾝﾜﾏﾁ","town_name":"親和町","zip_code":"8030805"},{"prefecture_jis_code":"40","city_jis_code":"40106","town_name_kana":"ｼﾞｭｻﾞﾝﾁｮｳ","town_name":"寿山町","zip_code":"8020025"},{"prefecture_jis_code":"40","city_jis_code":"40106","town_name_kana":"ｼﾞｮｳﾅｲ","town_name":"城内","zip_code":"8030813"},{"prefecture_jis_code":"40","city_jis_code":"40106","town_name_kana":"ｼﾞｮｳﾉﾀﾞﾝﾁ","town_name":"城野団地","zip_code":"8020055"},{"prefecture_jis_code":"40","city_jis_code":"40106","town_name_kana":"ｽｴﾋﾛ","town_name":"末広","zip_code":"8020012"},{"prefecture_jis_code":"40","city_jis_code":"40106","town_name_kana":"ｽｶﾞﾏﾁ","town_name":"須賀町","zip_code":"8020034"},{"prefecture_jis_code":"40","city_jis_code":"40106","town_name_kana":"ｽﾅﾂ","town_name":"砂津","zip_code":"8020014"},{"prefecture_jis_code":"40","city_jis_code":"40106","town_name_kana":"ｾﾝﾄﾞｳﾏﾁ","town_name":"船頭町","zip_code":"8020008"},{"prefecture_jis_code":"40","city_jis_code":"40106","town_name_kana":"ｾﾝﾊﾞﾏﾁ","town_name":"船場町","zip_code":"8020007"},{"prefecture_jis_code":"40","city_jis_code":"40106","town_name_kana":"ﾀｶｵ","town_name":"高尾","zip_code":"8030853"},{"prefecture_jis_code":"40","city_jis_code":"40106","town_name_kana":"ﾀｶﾊﾏ","town_name":"高浜","zip_code":"8020021"},{"prefecture_jis_code":"40","city_jis_code":"40106","town_name_kana":"ﾀｶﾎﾞｳ","town_name":"高坊","zip_code":"8020053"},{"prefecture_jis_code":"40","city_jis_code":"40106","town_name_kana":"ﾀｶﾐﾀﾞｲ","town_name":"高見台","zip_code":"8030838"},{"prefecture_jis_code":"40","city_jis_code":"40106","town_name_kana":"ﾀｶﾐﾈﾁｮｳ","town_name":"高峰町","zip_code":"8030826"},{"prefecture_jis_code":"40","city_jis_code":"40106","town_name_kana":"ﾀﾃﾊﾞﾔｼﾏﾁ","town_name":"竪林町","zip_code":"8030855"},{"prefecture_jis_code":"40","city_jis_code":"40106","town_name_kana":"ﾀﾃﾏﾁ","town_name":"竪町","zip_code":"8030818"},{"prefecture_jis_code":"40","city_jis_code":"40106","town_name_kana":"ﾀﾏﾁ","town_name":"田町","zip_code":"8030817"},{"prefecture_jis_code":"40","city_jis_code":"40106","town_name_kana":"ﾀﾞｲﾓﾝ","town_name":"大門","zip_code":"8030811"},{"prefecture_jis_code":"40","city_jis_code":"40106","town_name_kana":"ﾄｷﾜﾏﾁ","town_name":"常盤町","zip_code":"8020035"},{"prefecture_jis_code":"40","city_jis_code":"40106","town_name_kana":"ﾄﾐﾉ","town_name":"富野","zip_code":"8020036"},{"prefecture_jis_code":"40","city_jis_code":"40106","town_name_kana":"ﾄﾐﾉﾀﾞｲ","town_name":"富野台","zip_code":"8020033"},{"prefecture_jis_code":"40","city_jis_code":"40106","town_name_kana":"ﾅｶｲ","town_name":"中井","zip_code":"8030836"},{"prefecture_jis_code":"40","city_jis_code":"40106","town_name_kana":"ﾅｶｲｸﾞﾁ","town_name":"中井口","zip_code":"8030837"},{"prefecture_jis_code":"40","city_jis_code":"40106","town_name_kana":"ﾅｶｲﾊﾏ","town_name":"中井浜","zip_code":"8030804"},{"prefecture_jis_code":"40","city_jis_code":"40106","town_name_kana":"ﾅｶｼﾏ","town_name":"中島","zip_code":"8020076"},{"prefecture_jis_code":"40","city_jis_code":"40106","town_name_kana":"ﾅｶﾂｸﾞﾁ","town_name":"中津口","zip_code":"8020018"},{"prefecture_jis_code":"40","city_jis_code":"40106","town_name_kana":"ﾅｶﾞﾊﾏﾏﾁ","town_name":"長浜町","zip_code":"8020013"},{"prefecture_jis_code":"40","city_jis_code":"40106","town_name_kana":"ﾆｼﾐﾅﾄﾏﾁ","town_name":"西港町","zip_code":"8030801"},{"prefecture_jis_code":"40","city_jis_code":"40106","town_name_kana":"ﾊｷﾞｻﾞｷﾏﾁ","town_name":"萩崎町","zip_code":"8020066"},{"prefecture_jis_code":"40","city_jis_code":"40106","town_name_kana":"ﾊﾗﾏﾁ","town_name":"原町","zip_code":"8030815"},{"prefecture_jis_code":"40","city_jis_code":"40106","town_name_kana":"ﾊﾞｼｬｸ","town_name":"馬借","zip_code":"8020077"},{"prefecture_jis_code":"40","city_jis_code":"40106","town_name_kana":"ﾋｱｶﾞﾘ","town_name":"日明","zip_code":"8030831"},{"prefecture_jis_code":"40","city_jis_code":"40106","town_name_kana":"ﾋｶﾞｼｼﾉｻﾞｷ","town_name":"東篠崎","zip_code":"8020072"},{"prefecture_jis_code":"40","city_jis_code":"40106","town_name_kana":"ﾋｶﾞｼｼﾞｮｳﾉﾏﾁ","town_name":"東城野町","zip_code":"8020054"},{"prefecture_jis_code":"40","city_jis_code":"40106","town_name_kana":"ﾋｶﾞｼﾐﾅﾄ","town_name":"東港","zip_code":"8030802"},{"prefecture_jis_code":"40","city_jis_code":"40106","town_name_kana":"ﾋﾗﾏﾂﾏﾁ","town_name":"平松町","zip_code":"8030832"},{"prefecture_jis_code":"40","city_jis_code":"40106","town_name_kana":"ﾌﾙｾﾝﾊﾞﾏﾁ","town_name":"古船場町","zip_code":"8020082"},{"prefecture_jis_code":"40","city_jis_code":"40106","town_name_kana":"ﾍﾞﾝﾃﾝﾏﾁ","town_name":"弁天町","zip_code":"8030856"},{"prefecture_jis_code":"40","city_jis_code":"40106","town_name_kana":"ﾏﾅﾂﾞﾙ","town_name":"真鶴","zip_code":"8030844"},{"prefecture_jis_code":"40","city_jis_code":"40106","town_name_kana":"ﾐｮｳｹﾝﾁｮｳ","town_name":"妙見町","zip_code":"8020041"},{"prefecture_jis_code":"40","city_jis_code":"40106","town_name_kana":"ﾐﾄﾞﾘｶﾞｵｶ","town_name":"緑ケ丘","zip_code":"8030827"},{"prefecture_jis_code":"40","city_jis_code":"40106","town_name_kana":"ﾐﾅﾐｶﾞｵｶ","town_name":"南丘","zip_code":"8030863"},{"prefecture_jis_code":"40","city_jis_code":"40106","town_name_kana":"ﾐﾊｷﾞﾉ","town_name":"三萩野","zip_code":"8020065"},{"prefecture_jis_code":"40","city_jis_code":"40106","town_name_kana":"ﾐﾔｺ","town_name":"都","zip_code":"8030834"},{"prefecture_jis_code":"40","city_jis_code":"40106","town_name_kana":"ﾑﾛﾏﾁ","town_name":"室町","zip_code":"8030812"},{"prefecture_jis_code":"40","city_jis_code":"40106","town_name_kana":"ﾒｲﾜﾏﾁ","town_name":"明和町","zip_code":"8020017"},{"prefecture_jis_code":"40","city_jis_code":"40106","town_name_kana":"ﾔﾏﾀﾞﾏﾁ","town_name":"山田町","zip_code":"8030865"},{"prefecture_jis_code":"40","city_jis_code":"40106","town_name_kana":"ﾖｼﾉﾏﾁ","town_name":"吉野町","zip_code":"8020085"},{"prefecture_jis_code":"40","city_jis_code":"40106","town_name_kana":"ﾜｶﾌｼﾞﾁｮｳ","town_name":"若富士町","zip_code":"8020063"}]