[{"prefecture_jis_code":"40","city_jis_code":"40109","town_name_kana":"ｱｲｵｲﾁｮｳ","town_name":"相生町","zip_code":"8060044"},{"prefecture_jis_code":"40","city_jis_code":"40109","town_name_kana":"ｱｵﾔﾏ","town_name":"青山","zip_code":"8060043"},{"prefecture_jis_code":"40","city_jis_code":"40109","town_name_kana":"ｱｻｶﾜ","town_name":"浅川","zip_code":"8070872"},{"prefecture_jis_code":"40","city_jis_code":"40109","town_name_kana":"ｱｻｶﾜｶﾞｸｴﾝﾀﾞｲ","town_name":"浅川学園台","zip_code":"8070871"},{"prefecture_jis_code":"40","city_jis_code":"40109","town_name_kana":"ｱｻｶﾜﾀﾞｲ","town_name":"浅川台","zip_code":"8070875"},{"prefecture_jis_code":"40","city_jis_code":"40109","town_name_kana":"ｱｻｶﾜﾋﾉﾐﾈ","town_name":"浅川日の峯","zip_code":"8070876"},{"prefecture_jis_code":"40","city_jis_code":"40109","town_name_kana":"ｱｻｶﾜﾏﾁ","town_name":"浅川町","zip_code":"8070879"},{"prefecture_jis_code":"40","city_jis_code":"40109","town_name_kana":"ｱﾉｵ","town_name":"穴生","zip_code":"8060049"},{"prefecture_jis_code":"40","city_jis_code":"40109","town_name_kana":"ｲｹﾀﾞ","town_name":"池田","zip_code":"8071125"},{"prefecture_jis_code":"40","city_jis_code":"40109","town_name_kana":"ｲｼｻｶ","town_name":"石坂","zip_code":"8071121"},{"prefecture_jis_code":"40","city_jis_code":"40109","town_name_kana":"ｲｽﾞﾐｶﾞｳﾗ","town_name":"泉ケ浦","zip_code":"8070854"},{"prefecture_jis_code":"40","city_jis_code":"40109","town_name_kana":"ｲｾｲｶﾞｵｶ","town_name":"医生ケ丘","zip_code":"8070804"},{"prefecture_jis_code":"40","city_jis_code":"40109","town_name_kana":"ｲﾁﾉｾ","town_name":"市瀬","zip_code":"8060063"},{"prefecture_jis_code":"40","city_jis_code":"40109","town_name_kana":"ｲﾜｻｷ","town_name":"岩崎","zip_code":"8071153"},{"prefecture_jis_code":"40","city_jis_code":"40109","town_name_kana":"ｳｴﾉﾊﾙ","town_name":"上の原","zip_code":"8070071"},{"prefecture_jis_code":"40","city_jis_code":"40109","town_name_kana":"ｴｲﾉﾏﾙ","town_name":"永犬丸","zip_code":"8070851"},{"prefecture_jis_code":"40","city_jis_code":"40109","town_name_kana":"ｴｲﾉﾏﾙﾆｼﾏﾁ","town_name":"永犬丸西町","zip_code":"8070852"},{"prefecture_jis_code":"40","city_jis_code":"40109","town_name_kana":"ｴｲﾉﾏﾙﾋｶﾞｼﾏﾁ","town_name":"永犬丸東町","zip_code":"8070842"},{"prefecture_jis_code":"40","city_jis_code":"40109","town_name_kana":"ｴｲﾉﾏﾙﾐﾅﾐﾏﾁ","town_name":"永犬丸南町","zip_code":"8070845"},{"prefecture_jis_code":"40","city_jis_code":"40109","town_name_kana":"ｵｵｳﾗ","town_name":"大浦","zip_code":"8070874"},{"prefecture_jis_code":"40","city_jis_code":"40109","town_name_kana":"ｵｵﾊﾀﾏﾁ","town_name":"大畑町","zip_code":"8060053"},{"prefecture_jis_code":"40","city_jis_code":"40109","town_name_kana":"ｵｵﾋﾗ","town_name":"大平","zip_code":"8070083"},{"prefecture_jis_code":"40","city_jis_code":"40109","town_name_kana":"ｵｵﾋﾗﾀﾞｲ","town_name":"大平台","zip_code":"8070084"},{"prefecture_jis_code":"40","city_jis_code":"40109","town_name_kana":"ｵｶﾀﾞﾏﾁ","town_name":"岡田町","zip_code":"8060033"},{"prefecture_jis_code":"40","city_jis_code":"40109","town_name_kana":"ｵｷﾀ","town_name":"沖田","zip_code":"8070077"},{"prefecture_jis_code":"40","city_jis_code":"40109","town_name_kana":"ｵﾋﾗｷ","town_name":"御開","zip_code":"8070806"},{"prefecture_jis_code":"40","city_jis_code":"40109","town_name_kana":"ｵﾘｵ","town_name":"折尾","zip_code":"8070825"},{"prefecture_jis_code":"40","city_jis_code":"40109","town_name_kana":"ｶｽｶﾞﾀﾞｲ","town_name":"春日台","zip_code":"8070844"},{"prefecture_jis_code":"40","city_jis_code":"40109","town_name_kana":"ｶﾂｷﾁｭｳｵｳ","town_name":"香月中央","zip_code":"8071102"},{"prefecture_jis_code":"40","city_jis_code":"40109","town_name_kana":"ｶﾂｷﾆｼ","town_name":"香月西","zip_code":"8071103"},{"prefecture_jis_code":"40","city_jis_code":"40109","town_name_kana":"ｶﾐｶﾂｷ","town_name":"上香月","zip_code":"8071101"},{"prefecture_jis_code":"40","city_jis_code":"40109","town_name_kana":"ｶﾐｺｳｼﾞｬｸ","town_name":"上上津役","zip_code":"8070072"},{"prefecture_jis_code":"40","city_jis_code":"40109","town_name_kana":"ｷｮｳﾗｷﾞﾏﾁ","town_name":"京良城町","zip_code":"8060061"},{"prefecture_jis_code":"40","city_jis_code":"40109","town_name_kana":"ｷｯｼｮｳｼﾞﾏﾁ","town_name":"吉祥寺町","zip_code":"8071114"},{"prefecture_jis_code":"40","city_jis_code":"40109","town_name_kana":"ｷｼﾉｳﾗ","town_name":"岸の浦","zip_code":"8060034"},{"prefecture_jis_code":"40","city_jis_code":"40109","town_name_kana":"ｷﾀﾀｶﾐﾏﾁ","town_name":"北鷹見町","zip_code":"8070834"},{"prefecture_jis_code":"40","city_jis_code":"40109","town_name_kana":"ｷﾌﾈﾀﾞｲ","town_name":"貴船台","zip_code":"8070814"},{"prefecture_jis_code":"40","city_jis_code":"40109","town_name_kana":"ｸｷﾅﾐﾏﾁ","town_name":"洞南町","zip_code":"8070812"},{"prefecture_jis_code":"40","city_jis_code":"40109","town_name_kana":"ｸｽｷﾀ","town_name":"楠北","zip_code":"8071154"},{"prefecture_jis_code":"40","city_jis_code":"40109","town_name_kana":"ｸｽﾉｷ","town_name":"楠木","zip_code":"8070827"},{"prefecture_jis_code":"40","city_jis_code":"40109","town_name_kana":"ｸｽﾊﾞｼ","town_name":"楠橋","zip_code":"8071151"},{"prefecture_jis_code":"40","city_jis_code":"40109","town_name_kana":"ｸｽﾊﾞｼｶﾐｶﾀ","town_name":"楠橋上方","zip_code":"8071141"},{"prefecture_jis_code":"40","city_jis_code":"40109","town_name_kana":"ｸｽﾊﾞｼｼﾓｶﾀ","town_name":"楠橋下方","zip_code":"8071146"},{"prefecture_jis_code":"40","city_jis_code":"40109","town_name_kana":"ｸｽﾊﾞｼﾆｼ","town_name":"楠橋西","zip_code":"8071145"},{"prefecture_jis_code":"40","city_jis_code":"40109","town_name_kana":"ｸｽﾊﾞｼﾋｶﾞｼ","town_name":"楠橋東","zip_code":"8071142"},{"prefecture_jis_code":"40","city_jis_code":"40109","town_name_kana":"ｸｽﾊﾞｼﾐﾅﾐ","town_name":"楠橋南","zip_code":"8071143"},{"prefecture_jis_code":"40","city_jis_code":"40109","town_name_kana":"ｸﾏﾃﾞ","town_name":"熊手","zip_code":"8060028"},{"prefecture_jis_code":"40","city_jis_code":"40109","town_name_kana":"ｸﾏﾆｼ","town_name":"熊西","zip_code":"8060031"},{"prefecture_jis_code":"40","city_jis_code":"40109","town_name_kana":"ｸﾛｻｷ","town_name":"黒崎","zip_code":"8060021"},{"prefecture_jis_code":"40","city_jis_code":"40109","town_name_kana":"ｸﾛｻｷｼﾛｲｼ","town_name":"黒崎城石","zip_code":"8060004"},{"prefecture_jis_code":"40","city_jis_code":"40109","town_name_kana":"ｺｳｶﾞｻｷﾏﾁ","town_name":"皇后崎町","zip_code":"8060041"},{"prefecture_jis_code":"40","city_jis_code":"40109","town_name_kana":"ｺｳﾄｳﾏﾁ","town_name":"河桃町","zip_code":"8060016"},{"prefecture_jis_code":"40","city_jis_code":"40109","town_name_kana":"ｺｳﾊﾞｲ","town_name":"紅梅","zip_code":"8060011"},{"prefecture_jis_code":"40","city_jis_code":"40109","town_name_kana":"ｺｳﾐｮｳ","town_name":"光明","zip_code":"8070824"},{"prefecture_jis_code":"40","city_jis_code":"40109","town_name_kana":"ｺｻｷﾞﾀﾞﾏﾁ","town_name":"小鷺田町","zip_code":"8060056"},{"prefecture_jis_code":"40","city_jis_code":"40109","town_name_kana":"ｺﾐﾈ","town_name":"小嶺","zip_code":"8070081"},{"prefecture_jis_code":"40","city_jis_code":"40109","town_name_kana":"ｺﾐﾈﾀﾞｲ","town_name":"小嶺台","zip_code":"8070082"},{"prefecture_jis_code":"40","city_jis_code":"40109","town_name_kana":"ｺﾔﾉｾ","town_name":"木屋瀬","zip_code":"8071261"},{"prefecture_jis_code":"40","city_jis_code":"40109","town_name_kana":"ｺﾝｺﾞｳ","town_name":"金剛","zip_code":"8071263"},{"prefecture_jis_code":"40","city_jis_code":"40109","town_name_kana":"ｻｲﾉｶﾐ","town_name":"幸神","zip_code":"8060055"},{"prefecture_jis_code":"40","city_jis_code":"40109","town_name_kana":"ｻｸﾗｶﾞｵｶﾏﾁ","town_name":"桜ケ丘町","zip_code":"8060042"},{"prefecture_jis_code":"40","city_jis_code":"40109","town_name_kana":"ｻｻﾀﾞ","town_name":"笹田","zip_code":"8071265"},{"prefecture_jis_code":"40","city_jis_code":"40109","town_name_kana":"ｻﾂｷﾀﾞｲ","town_name":"さつき台","zip_code":"8070868"},{"prefecture_jis_code":"40","city_jis_code":"40109","town_name_kana":"ｻﾄﾅｶ","town_name":"里中","zip_code":"8070846"},{"prefecture_jis_code":"40","city_jis_code":"40109","town_name_kana":"ｻﾝｶﾞﾓﾘ","town_name":"三ケ森","zip_code":"8070843"},{"prefecture_jis_code":"40","city_jis_code":"40109","town_name_kana":"ｼｮｳｼﾞｭｻﾝ","town_name":"松寿山","zip_code":"8070855"},{"prefecture_jis_code":"40","city_jis_code":"40109","town_name_kana":"ｼﾓｺｳｼﾞｬｸ","town_name":"下上津役","zip_code":"8070075"},{"prefecture_jis_code":"40","city_jis_code":"40109","town_name_kana":"ｼﾓｺｳｼﾞｬｸﾓﾄﾏﾁ","town_name":"下上津役元町","zip_code":"8070076"},{"prefecture_jis_code":"40","city_jis_code":"40109","town_name_kana":"ｼﾓﾊﾀﾏﾁ","town_name":"下畑町","zip_code":"8071123"},{"prefecture_jis_code":"40","city_jis_code":"40109","town_name_kana":"ｼﾗｲﾜﾏﾁ","town_name":"白岩町","zip_code":"8071113"},{"prefecture_jis_code":"40","city_jis_code":"40109","town_name_kana":"ｼﾞﾕｳｶﾞｵｶ","town_name":"自由ケ丘","zip_code":"8070867"},{"prefecture_jis_code":"40","city_jis_code":"40109","town_name_kana":"ｼﾞﾝﾉﾊﾙ","town_name":"陣原","zip_code":"8070821"},{"prefecture_jis_code":"40","city_jis_code":"40109","town_name_kana":"ｼﾞﾝﾔﾏ","town_name":"陣山","zip_code":"8060012"},{"prefecture_jis_code":"40","city_jis_code":"40109","town_name_kana":"ｽｶﾞﾜﾗﾏﾁ","town_name":"菅原町","zip_code":"8060027"},{"prefecture_jis_code":"40","city_jis_code":"40109","town_name_kana":"ｾｲﾀ","town_name":"瀬板","zip_code":"8070822"},{"prefecture_jis_code":"40","city_jis_code":"40109","town_name_kana":"ｾｲﾉｳ","town_name":"清納","zip_code":"8060013"},{"prefecture_jis_code":"40","city_jis_code":"40109","town_name_kana":"ｾｲﾜﾏﾁ","town_name":"星和町","zip_code":"8070829"},{"prefecture_jis_code":"40","city_jis_code":"40109","town_name_kana":"ﾀｶｴ","town_name":"高江","zip_code":"8071152"},{"prefecture_jis_code":"40","city_jis_code":"40109","town_name_kana":"ﾀｶﾉｽ","town_name":"鷹の巣","zip_code":"8060047"},{"prefecture_jis_code":"40","city_jis_code":"40109","town_name_kana":"ﾀｶﾐﾀﾞｲ","town_name":"鷹見台","zip_code":"8070853"},{"prefecture_jis_code":"40","city_jis_code":"40109","town_name_kana":"ﾀｹｽｴ","town_name":"竹末","zip_code":"8060045"},{"prefecture_jis_code":"40","city_jis_code":"40109","town_name_kana":"ﾀﾏﾁ","town_name":"田町","zip_code":"8060003"},{"prefecture_jis_code":"40","city_jis_code":"40109","town_name_kana":"ﾀﾞｲｾﾞﾝ","town_name":"大膳","zip_code":"8070863"},{"prefecture_jis_code":"40","city_jis_code":"40109","town_name_kana":"ﾁｬｳﾘﾏﾁ","town_name":"茶売町","zip_code":"8060069"},{"prefecture_jis_code":"40","city_jis_code":"40109","town_name_kana":"ﾁｬﾔﾉﾊﾙ","town_name":"茶屋の原","zip_code":"8071134"},{"prefecture_jis_code":"40","city_jis_code":"40109","town_name_kana":"ﾁﾖ","town_name":"千代","zip_code":"8071112"},{"prefecture_jis_code":"40","city_jis_code":"40109","town_name_kana":"ﾁﾖｶﾞｻｷ","town_name":"千代ケ崎","zip_code":"8070803"},{"prefecture_jis_code":"40","city_jis_code":"40109","town_name_kana":"ﾂｷｼﾞﾏﾁ","town_name":"築地町","zip_code":"8060001"},{"prefecture_jis_code":"40","city_jis_code":"40109","town_name_kana":"ﾂﾂｲﾏﾁ","town_name":"筒井町","zip_code":"8060032"},{"prefecture_jis_code":"40","city_jis_code":"40109","town_name_kana":"ﾃﾂｵｳ","town_name":"鉄王","zip_code":"8060057"},{"prefecture_jis_code":"40","city_jis_code":"40109","town_name_kana":"ﾃﾂﾘｭｳ","town_name":"鉄竜","zip_code":"8060058"},{"prefecture_jis_code":"40","city_jis_code":"40109","town_name_kana":"ﾄｳﾁｸ","town_name":"東筑","zip_code":"8070832"},{"prefecture_jis_code":"40","city_jis_code":"40109","town_name_kana":"ﾄｳﾉ","town_name":"塔野","zip_code":"8070085"},{"prefecture_jis_code":"40","city_jis_code":"40109","town_name_kana":"ﾄﾓﾀﾞ","town_name":"友田","zip_code":"8070828"},{"prefecture_jis_code":"40","city_jis_code":"40109","town_name_kana":"ﾄﾞｳﾎｸﾏﾁ","town_name":"洞北町","zip_code":"8070811"},{"prefecture_jis_code":"40","city_jis_code":"40109","town_name_kana":"ﾅｶｽ","town_name":"中須","zip_code":"8070823"},{"prefecture_jis_code":"40","city_jis_code":"40109","town_name_kana":"ﾅｶﾉﾊﾙ","town_name":"中の原","zip_code":"8070078"},{"prefecture_jis_code":"40","city_jis_code":"40109","town_name_kana":"ﾅｶﾞｻｷﾏﾁ","town_name":"長崎町","zip_code":"8070836"},{"prefecture_jis_code":"40","city_jis_code":"40109","town_name_kana":"ﾅﾙﾐｽﾞﾏﾁ","town_name":"鳴水町","zip_code":"8060052"},{"prefecture_jis_code":"40","city_jis_code":"40109","town_name_kana":"ﾆｼｵｳｼﾞﾏﾁ","town_name":"西王子町","zip_code":"8060039"},{"prefecture_jis_code":"40","city_jis_code":"40109","town_name_kana":"ﾆｼｵﾘｵﾏﾁ","town_name":"西折尾町","zip_code":"8070862"},{"prefecture_jis_code":"40","city_jis_code":"40109","town_name_kana":"ﾆｼｶﾜｶﾞｼﾗﾏﾁ","town_name":"西川頭町","zip_code":"8060017"},{"prefecture_jis_code":"40","city_jis_code":"40109","town_name_kana":"ﾆｼｶﾝﾊﾞﾗﾏﾁ","town_name":"西神原町","zip_code":"8060026"},{"prefecture_jis_code":"40","city_jis_code":"40109","town_name_kana":"ﾆｼﾅﾙﾐｽﾞ","town_name":"西鳴水","zip_code":"8060054"},{"prefecture_jis_code":"40","city_jis_code":"40109","town_name_kana":"ﾆｼﾏｶﾞﾘﾏﾁ","town_name":"西曲里町","zip_code":"8060036"},{"prefecture_jis_code":"40","city_jis_code":"40109","town_name_kana":"ﾉﾌﾞ","town_name":"野面","zip_code":"8071262"},{"prefecture_jis_code":"40","city_jis_code":"40109","town_name_kana":"ﾉﾘﾏﾂ","town_name":"則松","zip_code":"8070831"},{"prefecture_jis_code":"40","city_jis_code":"40109","town_name_kana":"ﾉﾘﾏﾂﾋｶﾞｼ","town_name":"則松東","zip_code":"8070837"},{"prefecture_jis_code":"40","city_jis_code":"40109","town_name_kana":"ﾊｷﾞﾜﾗ","town_name":"萩原","zip_code":"8060059"},{"prefecture_jis_code":"40","city_jis_code":"40109","town_name_kana":"ﾊﾀ","town_name":"畑","zip_code":"8071124"},{"prefecture_jis_code":"40","city_jis_code":"40109","town_name_kana":"ﾊﾞﾊﾞﾔﾏ","town_name":"馬場山","zip_code":"8071136"},{"prefecture_jis_code":"40","city_jis_code":"40109","town_name_kana":"ﾊﾞﾊﾞﾔﾏﾆｼ","town_name":"馬場山西","zip_code":"8071132"},{"prefecture_jis_code":"40","city_jis_code":"40109","town_name_kana":"ﾊﾞﾊﾞﾔﾏﾊﾗ","town_name":"馬場山原","zip_code":"8071135"},{"prefecture_jis_code":"40","city_jis_code":"40109","town_name_kana":"ﾊﾞﾊﾞﾔﾏﾋｶﾞｼ","town_name":"馬場山東","zip_code":"8071131"},{"prefecture_jis_code":"40","city_jis_code":"40109","town_name_kana":"ﾊﾞﾊﾞﾔﾏﾐﾄﾞﾘ","town_name":"馬場山緑","zip_code":"8071133"},{"prefecture_jis_code":"40","city_jis_code":"40109","town_name_kana":"ﾋｶﾞｼｲｼｻﾞｶﾏﾁ","town_name":"東石坂町","zip_code":"8071122"},{"prefecture_jis_code":"40","city_jis_code":"40109","town_name_kana":"ﾋｶﾞｼｵｳｼﾞﾏﾁ","town_name":"東王子町","zip_code":"8060037"},{"prefecture_jis_code":"40","city_jis_code":"40109","town_name_kana":"ﾋｶﾞｼｵﾘｵﾏﾁ","town_name":"東折尾町","zip_code":"8070835"},{"prefecture_jis_code":"40","city_jis_code":"40109","town_name_kana":"ﾋｶﾞｼｶﾜｶﾞｼﾗﾏﾁ","town_name":"東川頭町","zip_code":"8060014"},{"prefecture_jis_code":"40","city_jis_code":"40109","town_name_kana":"ﾋｶﾞｼｶﾝﾊﾞﾗﾏﾁ","town_name":"東神原町","zip_code":"8060025"},{"prefecture_jis_code":"40","city_jis_code":"40109","town_name_kana":"ﾋｶﾞｼﾅﾙﾐｽﾞ","town_name":"東鳴水","zip_code":"8060051"},{"prefecture_jis_code":"40","city_jis_code":"40109","town_name_kana":"ﾋｶﾞｼﾊﾏﾏﾁ","town_name":"東浜町","zip_code":"8060002"},{"prefecture_jis_code":"40","city_jis_code":"40109","town_name_kana":"ﾋｶﾞｼﾏｶﾞﾘﾏﾁ","town_name":"東曲里町","zip_code":"8060035"},{"prefecture_jis_code":"40","city_jis_code":"40109","town_name_kana":"ﾋｷﾉ","town_name":"引野","zip_code":"8060067"},{"prefecture_jis_code":"40","city_jis_code":"40109","town_name_kana":"ﾋｸﾞﾁﾏﾁ","town_name":"樋口町","zip_code":"8060048"},{"prefecture_jis_code":"40","city_jis_code":"40109","town_name_kana":"ﾋﾖｼﾀﾞｲ","town_name":"日吉台","zip_code":"8070866"},{"prefecture_jis_code":"40","city_jis_code":"40109","town_name_kana":"ﾋﾗｵﾏﾁ","town_name":"平尾町","zip_code":"8060018"},{"prefecture_jis_code":"40","city_jis_code":"40109","town_name_kana":"ﾌｼﾞﾀ","town_name":"藤田","zip_code":"8060022"},{"prefecture_jis_code":"40","city_jis_code":"40109","town_name_kana":"ﾌｼﾞﾜﾗ","town_name":"藤原","zip_code":"8070873"},{"prefecture_jis_code":"40","city_jis_code":"40109","town_name_kana":"ﾌﾅｺｼ","town_name":"船越","zip_code":"8071111"},{"prefecture_jis_code":"40","city_jis_code":"40109","town_name_kana":"ﾌﾅﾏﾁ","town_name":"舟町","zip_code":"8060005"},{"prefecture_jis_code":"40","city_jis_code":"40109","town_name_kana":"ﾍﾞｯｼｮﾏﾁ","town_name":"別所町","zip_code":"8060068"},{"prefecture_jis_code":"40","city_jis_code":"40109","town_name_kana":"ﾍﾞｯﾄｳﾏﾁ","town_name":"別当町","zip_code":"8060062"},{"prefecture_jis_code":"40","city_jis_code":"40109","town_name_kana":"ﾎｸﾁｸ","town_name":"北筑","zip_code":"8070857"},{"prefecture_jis_code":"40","city_jis_code":"40109","town_name_kana":"ﾎｼｶﾞｵｶ","town_name":"星ケ丘","zip_code":"8071264"},{"prefecture_jis_code":"40","city_jis_code":"40109","town_name_kana":"ﾎﾘｶﾜﾏﾁ","town_name":"堀川町","zip_code":"8070861"},{"prefecture_jis_code":"40","city_jis_code":"40109","town_name_kana":"ﾎﾝｼﾞｮｳ","town_name":"本城","zip_code":"8070801"},{"prefecture_jis_code":"40","city_jis_code":"40109","town_name_kana":"ﾎﾝｼﾞｮｳｶﾞｯｹﾝﾀﾞｲ","town_name":"本城学研台","zip_code":"8070807"},{"prefecture_jis_code":"40","city_jis_code":"40109","town_name_kana":"ﾎﾝｼﾞｮｳﾋｶﾞｼ","town_name":"本城東","zip_code":"8070815"},{"prefecture_jis_code":"40","city_jis_code":"40109","town_name_kana":"ﾏﾁｺｳｼﾞｬｸﾆｼ","town_name":"町上津役西","zip_code":"8070074"},{"prefecture_jis_code":"40","city_jis_code":"40109","town_name_kana":"ﾏﾁｺｳｼﾞｬｸﾋｶﾞｼ","town_name":"町上津役東","zip_code":"8070073"},{"prefecture_jis_code":"40","city_jis_code":"40109","town_name_kana":"ﾏﾄﾊﾞﾏﾁ","town_name":"的場町","zip_code":"8070841"},{"prefecture_jis_code":"40","city_jis_code":"40109","town_name_kana":"ﾏﾅｺﾞ","town_name":"真名子","zip_code":"8071144"},{"prefecture_jis_code":"40","city_jis_code":"40109","town_name_kana":"ﾏﾙｵﾏﾁ","town_name":"丸尾町","zip_code":"8070826"},{"prefecture_jis_code":"40","city_jis_code":"40109","town_name_kana":"ﾐﾂｶﾞｼﾗ","town_name":"三ツ頭","zip_code":"8070878"},{"prefecture_jis_code":"40","city_jis_code":"40109","town_name_kana":"ﾐﾂｻﾀﾞﾀﾞｲ","town_name":"光貞台","zip_code":"8070805"},{"prefecture_jis_code":"40","city_jis_code":"40109","town_name_kana":"ﾐﾅﾐｵｳｼﾞﾏﾁ","town_name":"南王子町","zip_code":"8060038"},{"prefecture_jis_code":"40","city_jis_code":"40109","town_name_kana":"ﾐﾅﾐﾀｶﾐﾏﾁ","town_name":"南鷹見町","zip_code":"8070833"},{"prefecture_jis_code":"40","city_jis_code":"40109","town_name_kana":"ﾐﾅﾐﾔﾁﾖﾏﾁ","town_name":"南八千代町","zip_code":"8060024"},{"prefecture_jis_code":"40","city_jis_code":"40109","town_name_kana":"ﾐﾊﾗﾏﾁ","town_name":"美原町","zip_code":"8070847"},{"prefecture_jis_code":"40","city_jis_code":"40109","town_name_kana":"ﾐﾖｼﾉﾏﾁ","town_name":"美吉野町","zip_code":"8070865"},{"prefecture_jis_code":"40","city_jis_code":"40109","town_name_kana":"ﾑｸｴﾀﾞ","town_name":"椋枝","zip_code":"8071115"},{"prefecture_jis_code":"40","city_jis_code":"40109","town_name_kana":"ﾓﾄｼﾛﾏﾁ","town_name":"元城町","zip_code":"8060015"},{"prefecture_jis_code":"40","city_jis_code":"40109","town_name_kana":"ﾓﾘｼﾀﾏﾁ","town_name":"森下町","zip_code":"8060046"},{"prefecture_jis_code":"40","city_jis_code":"40109","town_name_kana":"ﾔｼｷ","town_name":"屋敷","zip_code":"8060006"},{"prefecture_jis_code":"40","city_jis_code":"40109","town_name_kana":"ﾔﾁﾖﾏﾁ","town_name":"八千代町","zip_code":"8060023"},{"prefecture_jis_code":"40","city_jis_code":"40109","town_name_kana":"ﾔﾂｴ","town_name":"八枝","zip_code":"8070856"},{"prefecture_jis_code":"40","city_jis_code":"40109","town_name_kana":"ﾔﾏﾃﾞﾗﾏﾁ","town_name":"山寺町","zip_code":"8060030"},{"prefecture_jis_code":"40","city_jis_code":"40109","town_name_kana":"ﾕｳﾊﾞﾙﾏﾁ","town_name":"夕原町","zip_code":"8070813"},{"prefecture_jis_code":"40","city_jis_code":"40109","town_name_kana":"ﾖｳﾌｸｼﾞﾏﾁ","town_name":"養福寺町","zip_code":"8060065"},{"prefecture_jis_code":"40","city_jis_code":"40109","town_name_kana":"ﾘｷﾏﾙﾏﾁ","town_name":"力丸町","zip_code":"8070802"},{"prefecture_jis_code":"40","city_jis_code":"40109","town_name_kana":"ﾜｶﾊﾞ","town_name":"若葉","zip_code":"8060066"},{"prefecture_jis_code":"40","city_jis_code":"40109","town_name_kana":"ﾜﾘｺｶﾞﾜ","town_name":"割子川","zip_code":"8060064"}]