[{"prefecture_jis_code":"40","city_jis_code":"40215","town_name_kana":"ｱｻｷﾞﾘ","town_name":"朝霧","zip_code":"8090021"},{"prefecture_jis_code":"40","city_jis_code":"40215","town_name_kana":"ｲｹﾀﾞ","town_name":"池田","zip_code":"8090024"},{"prefecture_jis_code":"40","city_jis_code":"40215","town_name_kana":"ｲﾜｾ","town_name":"岩瀬","zip_code":"8090011"},{"prefecture_jis_code":"40","city_jis_code":"40215","town_name_kana":"ｲﾜｾﾆｼﾏﾁ","town_name":"岩瀬西町","zip_code":"8090041"},{"prefecture_jis_code":"40","city_jis_code":"40215","town_name_kana":"ｵｳｷﾞｶﾞｳﾗ","town_name":"扇ケ浦","zip_code":"8090023"},{"prefecture_jis_code":"40","city_jis_code":"40215","town_name_kana":"ｵｵﾂｼﾞﾏﾁ","town_name":"大辻町","zip_code":"8090026"},{"prefecture_jis_code":"40","city_jis_code":"40215","town_name_kana":"ｵｵﾈﾄ","town_name":"大根土","zip_code":"8090039"},{"prefecture_jis_code":"40","city_jis_code":"40215","town_name_kana":"ｵﾀﾞｶﾞｳﾗ","town_name":"小田ケ浦","zip_code":"8090031"},{"prefecture_jis_code":"40","city_jis_code":"40215","town_name_kana":"ｶﾐｿｺｲﾉ","town_name":"上底井野","zip_code":"8090003"},{"prefecture_jis_code":"40","city_jis_code":"40215","town_name_kana":"ｶﾐﾚﾝｹﾞｼﾞ","town_name":"上蓮花寺","zip_code":"8090013"},{"prefecture_jis_code":"40","city_jis_code":"40215","town_name_kana":"ｻｸﾗﾀﾞｲ","town_name":"桜台","zip_code":"8090017"},{"prefecture_jis_code":"40","city_jis_code":"40215","town_name_kana":"ｼﾓｵｵｸﾏ","town_name":"下大隈","zip_code":"8090004"},{"prefecture_jis_code":"40","city_jis_code":"40215","town_name_kana":"ｼﾓﾚﾝｹﾞｼﾞ","town_name":"下蓮花寺","zip_code":"8090012"},{"prefecture_jis_code":"40","city_jis_code":"40215","town_name_kana":"ｼﾞｮｳｶﾏﾁ","town_name":"浄花町","zip_code":"8090038"},{"prefecture_jis_code":"40","city_jis_code":"40215","town_name_kana":"ﾀｶﾞ","town_name":"太賀","zip_code":"8090015"},{"prefecture_jis_code":"40","city_jis_code":"40215","town_name_kana":"ﾁｭｳｵｳ","town_name":"中央","zip_code":"8090030"},{"prefecture_jis_code":"40","city_jis_code":"40215","town_name_kana":"ﾄｵﾘﾀﾆ","town_name":"通谷","zip_code":"8090018"},{"prefecture_jis_code":"40","city_jis_code":"40215","town_name_kana":"ﾄﾞﾃﾉｳﾁ","town_name":"土手ノ内","zip_code":"8090033"},{"prefecture_jis_code":"40","city_jis_code":"40215","town_name_kana":"ﾅｶｵ","town_name":"中尾","zip_code":"8090032"},{"prefecture_jis_code":"40","city_jis_code":"40215","town_name_kana":"ﾅｶｿｺｲﾉ","town_name":"中底井野","zip_code":"8090002"},{"prefecture_jis_code":"40","city_jis_code":"40215","town_name_kana":"ﾅｶﾂﾞﾙ","town_name":"中鶴","zip_code":"8090037"},{"prefecture_jis_code":"40","city_jis_code":"40215","town_name_kana":"ﾅｶﾏ","town_name":"中間","zip_code":"8090034"},{"prefecture_jis_code":"40","city_jis_code":"40215","town_name_kana":"ﾅｶﾞﾂ","town_name":"長津","zip_code":"8090036"},{"prefecture_jis_code":"40","city_jis_code":"40215","town_name_kana":"ﾅﾅｴﾏﾁ","town_name":"七重町","zip_code":"8090027"},{"prefecture_jis_code":"40","city_jis_code":"40215","town_name_kana":"ﾅﾍﾞﾔﾏﾏﾁ","town_name":"鍋山町","zip_code":"8090022"},{"prefecture_jis_code":"40","city_jis_code":"40215","town_name_kana":"ﾊﾌﾞ","town_name":"垣生","zip_code":"8090001"},{"prefecture_jis_code":"40","city_jis_code":"40215","town_name_kana":"ﾋｶﾞｼﾅｶﾏ","town_name":"東中間","zip_code":"8090019"},{"prefecture_jis_code":"40","city_jis_code":"40215","town_name_kana":"ﾌｶｻｶ","town_name":"深坂","zip_code":"8090025"},{"prefecture_jis_code":"40","city_jis_code":"40215","town_name_kana":"ﾎｼｶﾞｵｶ","town_name":"星ケ丘","zip_code":"8090016"},{"prefecture_jis_code":"40","city_jis_code":"40215","town_name_kana":"ﾏﾂｶﾞｵｶ","town_name":"松ケ岡","zip_code":"8090035"},{"prefecture_jis_code":"40","city_jis_code":"40215","town_name_kana":"ﾔﾖｲ","town_name":"弥生","zip_code":"8090028"},{"prefecture_jis_code":"40","city_jis_code":"40215","town_name_kana":"ﾚﾝｹﾞｼﾞ","town_name":"蓮花寺","zip_code":"8090014"}]