[{"prefecture_jis_code":"40","city_jis_code":"40213","town_name_kana":"ｱﾓｳﾀﾞ","town_name":"天生田","zip_code":"8240044"},{"prefecture_jis_code":"40","city_jis_code":"40213","town_name_kana":"ｲｽﾞﾐﾁｭｳｵｳ","town_name":"泉中央","zip_code":"8240034"},{"prefecture_jis_code":"40","city_jis_code":"40213","town_name_kana":"ｲﾅﾄﾞｳ","town_name":"稲童","zip_code":"8240022"},{"prefecture_jis_code":"40","city_jis_code":"40213","town_name_kana":"ｲﾏｲ","town_name":"今井","zip_code":"8240018"},{"prefecture_jis_code":"40","city_jis_code":"40213","town_name_kana":"ｵｵﾀﾆ","town_name":"大谷","zip_code":"8240045"},{"prefecture_jis_code":"40","city_jis_code":"40213","town_name_kana":"ｵｵﾉｲ","town_name":"大野井","zip_code":"8240041"},{"prefecture_jis_code":"40","city_jis_code":"40213","town_name_kana":"ｵｵﾊｼ","town_name":"大橋","zip_code":"8240003"},{"prefecture_jis_code":"40","city_jis_code":"40213","town_name_kana":"ｵｻｷﾞ","town_name":"長木","zip_code":"8240058"},{"prefecture_jis_code":"40","city_jis_code":"40213","town_name_kana":"ｶﾅﾔ","town_name":"金屋","zip_code":"8240004"},{"prefecture_jis_code":"40","city_jis_code":"40213","town_name_kana":"ｶﾐｹﾝｼﾞ","town_name":"上検地","zip_code":"8240052"},{"prefecture_jis_code":"40","city_jis_code":"40213","town_name_kana":"ｶﾐﾂﾞｸﾏ","town_name":"上津熊","zip_code":"8240064"},{"prefecture_jis_code":"40","city_jis_code":"40213","town_name_kana":"ｶﾐﾋｴﾀﾞ","town_name":"上稗田","zip_code":"8240055"},{"prefecture_jis_code":"40","city_jis_code":"40213","town_name_kana":"ｷﾀｲｽﾞﾐ","town_name":"北泉","zip_code":"8240033"},{"prefecture_jis_code":"40","city_jis_code":"40213","town_name_kana":"ｷﾞｮｳｼﾞ","town_name":"行事","zip_code":"8240001"},{"prefecture_jis_code":"40","city_jis_code":"40213","town_name_kana":"ｸｻﾉ","town_name":"草野","zip_code":"8240061"},{"prefecture_jis_code":"40","city_jis_code":"40213","town_name_kana":"ｸﾂｵ","town_name":"沓尾","zip_code":"8240013"},{"prefecture_jis_code":"40","city_jis_code":"40213","town_name_kana":"ｼﾓｹﾝｼﾞ","town_name":"下検地","zip_code":"8240051"},{"prefecture_jis_code":"40","city_jis_code":"40213","town_name_kana":"ｼﾓｻｷ","town_name":"下崎","zip_code":"8240076"},{"prefecture_jis_code":"40","city_jis_code":"40213","town_name_kana":"ｼﾓﾂﾞｸﾏ","town_name":"下津熊","zip_code":"8240062"},{"prefecture_jis_code":"40","city_jis_code":"40213","town_name_kana":"ｼﾓﾋｴﾀﾞ","town_name":"下稗田","zip_code":"8240054"},{"prefecture_jis_code":"40","city_jis_code":"40213","town_name_kana":"ｼﾞﾝﾃﾞﾝﾏﾁ","town_name":"神田町","zip_code":"8240007"},{"prefecture_jis_code":"40","city_jis_code":"40213","town_name_kana":"ｽﾏｿﾞﾉ","town_name":"須磨園","zip_code":"8240072"},{"prefecture_jis_code":"40","city_jis_code":"40213","town_name_kana":"ﾀｶｸ","town_name":"高来","zip_code":"8240078"},{"prefecture_jis_code":"40","city_jis_code":"40213","town_name_kana":"ﾀｶｾ","town_name":"高瀬","zip_code":"8240027"},{"prefecture_jis_code":"40","city_jis_code":"40213","town_name_kana":"ﾀｶﾗﾔﾏ","town_name":"宝山","zip_code":"8240048"},{"prefecture_jis_code":"40","city_jis_code":"40213","town_name_kana":"ﾁｭｳｵｳ","town_name":"中央","zip_code":"8240005"},{"prefecture_jis_code":"40","city_jis_code":"40213","town_name_kana":"ﾁｮｳｵﾝｼﾞ","town_name":"長音寺","zip_code":"8240065"},{"prefecture_jis_code":"40","city_jis_code":"40213","town_name_kana":"ﾂｼﾞｶｷ","town_name":"辻垣","zip_code":"8240028"},{"prefecture_jis_code":"40","city_jis_code":"40213","town_name_kana":"ﾂﾂﾐ","town_name":"津積","zip_code":"8240047"},{"prefecture_jis_code":"40","city_jis_code":"40213","town_name_kana":"ﾂﾈﾏﾂ","town_name":"常松","zip_code":"8240074"},{"prefecture_jis_code":"40","city_jis_code":"40213","town_name_kana":"ﾂﾙ","town_name":"津留","zip_code":"8240016"},{"prefecture_jis_code":"40","city_jis_code":"40213","town_name_kana":"ﾃﾗﾅﾜﾃ","town_name":"寺畔","zip_code":"8240042"},{"prefecture_jis_code":"40","city_jis_code":"40213","town_name_kana":"ﾄｸﾅｶﾞ","town_name":"徳永","zip_code":"8240071"},{"prefecture_jis_code":"40","city_jis_code":"40213","town_name_kana":"ﾄﾞｳｼﾞｮｳｼﾞ","town_name":"道場寺","zip_code":"8240026"},{"prefecture_jis_code":"40","city_jis_code":"40213","town_name_kana":"ﾅｶｶﾞﾜ","town_name":"中川","zip_code":"8240053"},{"prefecture_jis_code":"40","city_jis_code":"40213","town_name_kana":"ﾅｶﾂﾞｸﾏ","town_name":"中津熊","zip_code":"8240063"},{"prefecture_jis_code":"40","city_jis_code":"40213","town_name_kana":"ﾅｶﾞｲ","town_name":"長井","zip_code":"8240014"},{"prefecture_jis_code":"40","city_jis_code":"40213","town_name_kana":"ﾅｶﾞｵ","town_name":"長尾","zip_code":"8240075"},{"prefecture_jis_code":"40","city_jis_code":"40213","town_name_kana":"ﾆｭｳｶﾞｸ","town_name":"入覚","zip_code":"8240077"},{"prefecture_jis_code":"40","city_jis_code":"40213","town_name_kana":"ﾆｼｲｽﾞﾐ","town_name":"西泉","zip_code":"8240038"},{"prefecture_jis_code":"40","city_jis_code":"40213","town_name_kana":"ﾆｼﾀﾆ","town_name":"西谷","zip_code":"8240046"},{"prefecture_jis_code":"40","city_jis_code":"40213","town_name_kana":"ﾆｼﾐﾔｲﾁ","town_name":"西宮市","zip_code":"8240031"},{"prefecture_jis_code":"40","city_jis_code":"40213","town_name_kana":"ﾉﾌﾞﾅｶﾞ","town_name":"延永","zip_code":"8240068"},{"prefecture_jis_code":"40","city_jis_code":"40213","town_name_kana":"ﾊﾞﾊﾞ","town_name":"馬場","zip_code":"8240021"},{"prefecture_jis_code":"40","city_jis_code":"40213","town_name_kana":"ﾋｶﾞｼｲｽﾞﾐ","town_name":"東泉","zip_code":"8240035"},{"prefecture_jis_code":"40","city_jis_code":"40213","town_name_kana":"ﾋｶﾞｼｵｵﾊｼ","town_name":"東大橋","zip_code":"8240002"},{"prefecture_jis_code":"40","city_jis_code":"40213","town_name_kana":"ﾋｶﾞｼﾄｸﾅｶﾞ","town_name":"東徳永","zip_code":"8240025"},{"prefecture_jis_code":"40","city_jis_code":"40213","town_name_kana":"ﾌｸﾊﾞﾙ","town_name":"福原","zip_code":"8240049"},{"prefecture_jis_code":"40","city_jis_code":"40213","town_name_kana":"ﾌｸﾏﾙ","town_name":"福丸","zip_code":"8240073"},{"prefecture_jis_code":"40","city_jis_code":"40213","town_name_kana":"ﾌｸﾛｻｺ","town_name":"袋迫","zip_code":"8240024"},{"prefecture_jis_code":"40","city_jis_code":"40213","town_name_kana":"ﾌﾀﾂﾞｶ","town_name":"二塚","zip_code":"8240067"},{"prefecture_jis_code":"40","city_jis_code":"40213","town_name_kana":"ﾌﾞﾝｷｭｳ","town_name":"文久","zip_code":"8240012"},{"prefecture_jis_code":"40","city_jis_code":"40213","town_name_kana":"ﾏｴﾀﾞ","town_name":"前田","zip_code":"8240056"},{"prefecture_jis_code":"40","city_jis_code":"40213","town_name_kana":"ﾏｺﾓ","town_name":"真菰","zip_code":"8240017"},{"prefecture_jis_code":"40","city_jis_code":"40213","town_name_kana":"ﾏﾂﾊﾞﾗ","town_name":"松原","zip_code":"8240023"},{"prefecture_jis_code":"40","city_jis_code":"40213","town_name_kana":"ﾐﾅﾐｲｽﾞﾐ","town_name":"南泉","zip_code":"8240036"},{"prefecture_jis_code":"40","city_jis_code":"40213","town_name_kana":"ﾐﾅﾐｵｵﾊｼ","town_name":"南大橋","zip_code":"8240032"},{"prefecture_jis_code":"40","city_jis_code":"40213","town_name_kana":"ﾐﾉｼﾏ","town_name":"蓑島","zip_code":"8240011"},{"prefecture_jis_code":"40","city_jis_code":"40213","town_name_kana":"ﾐﾔｲﾁﾏﾁ","town_name":"宮市町","zip_code":"8240008"},{"prefecture_jis_code":"40","city_jis_code":"40213","town_name_kana":"ﾐﾔﾉﾓﾘ","town_name":"宮の杜","zip_code":"8240057"},{"prefecture_jis_code":"40","city_jis_code":"40213","town_name_kana":"ﾓﾄﾅｶﾞ","town_name":"元永","zip_code":"8240015"},{"prefecture_jis_code":"40","city_jis_code":"40213","town_name_kana":"ﾓﾝﾋﾟﾏﾁ","town_name":"門樋町","zip_code":"8240006"},{"prefecture_jis_code":"40","city_jis_code":"40213","town_name_kana":"ﾔﾄﾞﾐ","town_name":"矢留","zip_code":"8240037"},{"prefecture_jis_code":"40","city_jis_code":"40213","town_name_kana":"ﾔﾔﾏ","town_name":"矢山","zip_code":"8240079"},{"prefecture_jis_code":"40","city_jis_code":"40213","town_name_kana":"ﾖｼｸﾆ","town_name":"吉国","zip_code":"8240066"},{"prefecture_jis_code":"40","city_jis_code":"40213","town_name_kana":"ﾘｭｳﾏﾂ","town_name":"流末","zip_code":"8240043"}]