[{"prefecture_jis_code":"40","city_jis_code":"40224","town_name_kana":"ｱｹﾎﾞﾉ","town_name":"あけぼの","zip_code":"8113220"},{"prefecture_jis_code":"40","city_jis_code":"40224","town_name_kana":"ｱｾﾞﾏﾁ","town_name":"畦町","zip_code":"8113202"},{"prefecture_jis_code":"40","city_jis_code":"40224","town_name_kana":"ｱﾗｼﾞ","town_name":"在自","zip_code":"8113301"},{"prefecture_jis_code":"40","city_jis_code":"40224","town_name_kana":"ｳﾁﾄﾞﾉ","town_name":"内殿","zip_code":"8113205"},{"prefecture_jis_code":"40","city_jis_code":"40224","town_name_kana":"ｵｵｲｼ","town_name":"大石","zip_code":"8113302"},{"prefecture_jis_code":"40","city_jis_code":"40224","town_name_kana":"ｵﾀﾞｹ","town_name":"小竹","zip_code":"8113226"},{"prefecture_jis_code":"40","city_jis_code":"40224","town_name_kana":"ｶﾂｳﾗ","town_name":"勝浦","zip_code":"8113521"},{"prefecture_jis_code":"40","city_jis_code":"40224","town_name_kana":"ｶﾐｻｲｺﾞｳ","town_name":"上西郷","zip_code":"8113207"},{"prefecture_jis_code":"40","city_jis_code":"40224","town_name_kana":"ｺｳﾖｳﾀﾞｲ","town_name":"光陽台","zip_code":"8113223"},{"prefecture_jis_code":"40","city_jis_code":"40224","town_name_kana":"ｺｳﾖｳﾀﾞｲﾐﾅﾐ","town_name":"光陽台南","zip_code":"8113228"},{"prefecture_jis_code":"40","city_jis_code":"40224","town_name_kana":"ｻｸﾗｶﾞﾜ","town_name":"桜川","zip_code":"8113229"},{"prefecture_jis_code":"40","city_jis_code":"40224","town_name_kana":"ｼｬﾘｸﾗ","town_name":"舎利蔵","zip_code":"8113204"},{"prefecture_jis_code":"40","city_jis_code":"40224","town_name_kana":"ｽﾀﾞﾀ","town_name":"須多田","zip_code":"8113303"},{"prefecture_jis_code":"40","city_jis_code":"40224","town_name_kana":"ﾀｶﾋﾗ","town_name":"高平","zip_code":"8113227"},{"prefecture_jis_code":"40","city_jis_code":"40224","town_name_kana":"ﾁｭｳｵｳ","town_name":"中央","zip_code":"8113217"},{"prefecture_jis_code":"40","city_jis_code":"40224","town_name_kana":"ﾂﾏﾙ","town_name":"津丸","zip_code":"8113222"},{"prefecture_jis_code":"40","city_jis_code":"40224","town_name_kana":"ﾂﾔｻﾞｷ","town_name":"津屋崎","zip_code":"8113304"},{"prefecture_jis_code":"40","city_jis_code":"40224","town_name_kana":"ﾃﾋﾞｶ","town_name":"手光","zip_code":"8113224"},{"prefecture_jis_code":"40","city_jis_code":"40224","town_name_kana":"ﾃﾋﾞｶﾐﾅﾐ","town_name":"手光南","zip_code":"8113218"},{"prefecture_jis_code":"40","city_jis_code":"40224","town_name_kana":"ﾆｼﾌｸﾏ","town_name":"西福間","zip_code":"8113219"},{"prefecture_jis_code":"40","city_jis_code":"40224","town_name_kana":"ﾇﾔﾏ","town_name":"奴山","zip_code":"8113522"},{"prefecture_jis_code":"40","city_jis_code":"40224","town_name_kana":"ﾊﾅﾐｶﾞｵｶ","town_name":"花見が丘","zip_code":"8113214"},{"prefecture_jis_code":"40","city_jis_code":"40224","town_name_kana":"ﾊﾅﾐｶﾞﾊﾏ","town_name":"花見が浜","zip_code":"8113216"},{"prefecture_jis_code":"40","city_jis_code":"40224","town_name_kana":"ﾊﾅﾐﾉｻﾄ","town_name":"花見の里","zip_code":"8113215"},{"prefecture_jis_code":"40","city_jis_code":"40224","town_name_kana":"ﾋｶﾞｼﾌｸﾏ","town_name":"東福間","zip_code":"8113225"},{"prefecture_jis_code":"40","city_jis_code":"40224","town_name_kana":"ﾋｻｽｴ","town_name":"久末","zip_code":"8113206"},{"prefecture_jis_code":"40","city_jis_code":"40224","town_name_kana":"ﾋﾏｷﾉ","town_name":"日蒔野","zip_code":"8113209"},{"prefecture_jis_code":"40","city_jis_code":"40224","town_name_kana":"ﾌｸﾏｴｷﾋｶﾞｼ","town_name":"福間駅東","zip_code":"8113208"},{"prefecture_jis_code":"40","city_jis_code":"40224","town_name_kana":"ﾌｸﾏﾐﾅﾐ","town_name":"福間南","zip_code":"8113212"},{"prefecture_jis_code":"40","city_jis_code":"40224","town_name_kana":"ﾎｼｶﾞｵｶ","town_name":"星ケ丘","zip_code":"8113308"},{"prefecture_jis_code":"40","city_jis_code":"40224","town_name_kana":"ﾐﾔｼﾞ","town_name":"宮司","zip_code":"8113305"},{"prefecture_jis_code":"40","city_jis_code":"40224","town_name_kana":"ﾐﾔｼﾞｶﾞｵｶ","town_name":"宮司ヶ丘","zip_code":"8113312"},{"prefecture_jis_code":"40","city_jis_code":"40224","town_name_kana":"ﾐﾔｼﾞﾊﾏ","town_name":"宮司浜","zip_code":"8113311"},{"prefecture_jis_code":"40","city_jis_code":"40224","town_name_kana":"ﾐﾔｼﾞﾓﾄﾏﾁ","town_name":"宮司元町","zip_code":"8113309"},{"prefecture_jis_code":"40","city_jis_code":"40224","town_name_kana":"ﾓﾄｷﾞ","town_name":"本木","zip_code":"8113203"},{"prefecture_jis_code":"40","city_jis_code":"40224","town_name_kana":"ﾔﾂﾅﾐ","town_name":"八並","zip_code":"8113201"},{"prefecture_jis_code":"40","city_jis_code":"40224","town_name_kana":"ﾕｸｴ","town_name":"生家","zip_code":"8113306"},{"prefecture_jis_code":"40","city_jis_code":"40224","town_name_kana":"ﾕﾐﾉｻﾄ","town_name":"有弥の里","zip_code":"8113211"},{"prefecture_jis_code":"40","city_jis_code":"40224","town_name_kana":"ﾜｶｷﾞﾀﾞｲ","town_name":"若木台","zip_code":"8113221"},{"prefecture_jis_code":"40","city_jis_code":"40224","town_name_kana":"ﾜﾀﾘ","town_name":"渡","zip_code":"8113307"}]