[{"prefecture_jis_code":"40","city_jis_code":"40381","town_name_kana":"ｱｼﾔ","town_name":"芦屋","zip_code":"8070133"},{"prefecture_jis_code":"40","city_jis_code":"40381","town_name_kana":"ｴｶﾞﾜﾀﾞｲ","town_name":"江川台","zip_code":"8070142"},{"prefecture_jis_code":"40","city_jis_code":"40381","town_name_kana":"ｷﾞｵﾝﾏﾁ","town_name":"祇園町","zip_code":"8070123"},{"prefecture_jis_code":"40","city_jis_code":"40381","town_name_kana":"ｻｲﾜｲﾏﾁ","town_name":"幸町","zip_code":"8070101"},{"prefecture_jis_code":"40","city_jis_code":"40381","town_name_kana":"ｼﾗﾊﾏﾏﾁ","town_name":"白浜町","zip_code":"8070111"},{"prefecture_jis_code":"40","city_jis_code":"40381","town_name_kana":"ｾｲﾓﾝﾏﾁ","town_name":"正門町","zip_code":"8070112"},{"prefecture_jis_code":"40","city_jis_code":"40381","town_name_kana":"ｾﾝﾄﾞｳﾏﾁ","town_name":"船頭町","zip_code":"8070121"},{"prefecture_jis_code":"40","city_jis_code":"40381","town_name_kana":"ﾀｶﾊﾏﾏﾁ","town_name":"高浜町","zip_code":"8070122"},{"prefecture_jis_code":"40","city_jis_code":"40381","town_name_kana":"ﾅｶﾉﾊﾏ","town_name":"中ノ浜","zip_code":"8070113"},{"prefecture_jis_code":"40","city_jis_code":"40381","town_name_kana":"ﾆｼﾊﾏﾏﾁ","town_name":"西浜町","zip_code":"8070102"},{"prefecture_jis_code":"40","city_jis_code":"40381","town_name_kana":"ﾊﾅﾐｻﾞｶ","town_name":"花美坂","zip_code":"8070143"},{"prefecture_jis_code":"40","city_jis_code":"40381","town_name_kana":"ﾊﾏｸﾞﾁﾏﾁ","town_name":"浜口町","zip_code":"8070132"},{"prefecture_jis_code":"40","city_jis_code":"40381","town_name_kana":"ﾐﾄﾞﾘｶﾞｵｶ","town_name":"緑ケ丘","zip_code":"8070131"},{"prefecture_jis_code":"40","city_jis_code":"40381","town_name_kana":"ﾔﾏｶﾞ","town_name":"山鹿","zip_code":"8070141"}]