[{"prefecture_jis_code":"01","city_jis_code":"01203","town_name_kana":"ｱｲｵｲﾁｮｳ","town_name":"相生町","zip_code":"0470028"},{"prefecture_jis_code":"01","city_jis_code":"01203","town_name_kana":"ｱｶｲﾜ","town_name":"赤岩","zip_code":"0470046"},{"prefecture_jis_code":"01","city_jis_code":"01203","town_name_kana":"ｱｻﾋﾏﾁ","town_name":"旭町","zip_code":"0470035"},{"prefecture_jis_code":"01","city_jis_code":"01203","town_name_kana":"ｱｻﾘ","town_name":"朝里","zip_code":"0470151"},{"prefecture_jis_code":"01","city_jis_code":"01203","town_name_kana":"ｱｻﾘｶﾞﾜｵﾝｾﾝ","town_name":"朝里川温泉","zip_code":"0470154"},{"prefecture_jis_code":"01","city_jis_code":"01203","town_name_kana":"ｱﾘﾎﾛﾁｮｳ","town_name":"有幌町","zip_code":"0470006"},{"prefecture_jis_code":"01","city_jis_code":"01203","town_name_kana":"ｲｼﾔﾏﾁｮｳ","town_name":"石山町","zip_code":"0470038"},{"prefecture_jis_code":"01","city_jis_code":"01203","town_name_kana":"ｲﾅﾎ","town_name":"稲穂","zip_code":"0470032"},{"prefecture_jis_code":"01","city_jis_code":"01203","town_name_kana":"ｲﾘﾌﾈ","town_name":"入船","zip_code":"0470021"},{"prefecture_jis_code":"01","city_jis_code":"01203","town_name_kana":"ｲﾛﾅｲ","town_name":"色内","zip_code":"0470031"},{"prefecture_jis_code":"01","city_jis_code":"01203","town_name_kana":"ｳﾒｶﾞｴﾁｮｳ","town_name":"梅ケ枝町","zip_code":"0470044"},{"prefecture_jis_code":"01","city_jis_code":"01203","town_name_kana":"ｵｸｻﾜ","town_name":"奥沢","zip_code":"0470013"},{"prefecture_jis_code":"01","city_jis_code":"01203","town_name_kana":"ｵｼｮﾛ","town_name":"忍路","zip_code":"0482561"},{"prefecture_jis_code":"01","city_jis_code":"01203","town_name_kana":"ｵﾀﾓｲ","town_name":"オタモイ","zip_code":"0482671"},{"prefecture_jis_code":"01","city_jis_code":"01203","town_name_kana":"ｶﾂﾅｲﾁｮｳ","town_name":"勝納町","zip_code":"0470005"},{"prefecture_jis_code":"01","city_jis_code":"01203","town_name_kana":"ｶﾂﾗｵｶﾁｮｳ","town_name":"桂岡町","zip_code":"0470264"},{"prefecture_jis_code":"01","city_jis_code":"01203","town_name_kana":"ｻｲﾜｲ","town_name":"幸","zip_code":"0470037"},{"prefecture_jis_code":"01","city_jis_code":"01203","town_name_kana":"ｻｶｲﾏﾁ","town_name":"堺町","zip_code":"0470027"},{"prefecture_jis_code":"01","city_jis_code":"01203","town_name_kana":"ｻｸﾗ","town_name":"桜","zip_code":"0470156"},{"prefecture_jis_code":"01","city_jis_code":"01203","town_name_kana":"ｼｭｸﾂ","town_name":"祝津","zip_code":"0470047"},{"prefecture_jis_code":"01","city_jis_code":"01203","town_name_kana":"ｼｵﾐﾀﾞｲ","town_name":"潮見台","zip_code":"0470002"},{"prefecture_jis_code":"01","city_jis_code":"01203","town_name_kana":"ｼｵﾔ","town_name":"塩谷","zip_code":"0482672"},{"prefecture_jis_code":"01","city_jis_code":"01203","town_name_kana":"ｼﾉﾉﾒﾁｮｳ","town_name":"東雲町","zip_code":"0470026"},{"prefecture_jis_code":"01","city_jis_code":"01203","town_name_kana":"ｼﾐｽﾞﾁｮｳ","town_name":"清水町","zip_code":"0470045"},{"prefecture_jis_code":"01","city_jis_code":"01203","town_name_kana":"ｼﾝｺｳ","town_name":"新光","zip_code":"0470152"},{"prefecture_jis_code":"01","city_jis_code":"01203","town_name_kana":"ｼﾝｺｳﾁｮｳ","town_name":"新光町","zip_code":"0470153"},{"prefecture_jis_code":"01","city_jis_code":"01203","town_name_kana":"ｼﾝﾄﾐﾁｮｳ","town_name":"新富町","zip_code":"0470004"},{"prefecture_jis_code":"01","city_jis_code":"01203","town_name_kana":"ｽｴﾋﾛﾁｮｳ","town_name":"末広町","zip_code":"0470042"},{"prefecture_jis_code":"01","city_jis_code":"01203","town_name_kana":"ｽﾐﾉｴ","town_name":"住ノ江","zip_code":"0470014"},{"prefecture_jis_code":"01","city_jis_code":"01203","town_name_kana":"ｽﾐﾖｼﾁｮｳ","town_name":"住吉町","zip_code":"0470015"},{"prefecture_jis_code":"01","city_jis_code":"01203","town_name_kana":"ｾﾞﾆﾊﾞｺ","town_name":"銭函","zip_code":"0470261"},{"prefecture_jis_code":"01","city_jis_code":"01203","town_name_kana":"ﾀｶｼﾏ","town_name":"高島","zip_code":"0470048"},{"prefecture_jis_code":"01","city_jis_code":"01203","town_name_kana":"ﾁｯｺｳ","town_name":"築港","zip_code":"0470008"},{"prefecture_jis_code":"01","city_jis_code":"01203","town_name_kana":"ﾃﾐﾔ","town_name":"手宮","zip_code":"0470041"},{"prefecture_jis_code":"01","city_jis_code":"01203","town_name_kana":"ﾃﾝｸﾞﾔﾏ","town_name":"天狗山","zip_code":"0470012"},{"prefecture_jis_code":"01","city_jis_code":"01203","town_name_kana":"ﾃﾝｼﾞﾝ","town_name":"天神","zip_code":"0470011"},{"prefecture_jis_code":"01","city_jis_code":"01203","town_name_kana":"ﾄﾐｵｶ","town_name":"富岡","zip_code":"0470033"},{"prefecture_jis_code":"01","city_jis_code":"01203","town_name_kana":"ﾄﾖｶﾜﾁｮｳ","town_name":"豊川町","zip_code":"0470043"},{"prefecture_jis_code":"01","city_jis_code":"01203","town_name_kana":"ﾅｶﾞﾊｼ","town_name":"長橋","zip_code":"0470036"},{"prefecture_jis_code":"01","city_jis_code":"01203","town_name_kana":"ﾆｼｷﾏﾁ","town_name":"錦町","zip_code":"0470039"},{"prefecture_jis_code":"01","city_jis_code":"01203","town_name_kana":"ﾉﾌﾞｶﾁｮｳ","town_name":"信香町","zip_code":"0470016"},{"prefecture_jis_code":"01","city_jis_code":"01203","town_name_kana":"ﾊﾅｿﾞﾉ","town_name":"花園","zip_code":"0470024"},{"prefecture_jis_code":"01","city_jis_code":"01203","town_name_kana":"ﾊﾘｳｽﾁｮｳ","town_name":"張碓町","zip_code":"0470266"},{"prefecture_jis_code":"01","city_jis_code":"01203","town_name_kana":"ﾊﾙｶﾁｮｳ","town_name":"春香町","zip_code":"0470265"},{"prefecture_jis_code":"01","city_jis_code":"01203","town_name_kana":"ﾌﾅﾊﾏﾁｮｳ","town_name":"船浜町","zip_code":"0470157"},{"prefecture_jis_code":"01","city_jis_code":"01203","town_name_kana":"ﾎｼﾉﾁｮｳ","town_name":"星野町","zip_code":"0470262"},{"prefecture_jis_code":"01","city_jis_code":"01203","town_name_kana":"ﾎﾞｳﾖｳﾀﾞｲ","town_name":"望洋台","zip_code":"0470155"},{"prefecture_jis_code":"01","city_jis_code":"01203","town_name_kana":"ﾏｻｶｴ","town_name":"真栄","zip_code":"0470003"},{"prefecture_jis_code":"01","city_jis_code":"01203","town_name_kana":"ﾏﾂｶﾞｴ","town_name":"松ケ枝","zip_code":"0470022"},{"prefecture_jis_code":"01","city_jis_code":"01203","town_name_kana":"ﾐﾄﾞﾘ","town_name":"緑","zip_code":"0470034"},{"prefecture_jis_code":"01","city_jis_code":"01203","town_name_kana":"ﾐﾅﾄﾏﾁ","town_name":"港町","zip_code":"0470007"},{"prefecture_jis_code":"01","city_jis_code":"01203","town_name_kana":"ﾐﾊﾗｼﾁｮｳ","town_name":"見晴町","zip_code":"0470263"},{"prefecture_jis_code":"01","city_jis_code":"01203","town_name_kana":"ﾓｶﾞﾐ","town_name":"最上","zip_code":"0470023"},{"prefecture_jis_code":"01","city_jis_code":"01203","town_name_kana":"ﾓﾓﾅｲ","town_name":"桃内","zip_code":"0482673"},{"prefecture_jis_code":"01","city_jis_code":"01203","town_name_kana":"ﾔﾏﾀﾞﾏﾁ","town_name":"山田町","zip_code":"0470025"},{"prefecture_jis_code":"01","city_jis_code":"01203","town_name_kana":"ﾗﾝｼﾏ","town_name":"蘭島","zip_code":"0482562"},{"prefecture_jis_code":"01","city_jis_code":"01203","town_name_kana":"ﾜｶﾀｹﾁｮｳ","town_name":"若竹町","zip_code":"0470001"},{"prefecture_jis_code":"01","city_jis_code":"01203","town_name_kana":"ﾜｶﾏﾂ","town_name":"若松","zip_code":"0470017"}]