[{"prefecture_jis_code":"01","city_jis_code":"01236","town_name_kana":"ｲｯﾎﾟﾝｷﾞ","town_name":"一本木","zip_code":"0411223"},{"prefecture_jis_code":"01","city_jis_code":"01236","town_name_kana":"ｲﾁﾉﾜﾀﾘ","town_name":"市渡","zip_code":"0411242"},{"prefecture_jis_code":"01","city_jis_code":"01236","town_name_kana":"ｲﾅｻﾄ","town_name":"稲里","zip_code":"0411241"},{"prefecture_jis_code":"01","city_jis_code":"01236","town_name_kana":"ｲﾅﾘ","town_name":"飯生","zip_code":"0490161"},{"prefecture_jis_code":"01","city_jis_code":"01236","town_name_kana":"ｵｲﾜｹ","town_name":"追分","zip_code":"0490101"},{"prefecture_jis_code":"01","city_jis_code":"01236","town_name_kana":"ｵｼｱｹﾞ","town_name":"押上","zip_code":"0490152"},{"prefecture_jis_code":"01","city_jis_code":"01236","town_name_kana":"ｶｲﾊﾂ","town_name":"開発","zip_code":"0411213"},{"prefecture_jis_code":"01","city_jis_code":"01236","town_name_kana":"ｶﾞﾛｳ","town_name":"峨朗","zip_code":"0490136"},{"prefecture_jis_code":"01","city_jis_code":"01236","town_name_kana":"ｷﾖｶﾜ","town_name":"清川","zip_code":"0490157"},{"prefecture_jis_code":"01","city_jis_code":"01236","town_name_kana":"ｸﾈﾍﾞﾂ","town_name":"久根別","zip_code":"0490121"},{"prefecture_jis_code":"01","city_jis_code":"01236","town_name_kana":"ｺｳｴﾝﾄﾞｵﾘ","town_name":"公園通","zip_code":"0490143"},{"prefecture_jis_code":"01","city_jis_code":"01236","town_name_kana":"ｻｸﾗﾀｲ","town_name":"桜岱","zip_code":"0490151"},{"prefecture_jis_code":"01","city_jis_code":"01236","town_name_kana":"ｼｮｳﾜ","town_name":"昭和","zip_code":"0490142"},{"prefecture_jis_code":"01","city_jis_code":"01236","town_name_kana":"ｼﾐｽﾞｶﾜ","town_name":"清水川","zip_code":"0411221"},{"prefecture_jis_code":"01","city_jis_code":"01236","town_name_kana":"ｼﾗｶﾜ","town_name":"白川","zip_code":"0411211"},{"prefecture_jis_code":"01","city_jis_code":"01236","town_name_kana":"ｿｴﾔﾏ","town_name":"添山","zip_code":"0490154"},{"prefecture_jis_code":"01","city_jis_code":"01236","town_name_kana":"ﾀﾆﾖｼ","town_name":"谷好","zip_code":"0490141"},{"prefecture_jis_code":"01","city_jis_code":"01236","town_name_kana":"ﾀﾞｲｸｶﾞﾜ","town_name":"大工川","zip_code":"0490153"},{"prefecture_jis_code":"01","city_jis_code":"01236","town_name_kana":"ﾀﾞﾃﾉ","town_name":"館野","zip_code":"0490132"},{"prefecture_jis_code":"01","city_jis_code":"01236","town_name_kana":"ﾁｭｳｵｳ","town_name":"中央","zip_code":"0490162"},{"prefecture_jis_code":"01","city_jis_code":"01236","town_name_kana":"ﾁﾖﾀﾞ","town_name":"千代田","zip_code":"0411222"},{"prefecture_jis_code":"01","city_jis_code":"01236","town_name_kana":"ﾄｳﾍﾞﾂ","town_name":"当別","zip_code":"0490282"},{"prefecture_jis_code":"01","city_jis_code":"01236","town_name_kana":"ﾄｷﾜ","town_name":"常盤","zip_code":"0490171"},{"prefecture_jis_code":"01","city_jis_code":"01236","town_name_kana":"ﾄﾐｶﾞﾜ","town_name":"富川","zip_code":"0490131"},{"prefecture_jis_code":"01","city_jis_code":"01236","town_name_kana":"ﾅｶﾉ","town_name":"中野","zip_code":"0490155"},{"prefecture_jis_code":"01","city_jis_code":"01236","town_name_kana":"ﾅｶﾉﾄﾞｵﾘ","town_name":"中野通","zip_code":"0490156"},{"prefecture_jis_code":"01","city_jis_code":"01236","town_name_kana":"ﾅｶﾔﾏ","town_name":"中山","zip_code":"0411243"},{"prefecture_jis_code":"01","city_jis_code":"01236","town_name_kana":"ﾅﾅｴﾊﾏ","town_name":"七重浜","zip_code":"0490111"},{"prefecture_jis_code":"01","city_jis_code":"01236","town_name_kana":"ﾉｻﾞｷ","town_name":"野崎","zip_code":"0490158"},{"prefecture_jis_code":"01","city_jis_code":"01236","town_name_kana":"ﾊｷﾞﾉ","town_name":"萩野","zip_code":"0411215"},{"prefecture_jis_code":"01","city_jis_code":"01236","town_name_kana":"ﾋｶﾞｼﾊﾏ","town_name":"東浜","zip_code":"0490122"},{"prefecture_jis_code":"01","city_jis_code":"01236","town_name_kana":"ﾋｶﾞｼﾏｴ","town_name":"東前","zip_code":"0411214"},{"prefecture_jis_code":"01","city_jis_code":"01236","town_name_kana":"ﾌﾐﾂﾞｷ","town_name":"文月","zip_code":"0411225"},{"prefecture_jis_code":"01","city_jis_code":"01236","town_name_kana":"ﾎｿｲﾚ","town_name":"細入","zip_code":"0411212"},{"prefecture_jis_code":"01","city_jis_code":"01236","town_name_kana":"ﾎﾝｺﾞｳ","town_name":"本郷","zip_code":"0411251"},{"prefecture_jis_code":"01","city_jis_code":"01236","town_name_kana":"ﾎﾝﾁｮｳ","town_name":"本町","zip_code":"0411201"},{"prefecture_jis_code":"01","city_jis_code":"01236","town_name_kana":"ﾐｽﾞﾅｼ","town_name":"水無","zip_code":"0490135"},{"prefecture_jis_code":"01","city_jis_code":"01236","town_name_kana":"ﾐﾂｲｼ","town_name":"三ツ石","zip_code":"0490283"},{"prefecture_jis_code":"01","city_jis_code":"01236","town_name_kana":"ﾐﾅﾐｵｵﾉ","town_name":"南大野","zip_code":"0411224"},{"prefecture_jis_code":"01","city_jis_code":"01236","town_name_kana":"ﾐﾖｼ","town_name":"三好","zip_code":"0490134"},{"prefecture_jis_code":"01","city_jis_code":"01236","town_name_kana":"ﾑｶｲﾉ","town_name":"向野","zip_code":"0411231"},{"prefecture_jis_code":"01","city_jis_code":"01236","town_name_kana":"ﾑﾗｳﾁ","town_name":"村内","zip_code":"0411226"},{"prefecture_jis_code":"01","city_jis_code":"01236","town_name_kana":"ﾑﾗﾔﾏ","town_name":"村山","zip_code":"0411244"},{"prefecture_jis_code":"01","city_jis_code":"01236","town_name_kana":"ﾓﾍｼﾞ","town_name":"茂辺地","zip_code":"0490281"},{"prefecture_jis_code":"01","city_jis_code":"01236","town_name_kana":"ﾓﾍｼﾞｲﾁﾉﾜﾀﾘ","town_name":"茂辺地市ノ渡","zip_code":"0490285"},{"prefecture_jis_code":"01","city_jis_code":"01236","town_name_kana":"ﾔﾅｷﾞｻﾜ","town_name":"柳沢","zip_code":"0490133"},{"prefecture_jis_code":"01","city_jis_code":"01236","town_name_kana":"ﾔﾌﾗｲ","town_name":"矢不来","zip_code":"0490286"},{"prefecture_jis_code":"01","city_jis_code":"01236","town_name_kana":"ﾕﾉｻﾜ","town_name":"湯ノ沢","zip_code":"0490284"}]