[{"prefecture_jis_code":"01","city_jis_code":"01362","town_name_kana":"ｲｼｻﾞｷ","town_name":"石崎","zip_code":"0490741"},{"prefecture_jis_code":"01","city_jis_code":"01362","town_name_kana":"ｳﾁｺﾞｳ","town_name":"内郷","zip_code":"0490621"},{"prefecture_jis_code":"01","city_jis_code":"01362","town_name_kana":"ｵｳｷﾞｲｼ","town_name":"扇石","zip_code":"0490607"},{"prefecture_jis_code":"01","city_jis_code":"01362","town_name_kana":"ｵｵｱﾝｻﾞｲ","town_name":"大安在","zip_code":"0490604"},{"prefecture_jis_code":"01","city_jis_code":"01362","town_name_kana":"ｵｵｻｷ","town_name":"大崎","zip_code":"0490603"},{"prefecture_jis_code":"01","city_jis_code":"01362","town_name_kana":"ｵｵﾄﾞﾒ","town_name":"大留","zip_code":"0490611"},{"prefecture_jis_code":"01","city_jis_code":"01362","town_name_kana":"ｶﾂﾔﾏ","town_name":"勝山","zip_code":"0490601"},{"prefecture_jis_code":"01","city_jis_code":"01362","town_name_kana":"ｶﾂﾗｵｶ","town_name":"桂岡","zip_code":"0490626"},{"prefecture_jis_code":"01","city_jis_code":"01362","town_name_kana":"ｶﾐﾉｸﾆ","town_name":"上ノ国","zip_code":"0490612"},{"prefecture_jis_code":"01","city_jis_code":"01362","town_name_kana":"ｷﾀﾑﾗ","town_name":"北村","zip_code":"0490622"},{"prefecture_jis_code":"01","city_jis_code":"01362","town_name_kana":"ｷﾉｺ","town_name":"木ノ子","zip_code":"0490606"},{"prefecture_jis_code":"01","city_jis_code":"01362","town_name_kana":"ｺｱﾝｻﾞｲ","town_name":"小安在","zip_code":"0490605"},{"prefecture_jis_code":"01","city_jis_code":"01362","town_name_kana":"ｺﾓﾘ","town_name":"小森","zip_code":"0490627"},{"prefecture_jis_code":"01","city_jis_code":"01362","town_name_kana":"ｼｵﾌｷ","town_name":"汐吹","zip_code":"0490608"},{"prefecture_jis_code":"01","city_jis_code":"01362","town_name_kana":"ｼﾝﾑﾗ","town_name":"新村","zip_code":"0490623"},{"prefecture_jis_code":"01","city_jis_code":"01362","town_name_kana":"ｼﾝﾒｲ","town_name":"神明","zip_code":"0490561"},{"prefecture_jis_code":"01","city_jis_code":"01362","town_name_kana":"ﾀﾃﾉ","town_name":"館野","zip_code":"0490742"},{"prefecture_jis_code":"01","city_jis_code":"01362","town_name_kana":"ﾁｲｻｺﾞ","town_name":"小砂子","zip_code":"0490743"},{"prefecture_jis_code":"01","city_jis_code":"01362","town_name_kana":"ﾄﾖﾀ","town_name":"豊田","zip_code":"0490625"},{"prefecture_jis_code":"01","city_jis_code":"01362","town_name_kana":"ﾅｶｽﾀﾞ","town_name":"中須田","zip_code":"0490624"},{"prefecture_jis_code":"01","city_jis_code":"01362","town_name_kana":"ﾊﾔｶﾜ","town_name":"早川","zip_code":"0490744"},{"prefecture_jis_code":"01","city_jis_code":"01362","town_name_kana":"ﾊﾔｾ","town_name":"早瀬","zip_code":"0490564"},{"prefecture_jis_code":"01","city_jis_code":"01362","town_name_kana":"ﾊﾗｳﾀ","town_name":"原歌","zip_code":"0490602"},{"prefecture_jis_code":"01","city_jis_code":"01362","town_name_kana":"ﾐﾔｺｼ","town_name":"宮越","zip_code":"0490563"},{"prefecture_jis_code":"01","city_jis_code":"01362","town_name_kana":"ﾑｶｲﾊﾏ","town_name":"向浜","zip_code":"0490613"},{"prefecture_jis_code":"01","city_jis_code":"01362","town_name_kana":"ﾕﾉﾀｲ","town_name":"湯ノ岱","zip_code":"0490562"}]