[{"prefecture_jis_code":"01","city_jis_code":"01364","town_name_kana":"ｱｻﾋﾀｲ","town_name":"旭岱","zip_code":"0430116"},{"prefecture_jis_code":"01","city_jis_code":"01364","town_name_kana":"ｹﾞﾝﾅ","town_name":"元和","zip_code":"0430114"},{"prefecture_jis_code":"01","city_jis_code":"01364","town_name_kana":"ｻｶｴﾉ","town_name":"栄野","zip_code":"0430112"},{"prefecture_jis_code":"01","city_jis_code":"01364","town_name_kana":"ｻｶｴﾊﾏ","town_name":"栄浜","zip_code":"0430113"},{"prefecture_jis_code":"01","city_jis_code":"01364","town_name_kana":"ｼｵﾐ","town_name":"潮見","zip_code":"0430233"},{"prefecture_jis_code":"01","city_jis_code":"01364","town_name_kana":"ﾀｷｾ","town_name":"滝瀬","zip_code":"0430101"},{"prefecture_jis_code":"01","city_jis_code":"01364","town_name_kana":"ﾀﾃｳﾗ","town_name":"館浦","zip_code":"0430104"},{"prefecture_jis_code":"01","city_jis_code":"01364","town_name_kana":"ﾄﾐｵｶ","town_name":"富岡","zip_code":"0430115"},{"prefecture_jis_code":"01","city_jis_code":"01364","town_name_kana":"ﾄﾖﾊﾏ","town_name":"豊浜","zip_code":"0430231"},{"prefecture_jis_code":"01","city_jis_code":"01364","town_name_kana":"ﾄﾘﾔﾏ","town_name":"鳥山","zip_code":"0430111"},{"prefecture_jis_code":"01","city_jis_code":"01364","town_name_kana":"ﾊﾅｲｿ","town_name":"花磯","zip_code":"0430232"},{"prefecture_jis_code":"01","city_jis_code":"01364","town_name_kana":"ﾋﾒｶﾜ","town_name":"姫川","zip_code":"0430117"},{"prefecture_jis_code":"01","city_jis_code":"01364","town_name_kana":"ﾐﾂﾔ","town_name":"三ツ谷","zip_code":"0430234"},{"prefecture_jis_code":"01","city_jis_code":"01364","town_name_kana":"ﾐﾄﾞﾘﾏﾁ","town_name":"緑町","zip_code":"0430103"},{"prefecture_jis_code":"01","city_jis_code":"01364","town_name_kana":"ﾓﾄﾏﾁ","town_name":"元町","zip_code":"0430102"}]