[{"prefecture_jis_code":"01","city_jis_code":"01394","town_name_kana":"ｱｲｵｲ","town_name":"相生","zip_code":"0481251"},{"prefecture_jis_code":"01","city_jis_code":"01394","town_name_kana":"ｱﾕｶﾜ","town_name":"鮎川","zip_code":"0481265"},{"prefecture_jis_code":"01","city_jis_code":"01394","town_name_kana":"ｵｵﾀﾆ","town_name":"大谷","zip_code":"0481305"},{"prefecture_jis_code":"01","city_jis_code":"01394","town_name_kana":"ｵｵﾏｶﾞﾘ","town_name":"大曲","zip_code":"0481316"},{"prefecture_jis_code":"01","city_jis_code":"01394","town_name_kana":"ｵﾅﾘ","town_name":"御成","zip_code":"0481314"},{"prefecture_jis_code":"01","city_jis_code":"01394","town_name_kana":"ｶｲｶﾜ","town_name":"貝川","zip_code":"0481262"},{"prefecture_jis_code":"01","city_jis_code":"01394","town_name_kana":"ｶﾐｻﾄ","town_name":"上里","zip_code":"0481313"},{"prefecture_jis_code":"01","city_jis_code":"01394","town_name_kana":"ｶﾐﾒﾅ","town_name":"上目名","zip_code":"0481254"},{"prefecture_jis_code":"01","city_jis_code":"01394","town_name_kana":"ｷｮｳｴｲ","town_name":"共栄","zip_code":"0481315"},{"prefecture_jis_code":"01","city_jis_code":"01394","town_name_kana":"ｺｶﾞﾈ","town_name":"黄金","zip_code":"0481323"},{"prefecture_jis_code":"01","city_jis_code":"01394","town_name_kana":"ｺﾝﾌﾞｵﾝｾﾝ","town_name":"昆布温泉","zip_code":"0481321"},{"prefecture_jis_code":"01","city_jis_code":"01394","town_name_kana":"ｺﾝﾌﾞﾏﾁ","town_name":"昆布町","zip_code":"0481302"},{"prefecture_jis_code":"01","city_jis_code":"01394","town_name_kana":"ｻｶｴ","town_name":"栄","zip_code":"0481325"},{"prefecture_jis_code":"01","city_jis_code":"01394","town_name_kana":"ｻﾇｷ","town_name":"讃岐","zip_code":"0481252"},{"prefecture_jis_code":"01","city_jis_code":"01394","town_name_kana":"ｼﾐｽﾞ","town_name":"清水","zip_code":"0481264"},{"prefecture_jis_code":"01","city_jis_code":"01394","town_name_kana":"ﾀｼﾓ","town_name":"田下","zip_code":"0481253"},{"prefecture_jis_code":"01","city_jis_code":"01394","town_name_kana":"ﾀﾁｶﾜ","town_name":"立川","zip_code":"0481303"},{"prefecture_jis_code":"01","city_jis_code":"01394","town_name_kana":"ﾄﾐｵｶ","town_name":"富岡","zip_code":"0481326"},{"prefecture_jis_code":"01","city_jis_code":"01394","town_name_kana":"ﾄﾖｸﾆ","town_name":"豊国","zip_code":"0481324"},{"prefecture_jis_code":"01","city_jis_code":"01394","town_name_kana":"ﾄﾝｶﾗ","town_name":"トンカラ","zip_code":"0481307"},{"prefecture_jis_code":"01","city_jis_code":"01394","town_name_kana":"ﾅｺﾏﾏﾁ","town_name":"名駒町","zip_code":"0481307"},{"prefecture_jis_code":"01","city_jis_code":"01394","town_name_kana":"ﾆｲﾐ","town_name":"新見","zip_code":"0481327"},{"prefecture_jis_code":"01","city_jis_code":"01394","town_name_kana":"ﾊﾂﾀ","town_name":"初田","zip_code":"0481316"},{"prefecture_jis_code":"01","city_jis_code":"01394","town_name_kana":"ﾋﾉﾃﾞ","town_name":"日出","zip_code":"0481322"},{"prefecture_jis_code":"01","city_jis_code":"01394","town_name_kana":"ﾋﾔﾐｽﾞ","town_name":"冷水","zip_code":"0481312"},{"prefecture_jis_code":"01","city_jis_code":"01394","town_name_kana":"ﾐｶｻ","town_name":"三笠","zip_code":"0481263"},{"prefecture_jis_code":"01","city_jis_code":"01394","town_name_kana":"ﾐｽﾞｶﾐ","town_name":"水上","zip_code":"0481304"},{"prefecture_jis_code":"01","city_jis_code":"01394","town_name_kana":"ﾐﾂﾜ","town_name":"三和","zip_code":"0481312"},{"prefecture_jis_code":"01","city_jis_code":"01394","town_name_kana":"ﾐﾅﾄﾏﾁ","town_name":"港町","zip_code":"0481341"},{"prefecture_jis_code":"01","city_jis_code":"01394","town_name_kana":"ﾒﾅﾏﾁ","town_name":"目名町","zip_code":"0481261"},{"prefecture_jis_code":"01","city_jis_code":"01394","town_name_kana":"ﾕﾉｻﾄ","town_name":"湯里","zip_code":"0481321"},{"prefecture_jis_code":"01","city_jis_code":"01394","town_name_kana":"ﾖｼｸﾆ","town_name":"吉国","zip_code":"0481311"},{"prefecture_jis_code":"01","city_jis_code":"01394","town_name_kana":"ﾖﾄﾞｶﾞﾜ","town_name":"淀川","zip_code":"0481306"},{"prefecture_jis_code":"01","city_jis_code":"01394","town_name_kana":"ﾗﾝｺｼﾏﾁ","town_name":"蘭越町","zip_code":"0481301"}]