[{"prefecture_jis_code":"01","city_jis_code":"01396","town_name_kana":"ｲｽﾞﾐ","town_name":"泉","zip_code":"0481602"},{"prefecture_jis_code":"01","city_jis_code":"01396","town_name_kana":"ｶﾉ","town_name":"加野","zip_code":"0481622"},{"prefecture_jis_code":"01","city_jis_code":"01396","town_name_kana":"ｶﾐｻﾄ","town_name":"神里","zip_code":"0481624"},{"prefecture_jis_code":"01","city_jis_code":"01396","town_name_kana":"ｶﾜｻｷ","town_name":"川崎","zip_code":"0481623"},{"prefecture_jis_code":"01","city_jis_code":"01396","town_name_kana":"ｷｮｳﾒｲ","town_name":"共明","zip_code":"0481603"},{"prefecture_jis_code":"01","city_jis_code":"01396","town_name_kana":"ｻｸﾗｶﾞﾜ","town_name":"桜川","zip_code":"0481614"},{"prefecture_jis_code":"01","city_jis_code":"01396","town_name_kana":"ﾄﾐｻﾄ","town_name":"富里","zip_code":"0481604"},{"prefecture_jis_code":"01","city_jis_code":"01396","town_name_kana":"ﾄﾖｶﾜ","town_name":"豊川","zip_code":"0481621"},{"prefecture_jis_code":"01","city_jis_code":"01396","town_name_kana":"ﾅﾝﾌﾞ","town_name":"南部","zip_code":"0481613"},{"prefecture_jis_code":"01","city_jis_code":"01396","town_name_kana":"ﾋｶﾘ","town_name":"光","zip_code":"0481611"},{"prefecture_jis_code":"01","city_jis_code":"01396","town_name_kana":"ﾏｯｶﾘ","town_name":"真狩","zip_code":"0481631"},{"prefecture_jis_code":"01","city_jis_code":"01396","town_name_kana":"ﾐﾄﾞﾘｵｶ","town_name":"緑岡","zip_code":"0481615"},{"prefecture_jis_code":"01","city_jis_code":"01396","town_name_kana":"ﾐﾊﾗ","town_name":"美原","zip_code":"0481601"},{"prefecture_jis_code":"01","city_jis_code":"01396","town_name_kana":"ﾐﾊﾗｼ","town_name":"見晴","zip_code":"0481612"},{"prefecture_jis_code":"01","city_jis_code":"01396","town_name_kana":"ﾔｼﾛ","town_name":"社","zip_code":"0481605"}]