[{"prefecture_jis_code":"01","city_jis_code":"01402","town_name_kana":"ｱｲｵｲ","town_name":"相生","zip_code":"0450023"},{"prefecture_jis_code":"01","city_jis_code":"01402","town_name_kana":"ｵｵﾊﾏ","town_name":"大浜","zip_code":"0450001"},{"prefecture_jis_code":"01","city_jis_code":"01402","town_name_kana":"ｷﾖｽﾞﾐ","town_name":"清住","zip_code":"0450022"},{"prefecture_jis_code":"01","city_jis_code":"01402","town_name_kana":"ｻｶｴ","town_name":"栄","zip_code":"0450011"},{"prefecture_jis_code":"01","city_jis_code":"01402","town_name_kana":"ｼｷｼﾏﾅｲ","town_name":"敷島内","zip_code":"0450025"},{"prefecture_jis_code":"01","city_jis_code":"01402","town_name_kana":"ﾀｶﾀﾞｲ","town_name":"高台","zip_code":"0450013"},{"prefecture_jis_code":"01","city_jis_code":"01402","town_name_kana":"ﾉﾂﾞｶ","town_name":"野束","zip_code":"0450024"},{"prefecture_jis_code":"01","city_jis_code":"01402","town_name_kana":"ﾋｶﾞｼﾔﾏ","town_name":"東山","zip_code":"0450002"},{"prefecture_jis_code":"01","city_jis_code":"01402","town_name_kana":"ﾏﾝﾀﾞｲ","town_name":"万代","zip_code":"0450003"},{"prefecture_jis_code":"01","city_jis_code":"01402","town_name_kana":"ﾐｻｷ","town_name":"御崎","zip_code":"0450026"},{"prefecture_jis_code":"01","city_jis_code":"01402","town_name_kana":"ﾐﾔｿﾞﾉ","town_name":"宮園","zip_code":"0450012"},{"prefecture_jis_code":"01","city_jis_code":"01402","town_name_kana":"ﾔﾏﾄ","town_name":"大和","zip_code":"0450021"}]