[{"prefecture_jis_code":"01","city_jis_code":"01409","town_name_kana":"ｱｶｲｶﾞﾜ","town_name":"赤井川","zip_code":"0460501"},{"prefecture_jis_code":"01","city_jis_code":"01409","town_name_kana":"ｱｻﾋｵｶ","town_name":"旭丘","zip_code":"0460531"},{"prefecture_jis_code":"01","city_jis_code":"01409","town_name_kana":"ｲｹﾀﾞ","town_name":"池田","zip_code":"0460521"},{"prefecture_jis_code":"01","city_jis_code":"01409","town_name_kana":"ｵﾁｱｲ","town_name":"落合","zip_code":"0460561"},{"prefecture_jis_code":"01","city_jis_code":"01409","town_name_kana":"ﾄｷﾜ","town_name":"常盤","zip_code":"0460571"},{"prefecture_jis_code":"01","city_jis_code":"01409","town_name_kana":"ﾄﾄﾞﾛｷ","town_name":"轟","zip_code":"0460551"},{"prefecture_jis_code":"01","city_jis_code":"01409","town_name_kana":"ﾄﾐﾀ","town_name":"富田","zip_code":"0460532"},{"prefecture_jis_code":"01","city_jis_code":"01409","town_name_kana":"ﾋﾉﾃﾞ","town_name":"日ノ出","zip_code":"0460511"},{"prefecture_jis_code":"01","city_jis_code":"01409","town_name_kana":"ﾏｶﾞﾘｶﾜ","town_name":"曲川","zip_code":"0460542"},{"prefecture_jis_code":"01","city_jis_code":"01409","town_name_kana":"ﾐﾔｺ","town_name":"都","zip_code":"0460541"},{"prefecture_jis_code":"01","city_jis_code":"01409","town_name_kana":"ﾒｲｼﾞ","town_name":"明治","zip_code":"0460552"},{"prefecture_jis_code":"01","city_jis_code":"01409","town_name_kana":"ﾔﾏﾅｼ","town_name":"山梨","zip_code":"0460512"}]