[{"prefecture_jis_code":"01","city_jis_code":"01549","town_name_kana":"ｱｻﾋﾏﾁ","town_name":"旭町","zip_code":"0991432"},{"prefecture_jis_code":"01","city_jis_code":"01549","town_name_kana":"ｵｵﾀﾆ","town_name":"大谷","zip_code":"0991411"},{"prefecture_jis_code":"01","city_jis_code":"01549","town_name_kana":"ｵｵﾏﾁ","town_name":"大町","zip_code":"0991436"},{"prefecture_jis_code":"01","city_jis_code":"01549","town_name_kana":"ｶｲｾｲ","town_name":"開盛","zip_code":"0991414"},{"prefecture_jis_code":"01","city_jis_code":"01549","town_name_kana":"ｶｼﾜｵｶ","town_name":"柏丘","zip_code":"0991404"},{"prefecture_jis_code":"01","city_jis_code":"01549","town_name_kana":"ｷｮｳｾｲ","town_name":"協成","zip_code":"0991413"},{"prefecture_jis_code":"01","city_jis_code":"01549","town_name_kana":"ｷﾖｽﾞﾐ","town_name":"清住","zip_code":"0991426"},{"prefecture_jis_code":"01","city_jis_code":"01549","town_name_kana":"ｺﾏｻﾄ","town_name":"駒里","zip_code":"0991421"},{"prefecture_jis_code":"01","city_jis_code":"01549","town_name_kana":"ｻｶｴﾏﾁ","town_name":"栄町","zip_code":"0991434"},{"prefecture_jis_code":"01","city_jis_code":"01549","town_name_kana":"ｽｴﾋﾛﾏﾁ","town_name":"末広町","zip_code":"0991417"},{"prefecture_jis_code":"01","city_jis_code":"01549","town_name_kana":"ﾀｶｿﾞﾉ","town_name":"高園","zip_code":"0991405"},{"prefecture_jis_code":"01","city_jis_code":"01549","town_name_kana":"ﾄｷﾜ","town_name":"常盤","zip_code":"0991416"},{"prefecture_jis_code":"01","city_jis_code":"01549","town_name_kana":"ﾄﾖｻｶ","town_name":"豊坂","zip_code":"0991427"},{"prefecture_jis_code":"01","city_jis_code":"01549","town_name_kana":"ﾅｶﾏﾁ","town_name":"仲町","zip_code":"0991433"},{"prefecture_jis_code":"01","city_jis_code":"01549","town_name_kana":"ﾆｼｻｲﾜｲﾏﾁ","town_name":"西幸町","zip_code":"0991423"},{"prefecture_jis_code":"01","city_jis_code":"01549","town_name_kana":"ﾆｼﾄﾐ","town_name":"西富","zip_code":"0991424"},{"prefecture_jis_code":"01","city_jis_code":"01549","town_name_kana":"ﾋｶﾞｼｻｲﾜｲﾏﾁ","town_name":"東幸町","zip_code":"0991403"},{"prefecture_jis_code":"01","city_jis_code":"01549","town_name_kana":"ﾋｶﾞｼﾏﾁ","town_name":"東町","zip_code":"0991431"},{"prefecture_jis_code":"01","city_jis_code":"01549","town_name_kana":"ﾋﾉﾃﾞ","town_name":"日出","zip_code":"0991401"},{"prefecture_jis_code":"01","city_jis_code":"01549","town_name_kana":"ﾌｸﾉ","town_name":"福野","zip_code":"0991407"},{"prefecture_jis_code":"01","city_jis_code":"01549","town_name_kana":"ﾎｸｴｲ","town_name":"北栄","zip_code":"0991422"},{"prefecture_jis_code":"01","city_jis_code":"01549","town_name_kana":"ﾎﾅﾐ","town_name":"穂波","zip_code":"0991402"},{"prefecture_jis_code":"01","city_jis_code":"01549","town_name_kana":"ﾐｻﾄ","town_name":"実郷","zip_code":"0991418"},{"prefecture_jis_code":"01","city_jis_code":"01549","town_name_kana":"ﾐｿﾉ","town_name":"美園","zip_code":"0991415"},{"prefecture_jis_code":"01","city_jis_code":"01549","town_name_kana":"ﾐﾄﾞﾘｵｶ","town_name":"緑丘","zip_code":"0991412"},{"prefecture_jis_code":"01","city_jis_code":"01549","town_name_kana":"ﾓﾄﾏﾁ","town_name":"元町","zip_code":"0991437"},{"prefecture_jis_code":"01","city_jis_code":"01549","town_name_kana":"ﾔﾖｲ","town_name":"弥生","zip_code":"0991406"},{"prefecture_jis_code":"01","city_jis_code":"01549","town_name_kana":"ﾜｶﾄﾐﾏﾁ","town_name":"若富町","zip_code":"0991435"},{"prefecture_jis_code":"01","city_jis_code":"01549","town_name_kana":"ﾜｶﾊﾞﾏﾁ","town_name":"若葉町","zip_code":"0991425"}]