[{"prefecture_jis_code":"01","city_jis_code":"01584","town_name_kana":"ｱｵﾊﾞﾁｮｳ","town_name":"青葉町","zip_code":"0495601"},{"prefecture_jis_code":"01","city_jis_code":"01584","town_name_kana":"ｱｻﾋｳﾗ","town_name":"旭浦","zip_code":"0495801"},{"prefecture_jis_code":"01","city_jis_code":"01584","town_name_kana":"ｱｻﾋﾁｮｳ","town_name":"旭町","zip_code":"0495611"},{"prefecture_jis_code":"01","city_jis_code":"01584","town_name_kana":"ｲｽﾞﾐ","town_name":"泉","zip_code":"0495602"},{"prefecture_jis_code":"01","city_jis_code":"01584","town_name_kana":"ｲﾘｴ","town_name":"入江","zip_code":"0495603"},{"prefecture_jis_code":"01","city_jis_code":"01584","town_name_kana":"ｲﾜﾔ","town_name":"岩屋","zip_code":"0495811"},{"prefecture_jis_code":"01","city_jis_code":"01584","town_name_kana":"ｵｵｲｿﾁｮｳ","town_name":"大磯町","zip_code":"0495612"},{"prefecture_jis_code":"01","city_jis_code":"01584","town_name_kana":"ｵｵﾊﾗ","town_name":"大原","zip_code":"0495821"},{"prefecture_jis_code":"01","city_jis_code":"01584","town_name_kana":"ｶｶﾞﾜ","town_name":"香川","zip_code":"0495831"},{"prefecture_jis_code":"01","city_jis_code":"01584","town_name_kana":"ｶﾜﾋｶﾞｼ","town_name":"川東","zip_code":"0495812"},{"prefecture_jis_code":"01","city_jis_code":"01584","town_name_kana":"ｻｶｴﾁｮｳ","town_name":"栄町","zip_code":"0495604"},{"prefecture_jis_code":"01","city_jis_code":"01584","town_name_kana":"ｼﾐｽﾞ","town_name":"清水","zip_code":"0495613"},{"prefecture_jis_code":"01","city_jis_code":"01584","town_name_kana":"ﾀｶｻｺﾞﾁｮｳ","town_name":"高砂町","zip_code":"0495605"},{"prefecture_jis_code":"01","city_jis_code":"01584","town_name_kana":"ﾀｶﾗﾀﾞ","town_name":"財田","zip_code":"0495813"},{"prefecture_jis_code":"01","city_jis_code":"01584","town_name_kana":"ﾂｷｳﾗ","town_name":"月浦","zip_code":"0495723"},{"prefecture_jis_code":"01","city_jis_code":"01584","town_name_kana":"ﾄｳﾔｺｵﾝｾﾝ","town_name":"洞爺湖温泉","zip_code":"0495721"},{"prefecture_jis_code":"01","city_jis_code":"01584","town_name_kana":"ﾄｳﾔﾏﾁ","town_name":"洞爺町","zip_code":"0495802"},{"prefecture_jis_code":"01","city_jis_code":"01584","town_name_kana":"ﾄﾐｵｶ","town_name":"富丘","zip_code":"0495822"},{"prefecture_jis_code":"01","city_jis_code":"01584","town_name_kana":"ﾅﾙｶ","town_name":"成香","zip_code":"0495832"},{"prefecture_jis_code":"01","city_jis_code":"01584","town_name_kana":"ﾊﾅﾜ","town_name":"花和","zip_code":"0495724"},{"prefecture_jis_code":"01","city_jis_code":"01584","town_name_kana":"ﾊﾏﾁｮｳ","town_name":"浜町","zip_code":"0495614"},{"prefecture_jis_code":"01","city_jis_code":"01584","town_name_kana":"ﾊﾔﾂｷ","town_name":"早月","zip_code":"0495814"},{"prefecture_jis_code":"01","city_jis_code":"01584","town_name_kana":"ﾌｼﾐ","town_name":"伏見","zip_code":"0495833"},{"prefecture_jis_code":"01","city_jis_code":"01584","town_name_kana":"ﾎﾝﾁｮｳ","town_name":"本町","zip_code":"0495615"},{"prefecture_jis_code":"01","city_jis_code":"01584","town_name_kana":"ﾐﾄﾖ","town_name":"三豊","zip_code":"0495616"}]