[{"prefecture_jis_code":"01","city_jis_code":"01601","town_name_kana":"ｱｻﾋﾁｮｳ","town_name":"旭町","zip_code":"0592127"},{"prefecture_jis_code":"01","city_jis_code":"01601","town_name_kana":"ｱﾂｶﾞﾁｮｳ","town_name":"厚賀町","zip_code":"0592243"},{"prefecture_jis_code":"01","city_jis_code":"01601","town_name_kana":"ｲｸﾁｾ","town_name":"幾千世","zip_code":"0592123"},{"prefecture_jis_code":"01","city_jis_code":"01601","town_name_kana":"ｶﾊﾞﾘ","town_name":"賀張","zip_code":"0592244"},{"prefecture_jis_code":"01","city_jis_code":"01601","town_name_kana":"ｷﾖﾊﾀ","town_name":"清畠","zip_code":"0592245"},{"prefecture_jis_code":"01","city_jis_code":"01601","town_name_kana":"ｸﾗﾄﾐ","town_name":"庫富","zip_code":"0592124"},{"prefecture_jis_code":"01","city_jis_code":"01601","town_name_kana":"ｻｶｴﾏﾁﾆｼ","town_name":"栄町西","zip_code":"0552304"},{"prefecture_jis_code":"01","city_jis_code":"01601","town_name_kana":"ｻｶｴﾏﾁﾋｶﾞｼ","town_name":"栄町東","zip_code":"0552303"},{"prefecture_jis_code":"01","city_jis_code":"01601","town_name_kana":"ｼｮｳﾜ","town_name":"正和","zip_code":"0592331"},{"prefecture_jis_code":"01","city_jis_code":"01601","town_name_kana":"ｼﾝﾏﾁ","town_name":"新町","zip_code":"0552305"},{"prefecture_jis_code":"01","city_jis_code":"01601","town_name_kana":"ﾁｻｶ","town_name":"千栄","zip_code":"0552314"},{"prefecture_jis_code":"01","city_jis_code":"01601","town_name_kana":"ﾄﾐｵｶ","town_name":"富岡","zip_code":"0552315"},{"prefecture_jis_code":"01","city_jis_code":"01601","town_name_kana":"ﾄﾐｶﾜｷﾀ","town_name":"富川北","zip_code":"0550001"},{"prefecture_jis_code":"01","city_jis_code":"01601","town_name_kana":"ﾄﾐｶﾜｺﾏｵｶ","town_name":"富川駒丘","zip_code":"0550008"},{"prefecture_jis_code":"01","city_jis_code":"01601","town_name_kana":"ﾄﾐｶﾜﾆｼ","town_name":"富川西","zip_code":"0550007"},{"prefecture_jis_code":"01","city_jis_code":"01601","town_name_kana":"ﾄﾐｶﾜﾋｶﾞｼ","town_name":"富川東","zip_code":"0550004"},{"prefecture_jis_code":"01","city_jis_code":"01601","town_name_kana":"ﾄﾐｶﾜﾐﾅﾐ","town_name":"富川南","zip_code":"0550006"},{"prefecture_jis_code":"01","city_jis_code":"01601","town_name_kana":"ﾄﾐﾊﾏ","town_name":"富浜","zip_code":"0550005"},{"prefecture_jis_code":"01","city_jis_code":"01601","town_name_kana":"ﾄﾖｻﾄ","town_name":"豊郷","zip_code":"0592126"},{"prefecture_jis_code":"01","city_jis_code":"01601","town_name_kana":"ﾄﾖﾀ","town_name":"豊田","zip_code":"0592241"},{"prefecture_jis_code":"01","city_jis_code":"01601","town_name_kana":"ﾋﾀﾞｶ","town_name":"日高","zip_code":"0552311"},{"prefecture_jis_code":"01","city_jis_code":"01601","town_name_kana":"ﾋﾀﾞｶ1ｸ","town_name":"日高１区","zip_code":"0552311"},{"prefecture_jis_code":"01","city_jis_code":"01601","town_name_kana":"ﾋﾀﾞｶ2ｸ","town_name":"日高２区","zip_code":"0552312"},{"prefecture_jis_code":"01","city_jis_code":"01601","town_name_kana":"ﾋﾀﾞｶ3ｸ","town_name":"日高３区","zip_code":"0552313"},{"prefecture_jis_code":"01","city_jis_code":"01601","town_name_kana":"ﾋﾛﾄﾐ","town_name":"広富","zip_code":"0592125"},{"prefecture_jis_code":"01","city_jis_code":"01601","town_name_kana":"ﾋﾞﾗｶﾞ","town_name":"平賀","zip_code":"0550002"},{"prefecture_jis_code":"01","city_jis_code":"01601","town_name_kana":"ﾌｸﾐﾂ","town_name":"福満","zip_code":"0550003"},{"prefecture_jis_code":"01","city_jis_code":"01601","town_name_kana":"ﾎﾝﾁｮｳﾆｼ","town_name":"本町西","zip_code":"0552302"},{"prefecture_jis_code":"01","city_jis_code":"01601","town_name_kana":"ﾎﾝﾁｮｳﾋｶﾞｼ","town_name":"本町東","zip_code":"0552301"},{"prefecture_jis_code":"01","city_jis_code":"01601","town_name_kana":"ﾏﾂｶｾﾞﾁｮｳ","town_name":"松風町","zip_code":"0552307"},{"prefecture_jis_code":"01","city_jis_code":"01601","town_name_kana":"ﾐﾂｲﾜ","town_name":"三岩","zip_code":"0552316"},{"prefecture_jis_code":"01","city_jis_code":"01601","town_name_kana":"ﾐﾄﾞﾘﾁｮｳ","town_name":"緑町","zip_code":"0592122"},{"prefecture_jis_code":"01","city_jis_code":"01601","town_name_kana":"ﾐﾊﾗ","town_name":"美原","zip_code":"0592242"},{"prefecture_jis_code":"01","city_jis_code":"01601","town_name_kana":"ﾐﾔｼﾀﾁｮｳ","town_name":"宮下町","zip_code":"0552306"},{"prefecture_jis_code":"01","city_jis_code":"01601","town_name_kana":"ﾐﾜ","town_name":"三和","zip_code":"0592332"},{"prefecture_jis_code":"01","city_jis_code":"01601","town_name_kana":"ﾓﾝﾍﾞﾂﾎﾝﾁｮｳ","town_name":"門別本町","zip_code":"0592121"},{"prefecture_jis_code":"01","city_jis_code":"01601","town_name_kana":"ﾔﾏﾃﾁｮｳ","town_name":"山手町","zip_code":"0552308"},{"prefecture_jis_code":"01","city_jis_code":"01601","town_name_kana":"ﾜｶﾊﾞﾁｮｳ","town_name":"若葉町","zip_code":"0552309"}]