[{"prefecture_jis_code":"01","city_jis_code":"01644","town_name_kana":"ｱｵﾔﾏ","town_name":"青山","zip_code":"0830044"},{"prefecture_jis_code":"01","city_jis_code":"01644","town_name_kana":"ｱｻﾋﾏﾁ","town_name":"旭町","zip_code":"0830001"},{"prefecture_jis_code":"01","city_jis_code":"01644","town_name_kana":"ｵｵﾄﾞｵﾘ","town_name":"大通","zip_code":"0830090"},{"prefecture_jis_code":"01","city_jis_code":"01644","town_name_kana":"ｵｵﾄﾞｵﾘﾐﾅﾐ","town_name":"大通南","zip_code":"0830020"},{"prefecture_jis_code":"01","city_jis_code":"01644","town_name_kana":"ｵｵﾓﾘ","town_name":"大森","zip_code":"0893151"},{"prefecture_jis_code":"01","city_jis_code":"01644","town_name_kana":"ｶﾜｲ","town_name":"川合","zip_code":"0830041"},{"prefecture_jis_code":"01","city_jis_code":"01644","town_name_kana":"ｷﾖﾐ","town_name":"清見","zip_code":"0830002"},{"prefecture_jis_code":"01","city_jis_code":"01644","town_name_kana":"ｷﾖﾐｶﾞｵｶ","town_name":"清見ケ丘","zip_code":"0830003"},{"prefecture_jis_code":"01","city_jis_code":"01644","town_name_kana":"ｻﾏﾏｲ","town_name":"様舞","zip_code":"0830004"},{"prefecture_jis_code":"01","city_jis_code":"01644","town_name_kana":"ｼｮｳｴｲ","town_name":"昭栄","zip_code":"0830047"},{"prefecture_jis_code":"01","city_jis_code":"01644","town_name_kana":"ﾀｶｼﾏ","town_name":"高島","zip_code":"0893152"},{"prefecture_jis_code":"01","city_jis_code":"01644","town_name_kana":"ﾁｶｳｼ","town_name":"近牛","zip_code":"0893153"},{"prefecture_jis_code":"01","city_jis_code":"01644","town_name_kana":"ﾁﾖﾀﾞ","town_name":"千代田","zip_code":"0830042"},{"prefecture_jis_code":"01","city_jis_code":"01644","town_name_kana":"ﾄｳﾀﾞｲ","town_name":"東台","zip_code":"0830046"},{"prefecture_jis_code":"01","city_jis_code":"01644","town_name_kana":"ﾄｷﾜ","town_name":"常盤","zip_code":"0893156"},{"prefecture_jis_code":"01","city_jis_code":"01644","town_name_kana":"ﾄｼﾍﾞﾂﾆｼﾏﾁ","town_name":"利別西町","zip_code":"0830031"},{"prefecture_jis_code":"01","city_jis_code":"01644","town_name_kana":"ﾄｼﾍﾞﾂﾋｶﾞｼﾏﾁ","town_name":"利別東町","zip_code":"0830032"},{"prefecture_jis_code":"01","city_jis_code":"01644","town_name_kana":"ﾄｼﾍﾞﾂﾐﾅﾐﾏﾁ","town_name":"利別南町","zip_code":"0830033"},{"prefecture_jis_code":"01","city_jis_code":"01644","town_name_kana":"ﾄｼﾍﾞﾂﾓﾄﾏﾁ","town_name":"利別本町","zip_code":"0830034"},{"prefecture_jis_code":"01","city_jis_code":"01644","town_name_kana":"ﾄﾐｵｶ","town_name":"富岡","zip_code":"0830045"},{"prefecture_jis_code":"01","city_jis_code":"01644","town_name_kana":"ﾄﾖﾀ","town_name":"豊田","zip_code":"0830043"},{"prefecture_jis_code":"01","city_jis_code":"01644","town_name_kana":"ﾆｼ1ｼﾞｮｳ","town_name":"西一条","zip_code":"0830021"},{"prefecture_jis_code":"01","city_jis_code":"01644","town_name_kana":"ﾆｼ2ｼﾞｮｳ","town_name":"西二条","zip_code":"0830022"},{"prefecture_jis_code":"01","city_jis_code":"01644","town_name_kana":"ﾆｼ3ｼﾞｮｳ","town_name":"西三条","zip_code":"0830023"},{"prefecture_jis_code":"01","city_jis_code":"01644","town_name_kana":"ﾉﾌﾞﾄﾘ","town_name":"信取","zip_code":"0893154"},{"prefecture_jis_code":"01","city_jis_code":"01644","town_name_kana":"ﾋｶﾞｼ1ｼﾞｮｳ","town_name":"東一条","zip_code":"0830091"},{"prefecture_jis_code":"01","city_jis_code":"01644","town_name_kana":"ﾋｶﾞｼ2ｼﾞｮｳ","town_name":"東二条","zip_code":"0830092"},{"prefecture_jis_code":"01","city_jis_code":"01644","town_name_kana":"ﾐｶﾄﾞ","town_name":"美加登","zip_code":"0893155"}]