[{"prefecture_jis_code":"08","city_jis_code":"08205","town_name_kana":"ｱｵﾀ","town_name":"青田","zip_code":"3150148"},{"prefecture_jis_code":"08","city_jis_code":"08205","town_name_kana":"ｱｻﾋﾀﾞｲ","town_name":"旭台","zip_code":"3150038"},{"prefecture_jis_code":"08","city_jis_code":"08205","town_name_kana":"ｱﾗｶﾞﾈ","town_name":"荒金","zip_code":"3150021"},{"prefecture_jis_code":"08","city_jis_code":"08205","town_name_kana":"ｲｹﾉﾀﾞｲ","town_name":"池の台","zip_code":"3150030"},{"prefecture_jis_code":"08","city_jis_code":"08205","town_name_kana":"ｲｼｵｶ","town_name":"石岡","zip_code":"3150001"},{"prefecture_jis_code":"08","city_jis_code":"08205","town_name_kana":"ｲｼｶﾜ","town_name":"石川","zip_code":"3150046"},{"prefecture_jis_code":"08","city_jis_code":"08205","town_name_kana":"ｲｽﾞﾐﾁｮｳ","town_name":"泉町","zip_code":"3150025"},{"prefecture_jis_code":"08","city_jis_code":"08205","town_name_kana":"ｲｾｷ","town_name":"井関","zip_code":"3150047"},{"prefecture_jis_code":"08","city_jis_code":"08205","town_name_kana":"ｳｼﾞｴ","town_name":"宇治会","zip_code":"3150162"},{"prefecture_jis_code":"08","city_jis_code":"08205","town_name_kana":"ｳﾗｽ","town_name":"浦須","zip_code":"3150115"},{"prefecture_jis_code":"08","city_jis_code":"08205","town_name_kana":"ｳﾜｿ","town_name":"上曽","zip_code":"3150157"},{"prefecture_jis_code":"08","city_jis_code":"08205","town_name_kana":"ｵｵｽﾅ","town_name":"大砂","zip_code":"3150009"},{"prefecture_jis_code":"08","city_jis_code":"08205","town_name_kana":"ｵｵﾀ","town_name":"太田","zip_code":"3150102"},{"prefecture_jis_code":"08","city_jis_code":"08205","town_name_kana":"ｵｵﾂｶ","town_name":"大塚","zip_code":"3150105"},{"prefecture_jis_code":"08","city_jis_code":"08205","town_name_kana":"ｵｵﾏｽ","town_name":"大増","zip_code":"3150101"},{"prefecture_jis_code":"08","city_jis_code":"08205","town_name_kana":"ｵｵﾔﾂ","town_name":"大谷津","zip_code":"3150036"},{"prefecture_jis_code":"08","city_jis_code":"08205","town_name_kana":"ｵｸﾞﾗ","town_name":"小倉","zip_code":"3150165"},{"prefecture_jis_code":"08","city_jis_code":"08205","town_name_kana":"ｵﾉｺﾞｴ","town_name":"小野越","zip_code":"3150144"},{"prefecture_jis_code":"08","city_jis_code":"08205","town_name_kana":"ｵﾊﾞﾀ","town_name":"小幡","zip_code":"3150155"},{"prefecture_jis_code":"08","city_jis_code":"08205","town_name_kana":"ｵﾐ","town_name":"小見","zip_code":"3150104"},{"prefecture_jis_code":"08","city_jis_code":"08205","town_name_kana":"ｵﾔﾏﾀﾞ","town_name":"小山田","zip_code":"3150166"},{"prefecture_jis_code":"08","city_jis_code":"08205","town_name_kana":"ｶｲｼﾞ","town_name":"貝地","zip_code":"3150015"},{"prefecture_jis_code":"08","city_jis_code":"08205","town_name_kana":"ｶｷｵｶ","town_name":"柿岡","zip_code":"3150116"},{"prefecture_jis_code":"08","city_jis_code":"08205","town_name_kana":"ｶｼﾜﾊﾞﾗ","town_name":"柏原","zip_code":"3150002"},{"prefecture_jis_code":"08","city_jis_code":"08205","town_name_kana":"ｶｼﾜﾊﾞﾗﾁｮｳ","town_name":"柏原町","zip_code":"3150004"},{"prefecture_jis_code":"08","city_jis_code":"08205","town_name_kana":"ｶﾀｵｶ","town_name":"片岡","zip_code":"3150113"},{"prefecture_jis_code":"08","city_jis_code":"08205","town_name_kana":"ｶﾀﾉ","town_name":"片野","zip_code":"3150136"},{"prefecture_jis_code":"08","city_jis_code":"08205","town_name_kana":"ｶﾅｻｼ","town_name":"金指","zip_code":"3150137"},{"prefecture_jis_code":"08","city_jis_code":"08205","town_name_kana":"ｶﾉｺ","town_name":"鹿の子","zip_code":"3150005"},{"prefecture_jis_code":"08","city_jis_code":"08205","town_name_kana":"ｶﾐｱｵﾔｷﾞ","town_name":"上青柳","zip_code":"3150154"},{"prefecture_jis_code":"08","city_jis_code":"08205","town_name_kana":"ｶﾐﾊﾞﾔｼ","town_name":"上林","zip_code":"3150138"},{"prefecture_jis_code":"08","city_jis_code":"08205","town_name_kana":"ｶﾖｳﾉ","town_name":"加生野","zip_code":"3150135"},{"prefecture_jis_code":"08","city_jis_code":"08205","town_name_kana":"ｶﾗｽﾘ","town_name":"嘉良寿理","zip_code":"3150114"},{"prefecture_jis_code":"08","city_jis_code":"08205","town_name_kana":"ｶﾜﾏﾀ","town_name":"川又","zip_code":"3150134"},{"prefecture_jis_code":"08","city_jis_code":"08205","town_name_kana":"ｶﾜﾗﾔ","town_name":"瓦谷","zip_code":"3150111"},{"prefecture_jis_code":"08","city_jis_code":"08205","town_name_kana":"ｷﾀﾈﾓﾄ","town_name":"北根本","zip_code":"3150044"},{"prefecture_jis_code":"08","city_jis_code":"08205","town_name_kana":"ｷﾀﾌﾁｭｳ","town_name":"北府中","zip_code":"3150012"},{"prefecture_jis_code":"08","city_jis_code":"08205","town_name_kana":"ｸｼﾞﾗｵｶ","town_name":"鯨岡","zip_code":"3150163"},{"prefecture_jis_code":"08","city_jis_code":"08205","town_name_kana":"ｺｲﾄﾞ","town_name":"小井戸","zip_code":"3150032"},{"prefecture_jis_code":"08","city_jis_code":"08205","town_name_kana":"ｺｸﾌ","town_name":"国府","zip_code":"3150014"},{"prefecture_jis_code":"08","city_jis_code":"08205","town_name_kana":"ｺﾊﾞﾅ","town_name":"小塙","zip_code":"3150161"},{"prefecture_jis_code":"08","city_jis_code":"08205","town_name_kana":"ｺﾔ","town_name":"小屋","zip_code":"3150164"},{"prefecture_jis_code":"08","city_jis_code":"08205","town_name_kana":"ｺﾞｲｼｻﾞﾜ","town_name":"碁石沢","zip_code":"3150010"},{"prefecture_jis_code":"08","city_jis_code":"08205","town_name_kana":"ｻｶｴﾏﾂ","town_name":"栄松","zip_code":"3150019"},{"prefecture_jis_code":"08","city_jis_code":"08205","town_name_kana":"ｻｸ","town_name":"佐久","zip_code":"3150117"},{"prefecture_jis_code":"08","city_jis_code":"08205","town_name_kana":"ｼｮｳｼﾞｮｳｳﾁ","town_name":"正上内","zip_code":"3150011"},{"prefecture_jis_code":"08","city_jis_code":"08205","town_name_kana":"ｼｮｳﾌﾞｻﾞﾜ","town_name":"菖蒲沢","zip_code":"3150146"},{"prefecture_jis_code":"08","city_jis_code":"08205","town_name_kana":"ｼﾊﾞｳﾁ","town_name":"柴内","zip_code":"3150143"},{"prefecture_jis_code":"08","city_jis_code":"08205","town_name_kana":"ｼﾊﾞﾏ","town_name":"柴間","zip_code":"3150124"},{"prefecture_jis_code":"08","city_jis_code":"08205","town_name_kana":"ｼﾓｱｵﾔｷﾞ","town_name":"下青柳","zip_code":"3150153"},{"prefecture_jis_code":"08","city_jis_code":"08205","town_name_kana":"ｼﾓﾊﾞﾔｼ","town_name":"下林","zip_code":"3150131"},{"prefecture_jis_code":"08","city_jis_code":"08205","town_name_kana":"ｽｶﾞﾏ","town_name":"須釜","zip_code":"3150151"},{"prefecture_jis_code":"08","city_jis_code":"08205","town_name_kana":"ｽｷﾞﾅﾐ","town_name":"杉並","zip_code":"3150027"},{"prefecture_jis_code":"08","city_jis_code":"08205","town_name_kana":"ｽｷﾞﾉｲ","town_name":"杉の井","zip_code":"3150026"},{"prefecture_jis_code":"08","city_jis_code":"08205","town_name_kana":"ｿｳｼｬ","town_name":"総社","zip_code":"3150016"},{"prefecture_jis_code":"08","city_jis_code":"08205","town_name_kana":"ｿﾒﾔ","town_name":"染谷","zip_code":"3150007"},{"prefecture_jis_code":"08","city_jis_code":"08205","town_name_kana":"ﾀｶﾊﾏ","town_name":"高浜","zip_code":"3150045"},{"prefecture_jis_code":"08","city_jis_code":"08205","town_name_kana":"ﾀｼﾞﾏ","town_name":"田島","zip_code":"3150041"},{"prefecture_jis_code":"08","city_jis_code":"08205","town_name_kana":"ﾂｷｵｶ","town_name":"月岡","zip_code":"3150141"},{"prefecture_jis_code":"08","city_jis_code":"08205","town_name_kana":"ﾂｼﾞ","town_name":"辻","zip_code":"3150147"},{"prefecture_jis_code":"08","city_jis_code":"08205","town_name_kana":"ﾄｳｺｳﾀﾞｲ","town_name":"東光台","zip_code":"3150033"},{"prefecture_jis_code":"08","city_jis_code":"08205","town_name_kana":"ﾅｶﾂｶﾞﾜ","town_name":"中津川","zip_code":"3150043"},{"prefecture_jis_code":"08","city_jis_code":"08205","town_name_kana":"ﾅｶﾄﾞ","town_name":"中戸","zip_code":"3150103"},{"prefecture_jis_code":"08","city_jis_code":"08205","town_name_kana":"ﾅﾐｷ","town_name":"並木","zip_code":"3150006"},{"prefecture_jis_code":"08","city_jis_code":"08205","town_name_kana":"ﾅﾒﾘｶﾜ","town_name":"行里川","zip_code":"3150022"},{"prefecture_jis_code":"08","city_jis_code":"08205","town_name_kana":"ﾈｱﾀﾘ","town_name":"根当","zip_code":"3150029"},{"prefecture_jis_code":"08","city_jis_code":"08205","town_name_kana":"ﾈｺﾞﾔ","town_name":"根小屋","zip_code":"3150132"},{"prefecture_jis_code":"08","city_jis_code":"08205","town_name_kana":"ﾉﾀﾞ","town_name":"野田","zip_code":"3150118"},{"prefecture_jis_code":"08","city_jis_code":"08205","town_name_kana":"ﾊﾁｹﾝﾀﾞｲ","town_name":"八軒台","zip_code":"3150024"},{"prefecture_jis_code":"08","city_jis_code":"08205","town_name_kana":"ﾊﾝﾀﾞ","town_name":"半田","zip_code":"3150133"},{"prefecture_jis_code":"08","city_jis_code":"08205","town_name_kana":"ﾊﾝﾉｷ","town_name":"半ノ木","zip_code":"3150028"},{"prefecture_jis_code":"08","city_jis_code":"08205","town_name_kana":"ﾊﾞﾗｷ","town_name":"茨城","zip_code":"3150042"},{"prefecture_jis_code":"08","city_jis_code":"08205","town_name_kana":"ﾋｶﾞｼｲｼｵｶ","town_name":"東石岡","zip_code":"3150037"},{"prefecture_jis_code":"08","city_jis_code":"08205","town_name_kana":"ﾋｶﾞｼｵｵﾊｼ","town_name":"東大橋","zip_code":"3150031"},{"prefecture_jis_code":"08","city_jis_code":"08205","town_name_kana":"ﾋｶﾞｼﾀﾅｶ","town_name":"東田中","zip_code":"3150034"},{"prefecture_jis_code":"08","city_jis_code":"08205","town_name_kana":"ﾋｶﾞｼﾅﾙｲ","town_name":"東成井","zip_code":"3150122"},{"prefecture_jis_code":"08","city_jis_code":"08205","town_name_kana":"ﾋｶﾞｼﾌﾁｭｳ","town_name":"東府中","zip_code":"3150023"},{"prefecture_jis_code":"08","city_jis_code":"08205","town_name_kana":"ﾌﾁｭｳ","town_name":"府中","zip_code":"3150013"},{"prefecture_jis_code":"08","city_jis_code":"08205","town_name_kana":"ﾌﾞｯｼｮｳｼﾞ","town_name":"仏生寺","zip_code":"3150145"},{"prefecture_jis_code":"08","city_jis_code":"08205","town_name_kana":"ﾍﾊﾞﾗ","town_name":"部原","zip_code":"3150112"},{"prefecture_jis_code":"08","city_jis_code":"08205","town_name_kana":"ﾎｿﾔ","town_name":"細谷","zip_code":"3150152"},{"prefecture_jis_code":"08","city_jis_code":"08205","town_name_kana":"ﾏｲｴ","town_name":"真家","zip_code":"3150121"},{"prefecture_jis_code":"08","city_jis_code":"08205","town_name_kana":"ﾐﾅﾐﾀﾞｲ","town_name":"南台","zip_code":"3150035"},{"prefecture_jis_code":"08","city_jis_code":"08205","town_name_kana":"ﾐﾑﾗ","town_name":"三村","zip_code":"3150048"},{"prefecture_jis_code":"08","city_jis_code":"08205","town_name_kana":"ﾐﾔｶﾞｻｷ","town_name":"宮ケ崎","zip_code":"3150123"},{"prefecture_jis_code":"08","city_jis_code":"08205","town_name_kana":"ﾑﾗｶﾐ","town_name":"村上","zip_code":"3150008"},{"prefecture_jis_code":"08","city_jis_code":"08205","town_name_kana":"ﾔﾏｻﾞｷ","town_name":"山崎","zip_code":"3150125"},{"prefecture_jis_code":"08","city_jis_code":"08205","town_name_kana":"ﾔﾑｶｲﾁｮｳ","town_name":"谷向町","zip_code":"3150003"},{"prefecture_jis_code":"08","city_jis_code":"08205","town_name_kana":"ﾕﾂﾞﾘ","town_name":"弓弦","zip_code":"3150142"},{"prefecture_jis_code":"08","city_jis_code":"08205","town_name_kana":"ﾖｼｳ","town_name":"吉生","zip_code":"3150156"},{"prefecture_jis_code":"08","city_jis_code":"08205","town_name_kana":"ﾘｭｳﾒｲ","town_name":"龍明","zip_code":"3150167"},{"prefecture_jis_code":"08","city_jis_code":"08205","town_name_kana":"ﾜｶﾏﾂ","town_name":"若松","zip_code":"3150018"},{"prefecture_jis_code":"08","city_jis_code":"08205","town_name_kana":"ﾜｶﾐﾔ","town_name":"若宮","zip_code":"3150017"}]