[{"prefecture_jis_code":"08","city_jis_code":"08204","town_name_kana":"ｱｻﾋﾁｮｳ","town_name":"旭町","zip_code":"3060012"},{"prefecture_jis_code":"08","city_jis_code":"08204","town_name_kana":"ｱﾗｸﾀﾞ","town_name":"新久田","zip_code":"3060044"},{"prefecture_jis_code":"08","city_jis_code":"08204","town_name_kana":"ｲｻｺﾞｲｼﾝﾃﾞﾝ","town_name":"砂井新田","zip_code":"3060224"},{"prefecture_jis_code":"08","city_jis_code":"08204","town_name_kana":"ｲｿﾍﾞ","town_name":"磯部","zip_code":"3060225"},{"prefecture_jis_code":"08","city_jis_code":"08204","town_name_kana":"ｲﾅﾐﾔ","town_name":"稲宮","zip_code":"3060202"},{"prefecture_jis_code":"08","city_jis_code":"08204","town_name_kana":"ｴｸﾞﾁ","town_name":"江口","zip_code":"3060105"},{"prefecture_jis_code":"08","city_jis_code":"08204","town_name_kana":"ｵｵﾂﾂﾐ","town_name":"大堤","zip_code":"3060236"},{"prefecture_jis_code":"08","city_jis_code":"08204","town_name_kana":"ｵｵﾃﾏﾁ","town_name":"大手町","zip_code":"3060032"},{"prefecture_jis_code":"08","city_jis_code":"08204","town_name_kana":"ｵｵﾔﾏ","town_name":"大山","zip_code":"3060052"},{"prefecture_jis_code":"08","city_jis_code":"08204","town_name_kana":"ｵｵﾜﾀﾞ","town_name":"大和田","zip_code":"3060111"},{"prefecture_jis_code":"08","city_jis_code":"08204","town_name_kana":"ｵｶｻﾞﾄ","town_name":"丘里","zip_code":"3060206"},{"prefecture_jis_code":"08","city_jis_code":"08204","town_name_kana":"ｵｻｷ","town_name":"尾崎","zip_code":"3060101"},{"prefecture_jis_code":"08","city_jis_code":"08204","town_name_kana":"ｵﾅﾇﾏ","town_name":"女沼","zip_code":"3060226"},{"prefecture_jis_code":"08","city_jis_code":"08204","town_name_kana":"ｵﾝﾅ","town_name":"恩名","zip_code":"3060104"},{"prefecture_jis_code":"08","city_jis_code":"08204","town_name_kana":"ｶｽﾞﾛｳ","town_name":"葛生","zip_code":"3060211"},{"prefecture_jis_code":"08","city_jis_code":"08204","town_name_kana":"ｶﾐｲｻｺﾞｲ","town_name":"上砂井","zip_code":"3060223"},{"prefecture_jis_code":"08","city_jis_code":"08204","town_name_kana":"ｶﾐｵｵﾉ","town_name":"上大野","zip_code":"3060201"},{"prefecture_jis_code":"08","city_jis_code":"08204","town_name_kana":"ｶﾐｶﾀﾀ","town_name":"上片田","zip_code":"3060128"},{"prefecture_jis_code":"08","city_jis_code":"08204","town_name_kana":"ｶﾐﾍﾐ","town_name":"上辺見","zip_code":"3060234"},{"prefecture_jis_code":"08","city_jis_code":"08204","town_name_kana":"ｶﾐﾜﾀﾞ","town_name":"上和田","zip_code":"3060122"},{"prefecture_jis_code":"08","city_jis_code":"08204","town_name_kana":"ｷﾀﾄﾈ","town_name":"北利根","zip_code":"3060213"},{"prefecture_jis_code":"08","city_jis_code":"08204","town_name_kana":"ｷﾀﾏﾁ","town_name":"北町","zip_code":"3060005"},{"prefecture_jis_code":"08","city_jis_code":"08204","town_name_kana":"ｷﾀﾏﾅｶﾊﾞｼ","town_name":"北間中橋","zip_code":"3060106"},{"prefecture_jis_code":"08","city_jis_code":"08204","town_name_kana":"ｷﾀﾔﾏﾀ","town_name":"北山田","zip_code":"3060115"},{"prefecture_jis_code":"08","city_jis_code":"08204","town_name_kana":"ｸﾉｳ","town_name":"久能","zip_code":"3060212"},{"prefecture_jis_code":"08","city_jis_code":"08204","town_name_kana":"ｹﾔｷﾀﾞｲﾗ","town_name":"けやき平","zip_code":"3060055"},{"prefecture_jis_code":"08","city_jis_code":"08204","town_name_kana":"ｺｳﾉｽ","town_name":"鴻巣","zip_code":"3060041"},{"prefecture_jis_code":"08","city_jis_code":"08204","town_name_kana":"ｺｳﾔ","town_name":"高野","zip_code":"3060214"},{"prefecture_jis_code":"08","city_jis_code":"08204","town_name_kana":"ｺｶﾞ","town_name":"古河","zip_code":"3060016"},{"prefecture_jis_code":"08","city_jis_code":"08204","town_name_kana":"ｺﾂﾞﾂﾐ","town_name":"小堤","zip_code":"3060231"},{"prefecture_jis_code":"08","city_jis_code":"08204","town_name_kana":"ｺﾏｶﾞｻｷ","town_name":"駒ケ崎","zip_code":"3060045"},{"prefecture_jis_code":"08","city_jis_code":"08204","town_name_kana":"ｺﾏｺﾞﾒ","town_name":"駒込","zip_code":"3060121"},{"prefecture_jis_code":"08","city_jis_code":"08204","town_name_kana":"ｺﾏﾊﾈ","town_name":"駒羽根","zip_code":"3060221"},{"prefecture_jis_code":"08","city_jis_code":"08204","town_name_kana":"ｺﾞﾍｲ","town_name":"五部","zip_code":"3060123"},{"prefecture_jis_code":"08","city_jis_code":"08204","town_name_kana":"ｻｲﾜｲﾁｮｳ","town_name":"幸町","zip_code":"3060024"},{"prefecture_jis_code":"08","city_jis_code":"08204","town_name_kana":"ｻｶﾏ","town_name":"坂間","zip_code":"3060056"},{"prefecture_jis_code":"08","city_jis_code":"08204","town_name_kana":"ｻｸﾗﾏﾁ","town_name":"桜町","zip_code":"3060036"},{"prefecture_jis_code":"08","city_jis_code":"08204","town_name_kana":"ｻﾝﾜ","town_name":"三和","zip_code":"3060042"},{"prefecture_jis_code":"08","city_jis_code":"08204","town_name_kana":"ｼｬｶ","town_name":"釈迦","zip_code":"3060222"},{"prefecture_jis_code":"08","city_jis_code":"08204","town_name_kana":"ｼｽﾞｶﾏﾁ","town_name":"静町","zip_code":"3060001"},{"prefecture_jis_code":"08","city_jis_code":"08204","town_name_kana":"ｼﾓｵｵﾉ","town_name":"下大野","zip_code":"3060204"},{"prefecture_jis_code":"08","city_jis_code":"08204","town_name_kana":"ｼﾓｶﾀﾀ","town_name":"下片田","zip_code":"3060127"},{"prefecture_jis_code":"08","city_jis_code":"08204","town_name_kana":"ｼﾓﾍﾐ","town_name":"下辺見","zip_code":"3060235"},{"prefecture_jis_code":"08","city_jis_code":"08204","town_name_kana":"ｼﾓﾔﾏﾁｮｳ","town_name":"下山町","zip_code":"3060014"},{"prefecture_jis_code":"08","city_jis_code":"08204","town_name_kana":"ｼﾝﾜﾀﾞ","town_name":"新和田","zip_code":"3060116"},{"prefecture_jis_code":"08","city_jis_code":"08204","town_name_kana":"ｾｷﾄﾞ","town_name":"関戸","zip_code":"3060205"},{"prefecture_jis_code":"08","city_jis_code":"08204","town_name_kana":"ﾀﾂｻﾞｷ","town_name":"立崎","zip_code":"3060047"},{"prefecture_jis_code":"08","city_jis_code":"08204","town_name_kana":"ﾁｬﾔｼﾝﾃﾞﾝ","town_name":"茶屋新田","zip_code":"3060051"},{"prefecture_jis_code":"08","city_jis_code":"08204","town_name_kana":"ﾁｭｳｵｳﾁｮｳ","town_name":"中央町","zip_code":"3060033"},{"prefecture_jis_code":"08","city_jis_code":"08204","town_name_kana":"ﾁｮｳｻﾞｴﾓﾝｼﾝﾃﾞﾝ","town_name":"長左エ門新田","zip_code":"3060103"},{"prefecture_jis_code":"08","city_jis_code":"08204","town_name_kana":"ﾄｷﾜﾁｮｳ","town_name":"常盤町","zip_code":"3060007"},{"prefecture_jis_code":"08","city_jis_code":"08204","town_name_kana":"ﾄﾘﾊﾐ","town_name":"鳥喰","zip_code":"3060043"},{"prefecture_jis_code":"08","city_jis_code":"08204","town_name_kana":"ﾅｶﾀﾞ","town_name":"中田","zip_code":"3060053"},{"prefecture_jis_code":"08","city_jis_code":"08204","town_name_kana":"ﾅｶﾀﾞｼﾝﾃﾞﾝ","town_name":"中田新田","zip_code":"3060054"},{"prefecture_jis_code":"08","city_jis_code":"08204","town_name_kana":"ﾅｻｷ","town_name":"名崎","zip_code":"3060110"},{"prefecture_jis_code":"08","city_jis_code":"08204","town_name_kana":"ﾆｼｳｼｶﾞﾔ","town_name":"西牛谷","zip_code":"3060233"},{"prefecture_jis_code":"08","city_jis_code":"08204","town_name_kana":"ﾆｼｷﾁｮｳ","town_name":"錦町","zip_code":"3060037"},{"prefecture_jis_code":"08","city_jis_code":"08204","town_name_kana":"ﾆｼﾏﾁ","town_name":"西町","zip_code":"3060038"},{"prefecture_jis_code":"08","city_jis_code":"08204","town_name_kana":"ﾆｼﾏﾅｶﾊﾞｼ","town_name":"西間中橋","zip_code":"3060109"},{"prefecture_jis_code":"08","city_jis_code":"08204","town_name_kana":"ﾆﾚｲ","town_name":"仁連","zip_code":"3060125"},{"prefecture_jis_code":"08","city_jis_code":"08204","town_name_kana":"ﾊｾ","town_name":"長谷","zip_code":"3060035"},{"prefecture_jis_code":"08","city_jis_code":"08204","town_name_kana":"ﾊｾﾏﾁ","town_name":"長谷町","zip_code":"3060034"},{"prefecture_jis_code":"08","city_jis_code":"08204","town_name_kana":"ﾊﾗ","town_name":"原","zip_code":"3060026"},{"prefecture_jis_code":"08","city_jis_code":"08204","town_name_kana":"ﾊﾗﾏﾁ","town_name":"原町","zip_code":"3060025"},{"prefecture_jis_code":"08","city_jis_code":"08204","town_name_kana":"ﾋｶﾞｼ","town_name":"東","zip_code":"3060011"},{"prefecture_jis_code":"08","city_jis_code":"08204","town_name_kana":"ﾋｶﾞｼｳｼｶﾞﾔ","town_name":"東牛谷","zip_code":"3060232"},{"prefecture_jis_code":"08","city_jis_code":"08204","town_name_kana":"ﾋｶﾞｼﾎﾝﾁｮｳ","town_name":"東本町","zip_code":"3060013"},{"prefecture_jis_code":"08","city_jis_code":"08204","town_name_kana":"ﾋｶﾞｼﾏﾅｶﾊﾞｼ","town_name":"東間中橋","zip_code":"3060107"},{"prefecture_jis_code":"08","city_jis_code":"08204","town_name_kana":"ﾋｶﾞｼﾓﾛｶﾜ","town_name":"東諸川","zip_code":"3060124"},{"prefecture_jis_code":"08","city_jis_code":"08204","town_name_kana":"ﾋｶﾞｼﾔﾏﾀ","town_name":"東山田","zip_code":"3060112"},{"prefecture_jis_code":"08","city_jis_code":"08204","town_name_kana":"ﾍｲﾜﾏﾁ","town_name":"平和町","zip_code":"3060006"},{"prefecture_jis_code":"08","city_jis_code":"08204","town_name_kana":"ﾎﾝﾁｮｳ","town_name":"本町","zip_code":"3060023"},{"prefecture_jis_code":"08","city_jis_code":"08204","town_name_kana":"ﾏｴﾊﾞﾔｼ","town_name":"前林","zip_code":"3060216"},{"prefecture_jis_code":"08","city_jis_code":"08204","town_name_kana":"ﾏｷﾉｼﾞ","town_name":"牧野地","zip_code":"3060046"},{"prefecture_jis_code":"08","city_jis_code":"08204","town_name_kana":"ﾏﾂﾅﾐ","town_name":"松並","zip_code":"3060021"},{"prefecture_jis_code":"08","city_jis_code":"08204","town_name_kana":"ﾐｽｷﾞﾁｮｳ","town_name":"三杉町","zip_code":"3060002"},{"prefecture_jis_code":"08","city_jis_code":"08204","town_name_kana":"ﾐｽﾞｳﾐ","town_name":"水海","zip_code":"3060215"},{"prefecture_jis_code":"08","city_jis_code":"08204","town_name_kana":"ﾐﾄﾞﾘﾁｮｳ","town_name":"緑町","zip_code":"3060003"},{"prefecture_jis_code":"08","city_jis_code":"08204","town_name_kana":"ﾐﾅﾐﾁｮｳ","town_name":"南町","zip_code":"3060015"},{"prefecture_jis_code":"08","city_jis_code":"08204","town_name_kana":"ﾐﾅﾐﾏﾅｶﾊﾞｼ","town_name":"南間中橋","zip_code":"3060108"},{"prefecture_jis_code":"08","city_jis_code":"08204","town_name_kana":"ﾐﾔﾏｴﾁｮｳ","town_name":"宮前町","zip_code":"3060031"},{"prefecture_jis_code":"08","city_jis_code":"08204","town_name_kana":"ﾓﾛｶﾜ","town_name":"諸川","zip_code":"3060126"},{"prefecture_jis_code":"08","city_jis_code":"08204","town_name_kana":"ﾔｶﾞｲ","town_name":"谷貝","zip_code":"3060113"},{"prefecture_jis_code":"08","city_jis_code":"08204","town_name_kana":"ﾔｷﾞﾊｼ","town_name":"柳橋","zip_code":"3060203"},{"prefecture_jis_code":"08","city_jis_code":"08204","town_name_kana":"ﾔﾏﾀ","town_name":"山田","zip_code":"3060114"},{"prefecture_jis_code":"08","city_jis_code":"08204","town_name_kana":"ﾖｺﾔﾏﾁｮｳ","town_name":"横山町","zip_code":"3060022"},{"prefecture_jis_code":"08","city_jis_code":"08204","town_name_kana":"ﾗｲﾃﾞﾝﾁｮｳ","town_name":"雷電町","zip_code":"3060004"}]