[{"prefecture_jis_code":"08","city_jis_code":"08214","town_name_kana":"ｱｶﾊﾏ","town_name":"赤浜","zip_code":"3180001"},{"prefecture_jis_code":"08","city_jis_code":"08214","town_name_kana":"ｱｷﾔﾏ","town_name":"秋山","zip_code":"3180024"},{"prefecture_jis_code":"08","city_jis_code":"08214","town_name_kana":"ｱﾗｶﾜ","town_name":"安良川","zip_code":"3180021"},{"prefecture_jis_code":"08","city_jis_code":"08214","town_name_kana":"ｱﾘｱｹﾁｮｳ","town_name":"有明町","zip_code":"3180012"},{"prefecture_jis_code":"08","city_jis_code":"08214","town_name_kana":"ｲｼﾀｷ","town_name":"石滝","zip_code":"3180022"},{"prefecture_jis_code":"08","city_jis_code":"08214","town_name_kana":"ｵｵﾉ","town_name":"大能","zip_code":"3180103"},{"prefecture_jis_code":"08","city_jis_code":"08214","town_name_kana":"ｶｽｶﾞﾁｮｳ","town_name":"春日町","zip_code":"3180031"},{"prefecture_jis_code":"08","city_jis_code":"08214","town_name_kana":"ｶﾐｷﾐﾀﾞ","town_name":"上君田","zip_code":"3180105"},{"prefecture_jis_code":"08","city_jis_code":"08214","town_name_kana":"ｶﾐﾃﾂﾞﾅ","town_name":"上手綱","zip_code":"3180004"},{"prefecture_jis_code":"08","city_jis_code":"08214","town_name_kana":"ｼﾏﾅ","town_name":"島名","zip_code":"3180023"},{"prefecture_jis_code":"08","city_jis_code":"08214","town_name_kana":"ｼﾓｷﾐﾀﾞ","town_name":"下君田","zip_code":"3180106"},{"prefecture_jis_code":"08","city_jis_code":"08214","town_name_kana":"ｼﾓﾃﾂﾞﾅ","town_name":"下手綱","zip_code":"3180003"},{"prefecture_jis_code":"08","city_jis_code":"08214","town_name_kana":"ﾀｶﾄﾞ","town_name":"高戸","zip_code":"3180002"},{"prefecture_jis_code":"08","city_jis_code":"08214","town_name_kana":"ﾀｶﾊｷﾞ","town_name":"高萩","zip_code":"3180034"},{"prefecture_jis_code":"08","city_jis_code":"08214","town_name_kana":"ﾀｶﾊﾏﾁｮｳ","town_name":"高浜町","zip_code":"3180013"},{"prefecture_jis_code":"08","city_jis_code":"08214","town_name_kana":"ﾅｶﾄﾞｶﾞﾜ","town_name":"中戸川","zip_code":"3180104"},{"prefecture_jis_code":"08","city_jis_code":"08214","town_name_kana":"ﾋｶﾞｼﾎﾝﾁｮｳ","town_name":"東本町","zip_code":"3180014"},{"prefecture_jis_code":"08","city_jis_code":"08214","town_name_kana":"ﾋｾﾞﾝﾁｮｳ","town_name":"肥前町","zip_code":"3180011"},{"prefecture_jis_code":"08","city_jis_code":"08214","town_name_kana":"ﾌｸﾀﾞｲﾗ","town_name":"福平","zip_code":"3180025"},{"prefecture_jis_code":"08","city_jis_code":"08214","town_name_kana":"ﾎﾝﾁｮｳ","town_name":"本町","zip_code":"3180033"},{"prefecture_jis_code":"08","city_jis_code":"08214","town_name_kana":"ﾎﾞｳｶｲ","town_name":"望海","zip_code":"3180005"},{"prefecture_jis_code":"08","city_jis_code":"08214","town_name_kana":"ﾔﾏﾄﾁｮｳ","town_name":"大和町","zip_code":"3180032"},{"prefecture_jis_code":"08","city_jis_code":"08214","town_name_kana":"ﾖｺｶﾜ","town_name":"横川","zip_code":"3180101"},{"prefecture_jis_code":"08","city_jis_code":"08214","town_name_kana":"ﾜｶｸﾞﾘ","town_name":"若栗","zip_code":"3180102"}]