[{"prefecture_jis_code":"08","city_jis_code":"08225","town_name_kana":"ｱｷﾀ","town_name":"秋田","zip_code":"3114611"},{"prefecture_jis_code":"08","city_jis_code":"08225","town_name_kana":"ｲｼｻﾞﾜ","town_name":"石沢","zip_code":"3192135"},{"prefecture_jis_code":"08","city_jis_code":"08225","town_name_kana":"ｲｽﾞﾐ","town_name":"泉","zip_code":"3192144"},{"prefecture_jis_code":"08","city_jis_code":"08225","town_name_kana":"ｲﾘﾎﾝｺﾞｳ","town_name":"入本郷","zip_code":"3192415"},{"prefecture_jis_code":"08","city_jis_code":"08225","town_name_kana":"ｲﾜｻﾞｷ","town_name":"岩崎","zip_code":"3192211"},{"prefecture_jis_code":"08","city_jis_code":"08225","town_name_kana":"ｳﾊﾞｶﾞﾁｮｳ","town_name":"姥賀町","zip_code":"3192251"},{"prefecture_jis_code":"08","city_jis_code":"08225","town_name_kana":"ｳﾙﾉ","town_name":"宇留野","zip_code":"3192145"},{"prefecture_jis_code":"08","city_jis_code":"08225","town_name_kana":"ｵｵｲﾜ","town_name":"大岩","zip_code":"3192418"},{"prefecture_jis_code":"08","city_jis_code":"08225","town_name_kana":"ｵｸﾞﾗ","town_name":"小倉","zip_code":"3192203"},{"prefecture_jis_code":"08","city_jis_code":"08225","town_name_kana":"ｵｻﾀﾞ","town_name":"長田","zip_code":"3193116"},{"prefecture_jis_code":"08","city_jis_code":"08225","town_name_kana":"ｵｾｻﾞﾜ","town_name":"小瀬沢","zip_code":"3192412"},{"prefecture_jis_code":"08","city_jis_code":"08225","town_name_kana":"ｵﾀﾉ","town_name":"小田野","zip_code":"3192602"},{"prefecture_jis_code":"08","city_jis_code":"08225","town_name_kana":"ｵﾀﾞﾏ","town_name":"小玉","zip_code":"3192405"},{"prefecture_jis_code":"08","city_jis_code":"08225","town_name_kana":"ｵﾇｷ","town_name":"小貫","zip_code":"3193112"},{"prefecture_jis_code":"08","city_jis_code":"08225","town_name_kana":"ｵﾉ","town_name":"小野","zip_code":"3192133"},{"prefecture_jis_code":"08","city_jis_code":"08225","town_name_kana":"ｵﾊﾞ","town_name":"小場","zip_code":"3192132"},{"prefecture_jis_code":"08","city_jis_code":"08225","town_name_kana":"ｶﾄﾞｲ","town_name":"門井","zip_code":"3114501"},{"prefecture_jis_code":"08","city_jis_code":"08225","town_name_kana":"ｶﾅｲ","town_name":"金井","zip_code":"3114614"},{"prefecture_jis_code":"08","city_jis_code":"08225","town_name_kana":"ｶﾐｲｾﾊﾀ","town_name":"上伊勢畑","zip_code":"3114617"},{"prefecture_jis_code":"08","city_jis_code":"08225","town_name_kana":"ｶﾐｲﾜｾ","town_name":"上岩瀬","zip_code":"3192142"},{"prefecture_jis_code":"08","city_jis_code":"08225","town_name_kana":"ｶﾐｵｵｶﾞ","town_name":"上大賀","zip_code":"3192212"},{"prefecture_jis_code":"08","city_jis_code":"08225","town_name_kana":"ｶﾐｵｾ","town_name":"上小瀬","zip_code":"3192401"},{"prefecture_jis_code":"08","city_jis_code":"08225","town_name_kana":"ｶﾐﾁｮｳ","town_name":"上町","zip_code":"3192261"},{"prefecture_jis_code":"08","city_jis_code":"08225","town_name_kana":"ｶﾐﾋｻﾞﾜ","town_name":"上檜沢","zip_code":"3192511"},{"prefecture_jis_code":"08","city_jis_code":"08225","town_name_kana":"ｶﾐﾑﾗﾀ","town_name":"上村田","zip_code":"3192136"},{"prefecture_jis_code":"08","city_jis_code":"08225","town_name_kana":"ｷﾀｼｵｺﾞ","town_name":"北塩子","zip_code":"3192226"},{"prefecture_jis_code":"08","city_jis_code":"08225","town_name_kana":"ｷﾀﾁｮｳ","town_name":"北町","zip_code":"3192254"},{"prefecture_jis_code":"08","city_jis_code":"08225","town_name_kana":"ｷﾀﾄﾐﾀﾞ","town_name":"北富田","zip_code":"3193104"},{"prefecture_jis_code":"08","city_jis_code":"08225","town_name_kana":"ｸﾆｵｻ","town_name":"国長","zip_code":"3192404"},{"prefecture_jis_code":"08","city_jis_code":"08225","town_name_kana":"ｸﾘｭｳ","town_name":"久隆","zip_code":"3193101"},{"prefecture_jis_code":"08","city_jis_code":"08225","town_name_kana":"ｺｲﾜｲ","town_name":"小祝","zip_code":"3192213"},{"prefecture_jis_code":"08","city_jis_code":"08225","town_name_kana":"ｺｳｷﾞｮｳﾀﾞﾝﾁ","town_name":"工業団地","zip_code":"3192134"},{"prefecture_jis_code":"08","city_jis_code":"08225","town_name_kana":"ｺﾌﾞﾈ","town_name":"小舟","zip_code":"3192411"},{"prefecture_jis_code":"08","city_jis_code":"08225","town_name_kana":"ｻｶｴﾁｮｳ","town_name":"栄町","zip_code":"3192264"},{"prefecture_jis_code":"08","city_jis_code":"08225","town_name_kana":"ｼｵﾊﾞﾗ","town_name":"塩原","zip_code":"3192202"},{"prefecture_jis_code":"08","city_jis_code":"08225","town_name_kana":"ｼﾓｲｾﾊﾀ","town_name":"下伊勢畑","zip_code":"3114615"},{"prefecture_jis_code":"08","city_jis_code":"08225","town_name_kana":"ｼﾓｲﾜｾ","town_name":"下岩瀬","zip_code":"3192141"},{"prefecture_jis_code":"08","city_jis_code":"08225","town_name_kana":"ｼﾓｵｾ","town_name":"下小瀬","zip_code":"3192402"},{"prefecture_jis_code":"08","city_jis_code":"08225","town_name_kana":"ｼﾓﾁｮｳ","town_name":"下町","zip_code":"3192262"},{"prefecture_jis_code":"08","city_jis_code":"08225","town_name_kana":"ｼﾓﾋｻﾞﾜ","town_name":"下檜沢","zip_code":"3192512"},{"prefecture_jis_code":"08","city_jis_code":"08225","town_name_kana":"ｼﾓﾑﾗﾀ","town_name":"下村田","zip_code":"3192131"},{"prefecture_jis_code":"08","city_jis_code":"08225","town_name_kana":"ｾﾝﾀﾞ","town_name":"千田","zip_code":"3192416"},{"prefecture_jis_code":"08","city_jis_code":"08225","town_name_kana":"ﾀｶｽ","town_name":"鷹巣","zip_code":"3192214"},{"prefecture_jis_code":"08","city_jis_code":"08225","town_name_kana":"ﾀｶﾌﾞ","town_name":"高部","zip_code":"3192601"},{"prefecture_jis_code":"08","city_jis_code":"08225","town_name_kana":"ﾀｶﾜﾀﾘﾁｮｳ","town_name":"高渡町","zip_code":"3192253"},{"prefecture_jis_code":"08","city_jis_code":"08225","town_name_kana":"ﾀｺﾞｳﾁﾁｮｳ","town_name":"田子内町","zip_code":"3192256"},{"prefecture_jis_code":"08","city_jis_code":"08225","town_name_kana":"ﾀﾂﾉｸﾁ","town_name":"辰ノ口","zip_code":"3192201"},{"prefecture_jis_code":"08","city_jis_code":"08225","town_name_kana":"ﾃﾙﾀﾞ","town_name":"照田","zip_code":"3192227"},{"prefecture_jis_code":"08","city_jis_code":"08225","town_name_kana":"ﾃﾙﾔﾏ","town_name":"照山","zip_code":"3193113"},{"prefecture_jis_code":"08","city_jis_code":"08225","town_name_kana":"ﾄｳﾉ","town_name":"東野","zip_code":"3192224"},{"prefecture_jis_code":"08","city_jis_code":"08225","town_name_kana":"ﾄﾐｵｶ","town_name":"富岡","zip_code":"3192204"},{"prefecture_jis_code":"08","city_jis_code":"08225","town_name_kana":"ﾄﾘﾉｺ","town_name":"鷲子","zip_code":"3192603"},{"prefecture_jis_code":"08","city_jis_code":"08225","town_name_kana":"ﾅｶ","town_name":"那賀","zip_code":"3192403"},{"prefecture_jis_code":"08","city_jis_code":"08225","town_name_kana":"ﾅｶｲ","town_name":"中居","zip_code":"3114612"},{"prefecture_jis_code":"08","city_jis_code":"08225","town_name_kana":"ﾅｶﾄﾐﾁｮｳ","town_name":"中富町","zip_code":"3192265"},{"prefecture_jis_code":"08","city_jis_code":"08225","town_name_kana":"ﾅｶﾞｸﾗ","town_name":"長倉","zip_code":"3114613"},{"prefecture_jis_code":"08","city_jis_code":"08225","town_name_kana":"ﾅｶﾞｻﾜ","town_name":"長沢","zip_code":"3193117"},{"prefecture_jis_code":"08","city_jis_code":"08225","town_name_kana":"ﾆｼｼｵｺﾞ","town_name":"西塩子","zip_code":"3192225"},{"prefecture_jis_code":"08","city_jis_code":"08225","town_name_kana":"ﾆｼﾉｳﾁ","town_name":"西野内","zip_code":"3193106"},{"prefecture_jis_code":"08","city_jis_code":"08225","town_name_kana":"ﾈﾓﾄ","town_name":"根本","zip_code":"3192143"},{"prefecture_jis_code":"08","city_jis_code":"08225","town_name_kana":"ﾉｶﾞﾐ","town_name":"野上","zip_code":"3193114"},{"prefecture_jis_code":"08","city_jis_code":"08225","town_name_kana":"ﾉｸﾞﾁ","town_name":"野口","zip_code":"3114503"},{"prefecture_jis_code":"08","city_jis_code":"08225","town_name_kana":"ﾉｸﾞﾁﾀﾞｲﾗ","town_name":"野口平","zip_code":"3114502"},{"prefecture_jis_code":"08","city_jis_code":"08225","town_name_kana":"ﾉﾀﾞ","town_name":"野田","zip_code":"3114618"},{"prefecture_jis_code":"08","city_jis_code":"08225","town_name_kana":"ﾉﾅｶﾁｮｳ","town_name":"野中町","zip_code":"3192255"},{"prefecture_jis_code":"08","city_jis_code":"08225","town_name_kana":"ﾊｯﾀ","town_name":"八田","zip_code":"3192221"},{"prefecture_jis_code":"08","city_jis_code":"08225","town_name_kana":"ﾋｶﾞｼﾄﾐﾁｮｳ","town_name":"東富町","zip_code":"3192252"},{"prefecture_jis_code":"08","city_jis_code":"08225","town_name_kana":"ﾋﾉｻﾜ","town_name":"氷之沢","zip_code":"3192513"},{"prefecture_jis_code":"08","city_jis_code":"08225","town_name_kana":"ﾋﾔﾏ","town_name":"桧山","zip_code":"3114616"},{"prefecture_jis_code":"08","city_jis_code":"08225","town_name_kana":"ﾌﾆｭｳ","town_name":"舟生","zip_code":"3193107"},{"prefecture_jis_code":"08","city_jis_code":"08225","town_name_kana":"ﾏﾂﾉｸｻ","town_name":"松之草","zip_code":"3192413"},{"prefecture_jis_code":"08","city_jis_code":"08225","town_name_kana":"ﾐﾅﾐﾁｮｳ","town_name":"南町","zip_code":"3192263"},{"prefecture_jis_code":"08","city_jis_code":"08225","town_name_kana":"ﾐﾔﾉｻﾄ","town_name":"宮の郷","zip_code":"3192205"},{"prefecture_jis_code":"08","city_jis_code":"08225","town_name_kana":"ﾐﾖｼ","town_name":"三美","zip_code":"3192223"},{"prefecture_jis_code":"08","city_jis_code":"08225","town_name_kana":"ﾓﾘｶﾞﾈ","town_name":"盛金","zip_code":"3193102"},{"prefecture_jis_code":"08","city_jis_code":"08225","town_name_kana":"ﾓﾛｻﾞﾜ","town_name":"諸沢","zip_code":"3193105"},{"prefecture_jis_code":"08","city_jis_code":"08225","town_name_kana":"ﾔﾏｶﾞﾀ","town_name":"山方","zip_code":"3193111"},{"prefecture_jis_code":"08","city_jis_code":"08225","town_name_kana":"ﾔﾜﾗ","town_name":"家和楽","zip_code":"3193103"},{"prefecture_jis_code":"08","city_jis_code":"08225","town_name_kana":"ﾕｶﾞﾀﾞｲﾁｮｳ","town_name":"抽ケ台町","zip_code":"3192266"},{"prefecture_jis_code":"08","city_jis_code":"08225","town_name_kana":"ﾕｺﾞｳﾄ","town_name":"油河内","zip_code":"3192417"},{"prefecture_jis_code":"08","city_jis_code":"08225","town_name_kana":"ﾖｼﾏﾙ","town_name":"吉丸","zip_code":"3192414"},{"prefecture_jis_code":"08","city_jis_code":"08225","town_name_kana":"ﾜｶﾊﾞﾔｼ","town_name":"若林","zip_code":"3192222"}]