[{"prefecture_jis_code":"08","city_jis_code":"08227","town_name_kana":"ｱｶﾊﾏ","town_name":"赤浜","zip_code":"3004523"},{"prefecture_jis_code":"08","city_jis_code":"08227","town_name_kana":"ｱｻﾋｶﾞｵｶ","town_name":"旭ケ丘","zip_code":"3080836"},{"prefecture_jis_code":"08","city_jis_code":"08227","town_name_kana":"ｱﾗｲｼﾝﾃﾞﾝ","town_name":"新井新田","zip_code":"3004516"},{"prefecture_jis_code":"08","city_jis_code":"08227","town_name_kana":"ｱﾘﾀ","town_name":"有田","zip_code":"3004512"},{"prefecture_jis_code":"08","city_jis_code":"08227","town_name_kana":"ｲｯﾎﾟﾝﾏﾂ","town_name":"一本松","zip_code":"3080842"},{"prefecture_jis_code":"08","city_jis_code":"08227","town_name_kana":"ｲｲｼﾞﾏ","town_name":"飯島","zip_code":"3080064"},{"prefecture_jis_code":"08","city_jis_code":"08227","town_name_kana":"ｲｲﾀﾞ","town_name":"飯田","zip_code":"3080835"},{"prefecture_jis_code":"08","city_jis_code":"08227","town_name_kana":"ｲｻﾐ","town_name":"伊讃美","zip_code":"3080853"},{"prefecture_jis_code":"08","city_jis_code":"08227","town_name_kana":"ｲｻﾔﾏ","town_name":"伊佐山","zip_code":"3080856"},{"prefecture_jis_code":"08","city_jis_code":"08227","town_name_kana":"ｲｼﾄｳ","town_name":"石塔","zip_code":"3080075"},{"prefecture_jis_code":"08","city_jis_code":"08227","town_name_kana":"ｲｼﾊﾗﾀﾞ","town_name":"石原田","zip_code":"3080055"},{"prefecture_jis_code":"08","city_jis_code":"08227","town_name_kana":"ｲｽﾞﾐ","town_name":"泉","zip_code":"3080076"},{"prefecture_jis_code":"08","city_jis_code":"08227","town_name_kana":"ｲﾀﾊﾞｼ","town_name":"板橋","zip_code":"3080116"},{"prefecture_jis_code":"08","city_jis_code":"08227","town_name_kana":"ｲﾁﾉﾍﾞ","town_name":"市野辺","zip_code":"3080827"},{"prefecture_jis_code":"08","city_jis_code":"08227","town_name_kana":"ｲﾃﾞｴﾋﾞｻﾜ","town_name":"井出蛯沢","zip_code":"3091108"},{"prefecture_jis_code":"08","city_jis_code":"08227","town_name_kana":"ｲﾅﾉﾍﾞ","town_name":"稲野辺","zip_code":"3080805"},{"prefecture_jis_code":"08","city_jis_code":"08227","town_name_kana":"ｲﾅﾘ","town_name":"稲荷","zip_code":"3080106"},{"prefecture_jis_code":"08","city_jis_code":"08227","town_name_kana":"ｲﾇﾂﾞｶ","town_name":"犬塚","zip_code":"3080117"},{"prefecture_jis_code":"08","city_jis_code":"08227","town_name_kana":"ｲﾉｳｴ","town_name":"井上","zip_code":"3080101"},{"prefecture_jis_code":"08","city_jis_code":"08227","town_name_kana":"ｳｴﾉ","town_name":"上野","zip_code":"3080129"},{"prefecture_jis_code":"08","city_jis_code":"08227","town_name_kana":"ｳﾁﾖﾄﾞ","town_name":"内淀","zip_code":"3004507"},{"prefecture_jis_code":"08","city_jis_code":"08227","town_name_kana":"ｴ","town_name":"江","zip_code":"3080128"},{"prefecture_jis_code":"08","city_jis_code":"08227","town_name_kana":"ｴﾋﾞｴ","town_name":"海老江","zip_code":"3004538"},{"prefecture_jis_code":"08","city_jis_code":"08227","town_name_kana":"ｴﾋﾞｶﾞｼﾏ","town_name":"海老ケ島","zip_code":"3004517"},{"prefecture_jis_code":"08","city_jis_code":"08227","town_name_kana":"ｵｵｼﾏ","town_name":"大島","zip_code":"3091125"},{"prefecture_jis_code":"08","city_jis_code":"08227","town_name_kana":"ｵｵｾﾞｷ","town_name":"大関","zip_code":"3080015"},{"prefecture_jis_code":"08","city_jis_code":"08227","town_name_kana":"ｵｵﾂｶ","town_name":"大塚","zip_code":"3080813"},{"prefecture_jis_code":"08","city_jis_code":"08227","town_name_kana":"ｵｵﾊﾞﾔｼ","town_name":"大林","zip_code":"3004537"},{"prefecture_jis_code":"08","city_jis_code":"08227","town_name_kana":"ｵｵﾔ","town_name":"大谷","zip_code":"3080852"},{"prefecture_jis_code":"08","city_jis_code":"08227","town_name_kana":"ｵｶｾﾞﾘ","town_name":"岡芹","zip_code":"3080051"},{"prefecture_jis_code":"08","city_jis_code":"08227","town_name_kana":"ｵｶﾞﾜ","town_name":"小川","zip_code":"3080857"},{"prefecture_jis_code":"08","city_jis_code":"08227","town_name_kana":"ｵｸﾀﾞ","town_name":"奥田","zip_code":"3080012"},{"prefecture_jis_code":"08","city_jis_code":"08227","town_name_kana":"ｵｸﾞﾘ","town_name":"小栗","zip_code":"3091101"},{"prefecture_jis_code":"08","city_jis_code":"08227","town_name_kana":"ｵｻﾞｶﾀ","town_name":"女方","zip_code":"3080854"},{"prefecture_jis_code":"08","city_jis_code":"08227","town_name_kana":"ｵｼﾋﾞ","town_name":"押尾","zip_code":"3004511"},{"prefecture_jis_code":"08","city_jis_code":"08227","town_name_kana":"ｵﾁｱｲ","town_name":"落合","zip_code":"3080002"},{"prefecture_jis_code":"08","city_jis_code":"08227","town_name_kana":"ｵﾂ","town_name":"乙","zip_code":"3080041"},{"prefecture_jis_code":"08","city_jis_code":"08227","town_name_kana":"ｵﾊﾞﾔｼ","town_name":"小林","zip_code":"3080806"},{"prefecture_jis_code":"08","city_jis_code":"08227","town_name_kana":"ｵﾘﾓﾄ","town_name":"折本","zip_code":"3080007"},{"prefecture_jis_code":"08","city_jis_code":"08227","town_name_kana":"ｶｹﾞｻﾜ","town_name":"嘉家佐和","zip_code":"3080837"},{"prefecture_jis_code":"08","city_jis_code":"08227","town_name_kana":"ｶｼﾞｳﾁ","town_name":"梶内","zip_code":"3080107"},{"prefecture_jis_code":"08","city_jis_code":"08227","town_name_kana":"ｶﾄﾞｲ","town_name":"門井","zip_code":"3091107"},{"prefecture_jis_code":"08","city_jis_code":"08227","town_name_kana":"ｶﾅﾏﾙ","town_name":"金丸","zip_code":"3080804"},{"prefecture_jis_code":"08","city_jis_code":"08227","town_name_kana":"ｶﾐｶﾜﾅｺﾞ","town_name":"上川中子","zip_code":"3080815"},{"prefecture_jis_code":"08","city_jis_code":"08227","town_name_kana":"ｶﾐﾅｶﾔﾏ","town_name":"上中山","zip_code":"3080017"},{"prefecture_jis_code":"08","city_jis_code":"08227","town_name_kana":"ｶﾐﾆｼｺﾞﾔ","town_name":"上西郷谷","zip_code":"3004502"},{"prefecture_jis_code":"08","city_jis_code":"08227","town_name_kana":"ｶﾐﾋﾗﾂｶ","town_name":"上平塚","zip_code":"3080067"},{"prefecture_jis_code":"08","city_jis_code":"08227","town_name_kana":"ｶﾐﾎｼﾔ","town_name":"上星谷","zip_code":"3091111"},{"prefecture_jis_code":"08","city_jis_code":"08227","town_name_kana":"ｶﾐﾜｹ","town_name":"神分","zip_code":"3080063"},{"prefecture_jis_code":"08","city_jis_code":"08227","town_name_kana":"ｶﾜｽﾐ","town_name":"川澄","zip_code":"3080801"},{"prefecture_jis_code":"08","city_jis_code":"08227","town_name_kana":"ｶﾜﾂﾞﾚ","town_name":"川連","zip_code":"3080814"},{"prefecture_jis_code":"08","city_jis_code":"08227","town_name_kana":"ｷﾄﾞ","town_name":"木戸","zip_code":"3080104"},{"prefecture_jis_code":"08","city_jis_code":"08227","town_name_kana":"ｸｼﾞﾗ","town_name":"久地楽","zip_code":"3091103"},{"prefecture_jis_code":"08","city_jis_code":"08227","town_name_kana":"ｸﾁﾄﾞ","town_name":"口戸","zip_code":"3080071"},{"prefecture_jis_code":"08","city_jis_code":"08227","town_name_kana":"ｸﾗﾓﾁ","town_name":"倉持","zip_code":"3004515"},{"prefecture_jis_code":"08","city_jis_code":"08227","town_name_kana":"ｸﾘｼﾏ","town_name":"栗島","zip_code":"3080061"},{"prefecture_jis_code":"08","city_jis_code":"08227","town_name_kana":"ｸﾛｺﾞ","town_name":"黒子","zip_code":"3080102"},{"prefecture_jis_code":"08","city_jis_code":"08227","town_name_kana":"ｸﾜﾔﾏ","town_name":"桑山","zip_code":"3091127"},{"prefecture_jis_code":"08","city_jis_code":"08227","town_name_kana":"ｺｳ","town_name":"甲","zip_code":"3080021"},{"prefecture_jis_code":"08","city_jis_code":"08227","town_name_kana":"ｺｳﾀﾞ","town_name":"国府田","zip_code":"3080004"},{"prefecture_jis_code":"08","city_jis_code":"08227","town_name_kana":"ｺｼｷﾞ","town_name":"子思儀","zip_code":"3080077"},{"prefecture_jis_code":"08","city_jis_code":"08227","town_name_kana":"ｺﾊﾞﾅ","town_name":"小塙","zip_code":"3080862"},{"prefecture_jis_code":"08","city_jis_code":"08227","town_name_kana":"ｺﾞｼｮﾐﾔ","town_name":"五所宮","zip_code":"3080866"},{"prefecture_jis_code":"08","city_jis_code":"08227","town_name_kana":"ｻｲﾜｲﾁｮｳ","town_name":"幸町","zip_code":"3080848"},{"prefecture_jis_code":"08","city_jis_code":"08227","town_name_kana":"ｻｷﾞｼﾏ","town_name":"鷺島","zip_code":"3004532"},{"prefecture_jis_code":"08","city_jis_code":"08227","town_name_kana":"ｻｻﾂﾞｶ","town_name":"笹塚","zip_code":"3080065"},{"prefecture_jis_code":"08","city_jis_code":"08227","town_name_kana":"ｻﾝｵｳﾄﾞｳ","town_name":"山王堂","zip_code":"3004514"},{"prefecture_jis_code":"08","city_jis_code":"08227","town_name_kana":"ｻﾝｺﾞｳ","town_name":"三郷","zip_code":"3091105"},{"prefecture_jis_code":"08","city_jis_code":"08227","town_name_kana":"ｼﾊﾞﾔﾏ","town_name":"柴山","zip_code":"3080072"},{"prefecture_jis_code":"08","city_jis_code":"08227","town_name_kana":"ｼﾏ","town_name":"島","zip_code":"3080823"},{"prefecture_jis_code":"08","city_jis_code":"08227","town_name_kana":"ｼﾐｽﾞ","town_name":"清水","zip_code":"3091126"},{"prefecture_jis_code":"08","city_jis_code":"08227","town_name_kana":"ｼﾓｴﾂﾞﾚ","town_name":"下江連","zip_code":"3080851"},{"prefecture_jis_code":"08","city_jis_code":"08227","town_name_kana":"ｼﾓｵｶｻﾞｷ","town_name":"下岡崎","zip_code":"3080826"},{"prefecture_jis_code":"08","city_jis_code":"08227","town_name_kana":"ｼﾓｶﾜｼﾏ","town_name":"下川島","zip_code":"3080855"},{"prefecture_jis_code":"08","city_jis_code":"08227","town_name_kana":"ｼﾓｶﾜﾅｺﾞ","town_name":"下川中子","zip_code":"3004545"},{"prefecture_jis_code":"08","city_jis_code":"08227","town_name_kana":"ｼﾓｺﾞｳﾔ","town_name":"下郷谷","zip_code":"3091123"},{"prefecture_jis_code":"08","city_jis_code":"08227","town_name_kana":"ｼﾓﾀｶﾀﾞ","town_name":"下高田","zip_code":"3080011"},{"prefecture_jis_code":"08","city_jis_code":"08227","town_name_kana":"ｼﾓﾅｶﾔﾏ","town_name":"下中山","zip_code":"3080825"},{"prefecture_jis_code":"08","city_jis_code":"08227","town_name_kana":"ｼﾓﾉﾄﾞﾉ","town_name":"下野殿","zip_code":"3080844"},{"prefecture_jis_code":"08","city_jis_code":"08227","town_name_kana":"ｼﾓﾋﾗﾂｶ","town_name":"下平塚","zip_code":"3080066"},{"prefecture_jis_code":"08","city_jis_code":"08227","town_name_kana":"ｼﾓﾎｼﾔ","town_name":"下星谷","zip_code":"3091122"},{"prefecture_jis_code":"08","city_jis_code":"08227","town_name_kana":"ｽｶﾞﾔ","town_name":"菅谷","zip_code":"3080052"},{"prefecture_jis_code":"08","city_jis_code":"08227","town_name_kana":"ｾｷﾀﾃ","town_name":"関舘","zip_code":"3080113"},{"prefecture_jis_code":"08","city_jis_code":"08227","town_name_kana":"ｾｷﾓﾄｱｸﾄ","town_name":"関本肥土","zip_code":"3080124"},{"prefecture_jis_code":"08","city_jis_code":"08227","town_name_kana":"ｾｷﾓﾄｶﾐ","town_name":"関本上","zip_code":"3080122"},{"prefecture_jis_code":"08","city_jis_code":"08227","town_name_kana":"ｾｷﾓﾄｶﾐﾅｶ","town_name":"関本上中","zip_code":"3080123"},{"prefecture_jis_code":"08","city_jis_code":"08227","town_name_kana":"ｾｷﾓﾄｼﾓ","town_name":"関本下","zip_code":"3080127"},{"prefecture_jis_code":"08","city_jis_code":"08227","town_name_kana":"ｾｷﾓﾄﾅｶ","town_name":"関本中","zip_code":"3080126"},{"prefecture_jis_code":"08","city_jis_code":"08227","town_name_kana":"ｾｷﾓﾄﾜｹﾅｶ","town_name":"関本分中","zip_code":"3080125"},{"prefecture_jis_code":"08","city_jis_code":"08227","town_name_kana":"ｿｳｶｼﾞﾏ","town_name":"掉ケ島","zip_code":"3080864"},{"prefecture_jis_code":"08","city_jis_code":"08227","town_name_kana":"ﾀｶｼﾏ","town_name":"高島","zip_code":"3080807"},{"prefecture_jis_code":"08","city_jis_code":"08227","town_name_kana":"ﾀｶﾂ","town_name":"高津","zip_code":"3004534"},{"prefecture_jis_code":"08","city_jis_code":"08227","town_name_kana":"ﾀｹｶﾞｷ","town_name":"竹垣","zip_code":"3004543"},{"prefecture_jis_code":"08","city_jis_code":"08227","town_name_kana":"ﾀｼﾞｭｸ","town_name":"田宿","zip_code":"3004505"},{"prefecture_jis_code":"08","city_jis_code":"08227","town_name_kana":"ﾀﾏﾄﾞ","town_name":"玉戸","zip_code":"3080847"},{"prefecture_jis_code":"08","city_jis_code":"08227","town_name_kana":"ﾁｷﾞｮｳ","town_name":"知行","zip_code":"3091124"},{"prefecture_jis_code":"08","city_jis_code":"08227","town_name_kana":"ﾁｸｾﾞ","town_name":"筑瀬","zip_code":"3080074"},{"prefecture_jis_code":"08","city_jis_code":"08227","town_name_kana":"ﾂｲｼﾞ","town_name":"築地","zip_code":"3004531"},{"prefecture_jis_code":"08","city_jis_code":"08227","town_name_kana":"ﾂｶﾊﾗ","town_name":"塚原","zip_code":"3080822"},{"prefecture_jis_code":"08","city_jis_code":"08227","town_name_kana":"ﾂｼﾞ","town_name":"辻","zip_code":"3080103"},{"prefecture_jis_code":"08","city_jis_code":"08227","town_name_kana":"ﾃﾗｳｴﾉ","town_name":"寺上野","zip_code":"3004525"},{"prefecture_jis_code":"08","city_jis_code":"08227","town_name_kana":"ﾄｸﾓﾁ","town_name":"徳持","zip_code":"3080816"},{"prefecture_jis_code":"08","city_jis_code":"08227","town_name_kana":"ﾄﾉﾂﾞｶ","town_name":"外塚","zip_code":"3080053"},{"prefecture_jis_code":"08","city_jis_code":"08227","town_name_kana":"ﾅｵｲ","town_name":"直井","zip_code":"3080803"},{"prefecture_jis_code":"08","city_jis_code":"08227","town_name_kana":"ﾅｶｳｴﾉ","town_name":"中上野","zip_code":"3004524"},{"prefecture_jis_code":"08","city_jis_code":"08227","town_name_kana":"ﾅｶﾀﾞﾃ","town_name":"中舘","zip_code":"3080005"},{"prefecture_jis_code":"08","city_jis_code":"08227","town_name_kana":"ﾅｶﾈ","town_name":"中根","zip_code":"3004513"},{"prefecture_jis_code":"08","city_jis_code":"08227","town_name_kana":"ﾅｶﾑﾗｼﾝﾃﾞﾝ","town_name":"中村新田","zip_code":"3080108"},{"prefecture_jis_code":"08","city_jis_code":"08227","town_name_kana":"ﾅﾍﾞﾔﾏ","town_name":"鍋山","zip_code":"3004506"},{"prefecture_jis_code":"08","city_jis_code":"08227","town_name_kana":"ﾅﾘﾀ","town_name":"成田","zip_code":"3080821"},{"prefecture_jis_code":"08","city_jis_code":"08227","town_name_kana":"ﾅﾙｲ","town_name":"成井","zip_code":"3004533"},{"prefecture_jis_code":"08","city_jis_code":"08227","town_name_kana":"ﾆｲﾊﾘ","town_name":"新治","zip_code":"3091106"},{"prefecture_jis_code":"08","city_jis_code":"08227","town_name_kana":"ﾆｷﾞﾅﾘ","town_name":"二木成","zip_code":"3080841"},{"prefecture_jis_code":"08","city_jis_code":"08227","town_name_kana":"ﾆｼｲｼﾀﾞ","town_name":"西石田","zip_code":"3080834"},{"prefecture_jis_code":"08","city_jis_code":"08227","town_name_kana":"ﾆｼｵｵｼﾏ","town_name":"西大島","zip_code":"3080062"},{"prefecture_jis_code":"08","city_jis_code":"08227","town_name_kana":"ﾆｼﾎｳ","town_name":"西方","zip_code":"3080845"},{"prefecture_jis_code":"08","city_jis_code":"08227","town_name_kana":"ﾆｼﾎｽﾞｴ","town_name":"西保末","zip_code":"3080105"},{"prefecture_jis_code":"08","city_jis_code":"08227","town_name_kana":"ﾆｼﾔｶﾞｲ","town_name":"西谷貝","zip_code":"3080054"},{"prefecture_jis_code":"08","city_jis_code":"08227","town_name_kana":"ﾆｼﾔﾏﾀﾞ","town_name":"西山田","zip_code":"3080867"},{"prefecture_jis_code":"08","city_jis_code":"08227","town_name_kana":"ﾆｼﾖﾉｳ","town_name":"西榎生","zip_code":"3080832"},{"prefecture_jis_code":"08","city_jis_code":"08227","town_name_kana":"ﾇﾉｶﾞﾜ","town_name":"布川","zip_code":"3080846"},{"prefecture_jis_code":"08","city_jis_code":"08227","town_name_kana":"ﾈｺｼﾏ","town_name":"猫島","zip_code":"3004501"},{"prefecture_jis_code":"08","city_jis_code":"08227","town_name_kana":"ﾉ","town_name":"野","zip_code":"3080016"},{"prefecture_jis_code":"08","city_jis_code":"08227","town_name_kana":"ﾉﾀﾞ","town_name":"野田","zip_code":"3080833"},{"prefecture_jis_code":"08","city_jis_code":"08227","town_name_kana":"ﾉﾄﾞﾉ","town_name":"野殿","zip_code":"3080843"},{"prefecture_jis_code":"08","city_jis_code":"08227","town_name_kana":"ﾊｯﾀ","town_name":"八田","zip_code":"3080013"},{"prefecture_jis_code":"08","city_jis_code":"08227","town_name_kana":"ﾊｯﾁｮｳﾀﾞｲ","town_name":"八丁台","zip_code":"3080008"},{"prefecture_jis_code":"08","city_jis_code":"08227","town_name_kana":"ﾊｲﾂｶ","town_name":"灰塚","zip_code":"3080863"},{"prefecture_jis_code":"08","city_jis_code":"08227","town_name_kana":"ﾊｶﾞﾀ","town_name":"羽方","zip_code":"3080014"},{"prefecture_jis_code":"08","city_jis_code":"08227","town_name_kana":"ﾊｽﾇﾏ","town_name":"蓮沼","zip_code":"3091115"},{"prefecture_jis_code":"08","city_jis_code":"08227","town_name_kana":"ﾊﾅﾀﾞ","town_name":"花田","zip_code":"3080114"},{"prefecture_jis_code":"08","city_jis_code":"08227","town_name_kana":"ﾊﾅﾊﾞｼ","town_name":"花橋","zip_code":"3080115"},{"prefecture_jis_code":"08","city_jis_code":"08227","town_name_kana":"ﾊﾔｼ","town_name":"林","zip_code":"3080073"},{"prefecture_jis_code":"08","city_jis_code":"08227","town_name_kana":"ﾋｶﾞｼｲｼﾀ","town_name":"東石田","zip_code":"3004521"},{"prefecture_jis_code":"08","city_jis_code":"08227","town_name_kana":"ﾋｶﾞｼﾎｽﾞｴ","town_name":"東保末","zip_code":"3004536"},{"prefecture_jis_code":"08","city_jis_code":"08227","town_name_kana":"ﾋｶﾞｼﾖﾉｳ","town_name":"東榎生","zip_code":"3080831"},{"prefecture_jis_code":"08","city_jis_code":"08227","town_name_kana":"ﾋｸﾞﾁ","town_name":"樋口","zip_code":"3080001"},{"prefecture_jis_code":"08","city_jis_code":"08227","town_name_kana":"ﾌｶﾐ","town_name":"深見","zip_code":"3080812"},{"prefecture_jis_code":"08","city_jis_code":"08227","town_name_kana":"ﾌｼﾞｶﾞﾔ","town_name":"藤ケ谷","zip_code":"3080112"},{"prefecture_jis_code":"08","city_jis_code":"08227","town_name_kana":"ﾌﾅﾀﾞﾏ","town_name":"船玉","zip_code":"3080121"},{"prefecture_jis_code":"08","city_jis_code":"08227","town_name_kana":"ﾌﾆｭｳ","town_name":"舟生","zip_code":"3080111"},{"prefecture_jis_code":"08","city_jis_code":"08227","town_name_kana":"ﾌﾙｳﾁ","town_name":"古内","zip_code":"3004544"},{"prefecture_jis_code":"08","city_jis_code":"08227","town_name_kana":"ﾌﾙｺﾞｵﾘ","town_name":"古郡","zip_code":"3091104"},{"prefecture_jis_code":"08","city_jis_code":"08227","town_name_kana":"ﾍｲ","town_name":"丙","zip_code":"3080031"},{"prefecture_jis_code":"08","city_jis_code":"08227","town_name_kana":"ﾎｿﾀﾞ","town_name":"細田","zip_code":"3091114"},{"prefecture_jis_code":"08","city_jis_code":"08227","town_name_kana":"ﾏｸﾀﾞ","town_name":"蒔田","zip_code":"3080003"},{"prefecture_jis_code":"08","city_jis_code":"08227","town_name_kana":"ﾏﾂﾊﾞﾗ","town_name":"松原","zip_code":"3004541"},{"prefecture_jis_code":"08","city_jis_code":"08227","town_name_kana":"ﾐﾄﾞﾘﾏﾁ","town_name":"みどり町","zip_code":"3080042"},{"prefecture_jis_code":"08","city_jis_code":"08227","town_name_kana":"ﾐﾔｺﾞ","town_name":"宮後","zip_code":"3004503"},{"prefecture_jis_code":"08","city_jis_code":"08227","town_name_kana":"ﾐﾔﾔﾏ","town_name":"宮山","zip_code":"3004504"},{"prefecture_jis_code":"08","city_jis_code":"08227","town_name_kana":"ﾑｺｳｳｴﾉ","town_name":"向上野","zip_code":"3004522"},{"prefecture_jis_code":"08","city_jis_code":"08227","town_name_kana":"ﾑｺｳｶﾜｽﾐ","town_name":"向川澄","zip_code":"3091117"},{"prefecture_jis_code":"08","city_jis_code":"08227","town_name_kana":"ﾑﾗﾀ","town_name":"村田","zip_code":"3004546"},{"prefecture_jis_code":"08","city_jis_code":"08227","town_name_kana":"ﾓﾀﾞ","town_name":"茂田","zip_code":"3080811"},{"prefecture_jis_code":"08","city_jis_code":"08227","town_name_kana":"ﾓﾘｿｴｼﾞﾏ","town_name":"森添島","zip_code":"3080861"},{"prefecture_jis_code":"08","city_jis_code":"08227","town_name_kana":"ﾔﾅｶ","town_name":"谷中","zip_code":"3080056"},{"prefecture_jis_code":"08","city_jis_code":"08227","town_name_kana":"ﾔﾅｶﾞｼﾏ","town_name":"谷永島","zip_code":"3091121"},{"prefecture_jis_code":"08","city_jis_code":"08227","town_name_kana":"ﾔﾅｷﾞ","town_name":"柳","zip_code":"3091113"},{"prefecture_jis_code":"08","city_jis_code":"08227","town_name_kana":"ﾔﾊﾀ","town_name":"八幡","zip_code":"3091112"},{"prefecture_jis_code":"08","city_jis_code":"08227","town_name_kana":"ﾔﾍﾞ","town_name":"谷部","zip_code":"3080006"},{"prefecture_jis_code":"08","city_jis_code":"08227","town_name_kana":"ﾔﾏｻﾞｷ","town_name":"山崎","zip_code":"3080865"},{"prefecture_jis_code":"08","city_jis_code":"08227","town_name_kana":"ﾔﾜﾗ","town_name":"谷原","zip_code":"3004535"},{"prefecture_jis_code":"08","city_jis_code":"08227","town_name_kana":"ﾖｺｼﾏ","town_name":"横島","zip_code":"3080802"},{"prefecture_jis_code":"08","city_jis_code":"08227","town_name_kana":"ﾖｺﾂｶ","town_name":"横塚","zip_code":"3091116"},{"prefecture_jis_code":"08","city_jis_code":"08227","town_name_kana":"ﾖｼﾀﾞ","town_name":"吉田","zip_code":"3004542"},{"prefecture_jis_code":"08","city_jis_code":"08227","town_name_kana":"ﾖﾉｳ","town_name":"榎生","zip_code":"3080838"},{"prefecture_jis_code":"08","city_jis_code":"08227","town_name_kana":"ﾖﾓｷﾞﾀ","town_name":"蓬田","zip_code":"3091102"},{"prefecture_jis_code":"08","city_jis_code":"08227","town_name_kana":"ﾜﾗﾋﾞ","town_name":"蕨","zip_code":"3080824"}]