[{"prefecture_jis_code":"08","city_jis_code":"08220","town_name_kana":"ｱｶﾂｶ","town_name":"赤塚","zip_code":"3050062"},{"prefecture_jis_code":"08","city_jis_code":"08220","town_name_kana":"ｱｹｼ","town_name":"明石","zip_code":"3004203"},{"prefecture_jis_code":"08","city_jis_code":"08220","town_name_kana":"ｱｻﾋ","town_name":"旭","zip_code":"3002632"},{"prefecture_jis_code":"08","city_jis_code":"08220","town_name_kana":"ｱｼﾋﾞﾉ","town_name":"あしび野","zip_code":"3001261"},{"prefecture_jis_code":"08","city_jis_code":"08220","town_name_kana":"ｱｼﾞｷ","town_name":"安食","zip_code":"3004205"},{"prefecture_jis_code":"08","city_jis_code":"08220","town_name_kana":"ｱﾂﾞﾏ","town_name":"吾妻","zip_code":"3050031"},{"prefecture_jis_code":"08","city_jis_code":"08220","town_name_kana":"ｱﾏｸﾎﾞ","town_name":"天久保","zip_code":"3050005"},{"prefecture_jis_code":"08","city_jis_code":"08220","town_name_kana":"ｱﾏﾎﾞｳｷ","town_name":"天宝喜","zip_code":"3001253"},{"prefecture_jis_code":"08","city_jis_code":"08220","town_name_kana":"ｱﾗｲ","town_name":"新井","zip_code":"3050835"},{"prefecture_jis_code":"08","city_jis_code":"08220","town_name_kana":"ｱﾗﾏｷﾀﾞ","town_name":"新牧田","zip_code":"3050076"},{"prefecture_jis_code":"08","city_jis_code":"08220","town_name_kana":"ｲｲﾀﾞ","town_name":"飯田","zip_code":"3050874"},{"prefecture_jis_code":"08","city_jis_code":"08220","town_name_kana":"ｲｹﾀﾞ","town_name":"池田","zip_code":"3004243"},{"prefecture_jis_code":"08","city_jis_code":"08220","town_name_kana":"ｲｹﾉﾀﾞｲ","town_name":"池の台","zip_code":"3001240"},{"prefecture_jis_code":"08","city_jis_code":"08220","town_name_kana":"ｲｹﾑｶｲ","town_name":"池向","zip_code":"3001269"},{"prefecture_jis_code":"08","city_jis_code":"08220","town_name_kana":"ｲｽﾞﾐ","town_name":"泉","zip_code":"3004235"},{"prefecture_jis_code":"08","city_jis_code":"08220","town_name_kana":"ｲｿﾍﾞ","town_name":"磯部","zip_code":"3004248"},{"prefecture_jis_code":"08","city_jis_code":"08220","town_name_kana":"ｲﾁﾉﾀﾞｲ","town_name":"市之台","zip_code":"3050073"},{"prefecture_jis_code":"08","city_jis_code":"08220","town_name_kana":"ｲﾅｵｶ","town_name":"稲岡","zip_code":"3050071"},{"prefecture_jis_code":"08","city_jis_code":"08220","town_name_kana":"ｲﾅﾘﾊﾗ","town_name":"稲荷原","zip_code":"3001259"},{"prefecture_jis_code":"08","city_jis_code":"08220","town_name_kana":"ｲﾅﾘﾏｴ","town_name":"稲荷前","zip_code":"3050061"},{"prefecture_jis_code":"08","city_jis_code":"08220","town_name_kana":"ｲﾏｲｽﾞﾐ","town_name":"今泉","zip_code":"3050855"},{"prefecture_jis_code":"08","city_jis_code":"08220","town_name_kana":"ｲﾏｶｼﾏ","town_name":"今鹿島","zip_code":"3002641"},{"prefecture_jis_code":"08","city_jis_code":"08220","town_name_kana":"ｳｴﾉ","town_name":"上野","zip_code":"3050002"},{"prefecture_jis_code":"08","city_jis_code":"08220","town_name_kana":"ｳｴﾉﾑﾛ","town_name":"上ノ室","zip_code":"3050023"},{"prefecture_jis_code":"08","city_jis_code":"08220","town_name_kana":"ｳｽｲ","town_name":"臼井","zip_code":"3004211"},{"prefecture_jis_code":"08","city_jis_code":"08220","town_name_kana":"ｳﾒｶﾞｵｶ","town_name":"梅ケ丘","zip_code":"3001275"},{"prefecture_jis_code":"08","city_jis_code":"08220","town_name_kana":"ｳﾒｿﾞﾉ","town_name":"梅園","zip_code":"3050045"},{"prefecture_jis_code":"08","city_jis_code":"08220","town_name_kana":"ｳﾙｼｼﾞｮ","town_name":"漆所","zip_code":"3004216"},{"prefecture_jis_code":"08","city_jis_code":"08220","town_name_kana":"ｴﾉｷﾄﾞ","town_name":"榎戸","zip_code":"3050853"},{"prefecture_jis_code":"08","city_jis_code":"08220","town_name_kana":"ｵｵ","town_name":"大","zip_code":"3050016"},{"prefecture_jis_code":"08","city_jis_code":"08220","town_name_kana":"ｵｵｲ","town_name":"大井","zip_code":"3001243"},{"prefecture_jis_code":"08","city_jis_code":"08220","town_name_kana":"ｵｵｶﾞﾀ","town_name":"大形","zip_code":"3004221"},{"prefecture_jis_code":"08","city_jis_code":"08220","town_name_kana":"ｵｵｸﾎﾞ","town_name":"大久保","zip_code":"3002611"},{"prefecture_jis_code":"08","city_jis_code":"08220","town_name_kana":"ｵｵｼﾞﾗﾊｻﾞﾏ","town_name":"大白硲","zip_code":"3050845"},{"prefecture_jis_code":"08","city_jis_code":"08220","town_name_kana":"ｵｵｽﾅ","town_name":"大砂","zip_code":"3002612"},{"prefecture_jis_code":"08","city_jis_code":"08220","town_name_kana":"ｵｵｿﾞﾈ","town_name":"大曽根","zip_code":"3003253"},{"prefecture_jis_code":"08","city_jis_code":"08220","town_name_kana":"ｵｵﾇｷ","town_name":"大貫","zip_code":"3004218"},{"prefecture_jis_code":"08","city_jis_code":"08220","town_name_kana":"ｵｵﾌﾅﾄ","town_name":"大舟戸","zip_code":"3001267"},{"prefecture_jis_code":"08","city_jis_code":"08220","town_name_kana":"ｵｵﾎ","town_name":"大穂","zip_code":"3003256"},{"prefecture_jis_code":"08","city_jis_code":"08220","town_name_kana":"ｵｵﾜｼ","town_name":"大わし","zip_code":"3050851"},{"prefecture_jis_code":"08","city_jis_code":"08220","town_name_kana":"ｵｶﾑﾗｼﾝﾃﾞﾝ","town_name":"岡村新田","zip_code":"3050026"},{"prefecture_jis_code":"08","city_jis_code":"08220","town_name_kana":"ｵｸﾞｷ","town_name":"小茎","zip_code":"3001255"},{"prefecture_jis_code":"08","city_jis_code":"08220","town_name_kana":"ｵｻｺﾞｳﾔ","town_name":"長高野","zip_code":"3003265"},{"prefecture_jis_code":"08","city_jis_code":"08220","town_name_kana":"ｵｻﾞﾜ","town_name":"小沢","zip_code":"3004215"},{"prefecture_jis_code":"08","city_jis_code":"08220","town_name_kana":"ｵﾀﾞ","town_name":"小田","zip_code":"3004223"},{"prefecture_jis_code":"08","city_jis_code":"08220","town_name_kana":"ｵﾆｶﾞｸﾎﾞ","town_name":"鬼ケ窪","zip_code":"3002651"},{"prefecture_jis_code":"08","city_jis_code":"08220","town_name_kana":"ｵﾉｶﾞﾜ","town_name":"小野川","zip_code":"3050053"},{"prefecture_jis_code":"08","city_jis_code":"08220","town_name_kana":"ｵﾉｻﾞｷ","town_name":"小野崎","zip_code":"3050034"},{"prefecture_jis_code":"08","city_jis_code":"08220","town_name_kana":"ｵﾓﾉｲ","town_name":"面野井","zip_code":"3002653"},{"prefecture_jis_code":"08","city_jis_code":"08220","town_name_kana":"ｶｼﾏﾀﾞｲ","town_name":"鹿島台","zip_code":"3003254"},{"prefecture_jis_code":"08","city_jis_code":"08220","town_name_kana":"ｶｼﾞｳﾁ","town_name":"梶内","zip_code":"3050064"},{"prefecture_jis_code":"08","city_jis_code":"08220","town_name_kana":"ｶｽｶﾞ","town_name":"春日","zip_code":"3050821"},{"prefecture_jis_code":"08","city_jis_code":"08220","town_name_kana":"ｶﾀﾀﾞ","town_name":"片田","zip_code":"3050877"},{"prefecture_jis_code":"08","city_jis_code":"08220","town_name_kana":"ｶﾂﾗｷﾞﾈｻｷ","town_name":"葛城根崎","zip_code":"3050824"},{"prefecture_jis_code":"08","city_jis_code":"08220","town_name_kana":"ｶﾄﾘﾀﾞｲ","town_name":"香取台","zip_code":"3002657"},{"prefecture_jis_code":"08","city_jis_code":"08220","town_name_kana":"ｶﾅﾒ","town_name":"要","zip_code":"3002622"},{"prefecture_jis_code":"08","city_jis_code":"08220","town_name_kana":"ｶﾐｲﾜｻｷ","town_name":"上岩崎","zip_code":"3001274"},{"prefecture_jis_code":"08","city_jis_code":"08220","town_name_kana":"ｶﾐｵｵｼﾏ","town_name":"上大島","zip_code":"3004351"},{"prefecture_jis_code":"08","city_jis_code":"08220","town_name_kana":"ｶﾐｶﾔﾏﾙ","town_name":"上萱丸","zip_code":"3050871"},{"prefecture_jis_code":"08","city_jis_code":"08220","town_name_kana":"ｶﾐｶﾜ","town_name":"かみかわ","zip_code":"3002668"},{"prefecture_jis_code":"08","city_jis_code":"08220","town_name_kana":"ｶﾐｶﾜﾗｻﾞｷ","town_name":"上河原崎","zip_code":"3002661"},{"prefecture_jis_code":"08","city_jis_code":"08220","town_name_kana":"ｶﾐｺﾞｳ","town_name":"上郷","zip_code":"3002645"},{"prefecture_jis_code":"08","city_jis_code":"08220","town_name_kana":"ｶﾐｻﾄ","town_name":"上里","zip_code":"3002614"},{"prefecture_jis_code":"08","city_jis_code":"08220","town_name_kana":"ｶﾐｻﾜ","town_name":"上沢","zip_code":"3004246"},{"prefecture_jis_code":"08","city_jis_code":"08220","town_name_kana":"ｶﾐｻﾞｶｲ","town_name":"上境","zip_code":"3050011"},{"prefecture_jis_code":"08","city_jis_code":"08220","town_name_kana":"ｶﾐｽｶﾞﾏ","town_name":"上菅間","zip_code":"3004241"},{"prefecture_jis_code":"08","city_jis_code":"08220","town_name_kana":"ｶﾐﾊﾗ","town_name":"上原","zip_code":"3050055"},{"prefecture_jis_code":"08","city_jis_code":"08220","town_name_kana":"ｶﾐﾋﾛｵｶ","town_name":"上広岡","zip_code":"3050041"},{"prefecture_jis_code":"08","city_jis_code":"08220","town_name_kana":"ｶﾐﾖｺﾊﾞ","town_name":"上横場","zip_code":"3050854"},{"prefecture_jis_code":"08","city_jis_code":"08220","town_name_kana":"ｶﾘﾏ","town_name":"苅間","zip_code":"3050822"},{"prefecture_jis_code":"08","city_jis_code":"08220","town_name_kana":"ｶﾝｺﾞｵﾘ","town_name":"神郡","zip_code":"3004212"},{"prefecture_jis_code":"08","city_jis_code":"08220","town_name_kana":"ｶﾝﾉﾝﾀﾞｲ","town_name":"観音台","zip_code":"3050856"},{"prefecture_jis_code":"08","city_jis_code":"08220","town_name_kana":"ｶﾞｸｴﾝﾉﾓﾘ","town_name":"学園の森","zip_code":"3050816"},{"prefecture_jis_code":"08","city_jis_code":"08220","town_name_kana":"ｶﾞｸｴﾝﾐﾅﾐ","town_name":"学園南","zip_code":"3050818"},{"prefecture_jis_code":"08","city_jis_code":"08220","town_name_kana":"ｷｾ","town_name":"吉瀬","zip_code":"3050022"},{"prefecture_jis_code":"08","city_jis_code":"08220","town_name_kana":"ｷﾀｵｵﾀ","town_name":"北太田","zip_code":"3004232"},{"prefecture_jis_code":"08","city_jis_code":"08220","town_name_kana":"ｷﾀｻﾄ","town_name":"北郷","zip_code":"3050811"},{"prefecture_jis_code":"08","city_jis_code":"08220","town_name_kana":"ｷﾀﾅｶｼﾞﾏ","town_name":"北中島","zip_code":"3050072"},{"prefecture_jis_code":"08","city_jis_code":"08220","town_name_kana":"ｷﾀﾅｶﾂﾞﾏ","town_name":"北中妻","zip_code":"3050066"},{"prefecture_jis_code":"08","city_jis_code":"08220","town_name_kana":"ｷﾀﾊﾗ","town_name":"北原","zip_code":"3003266"},{"prefecture_jis_code":"08","city_jis_code":"08220","town_name_kana":"ｷﾐｼﾞﾏ","town_name":"君島","zip_code":"3004233"},{"prefecture_jis_code":"08","city_jis_code":"08220","town_name_kana":"ｸｷｻﾞｷ","town_name":"茎崎","zip_code":"3001272"},{"prefecture_jis_code":"08","city_jis_code":"08220","town_name_kana":"ｸﾆﾏﾂ","town_name":"国松","zip_code":"3004354"},{"prefecture_jis_code":"08","city_jis_code":"08220","town_name_kana":"ｸﾏﾝﾂﾎﾞ","town_name":"九万坪","zip_code":"3001262"},{"prefecture_jis_code":"08","city_jis_code":"08220","town_name_kana":"ｸﾗｶｹ","town_name":"倉掛","zip_code":"3050024"},{"prefecture_jis_code":"08","city_jis_code":"08220","town_name_kana":"ｸﾘﾊﾗ","town_name":"栗原","zip_code":"3050001"},{"prefecture_jis_code":"08","city_jis_code":"08220","town_name_kana":"ｹﾝｷｭｳｶﾞｸｴﾝ","town_name":"研究学園","zip_code":"3050817"},{"prefecture_jis_code":"08","city_jis_code":"08220","town_name_kana":"ｺｲｽﾞﾐ","town_name":"小泉","zip_code":"3004236"},{"prefecture_jis_code":"08","city_jis_code":"08220","town_name_kana":"ｺｳﾔ","town_name":"高野","zip_code":"3002642"},{"prefecture_jis_code":"08","city_jis_code":"08220","town_name_kana":"ｺｳﾔﾀﾞｲ","town_name":"高野台","zip_code":"3050074"},{"prefecture_jis_code":"08","city_jis_code":"08220","town_name_kana":"ｺｳﾔﾊﾗｼﾝﾃﾞﾝ","town_name":"高野原新田","zip_code":"3004202"},{"prefecture_jis_code":"08","city_jis_code":"08220","town_name_kana":"ｺｼﾞﾗﾊｻﾞﾏ","town_name":"小白硲","zip_code":"3050844"},{"prefecture_jis_code":"08","city_jis_code":"08220","town_name_kana":"ｺﾉﾏﾀ","town_name":"木俣","zip_code":"3002644"},{"prefecture_jis_code":"08","city_jis_code":"08220","town_name_kana":"ｺﾏｺﾞﾒ","town_name":"駒込","zip_code":"3001277"},{"prefecture_jis_code":"08","city_jis_code":"08220","town_name_kana":"ｺﾔﾏ","town_name":"小山","zip_code":"3001276"},{"prefecture_jis_code":"08","city_jis_code":"08220","town_name_kana":"ｺﾜﾀﾞ","town_name":"小和田","zip_code":"3004224"},{"prefecture_jis_code":"08","city_jis_code":"08220","town_name_kana":"ｺﾝﾀﾞ","town_name":"金田","zip_code":"3050018"},{"prefecture_jis_code":"08","city_jis_code":"08220","town_name_kana":"ｺﾞﾆﾝｳｹ","town_name":"五人受","zip_code":"3002616"},{"prefecture_jis_code":"08","city_jis_code":"08220","town_name_kana":"ｻ","town_name":"佐","zip_code":"3003251"},{"prefecture_jis_code":"08","city_jis_code":"08220","town_name_kana":"ｻｲｷ","town_name":"妻木","zip_code":"3050028"},{"prefecture_jis_code":"08","city_jis_code":"08220","town_name_kana":"ｻｲｺﾞｳ","town_name":"西郷","zip_code":"3050036"},{"prefecture_jis_code":"08","city_jis_code":"08220","town_name_kana":"ｻｶｲﾀﾞ","town_name":"境田","zip_code":"3050867"},{"prefecture_jis_code":"08","city_jis_code":"08220","town_name_kana":"ｻｶｲﾏﾂ","town_name":"境松","zip_code":"3050864"},{"prefecture_jis_code":"08","city_jis_code":"08220","town_name_kana":"ｻｶｴ","town_name":"栄","zip_code":"3050013"},{"prefecture_jis_code":"08","city_jis_code":"08220","town_name_kana":"ｻｸﾗ","town_name":"桜","zip_code":"3050003"},{"prefecture_jis_code":"08","city_jis_code":"08220","town_name_kana":"ｻｸﾗｶﾞｵｶ","town_name":"桜が丘","zip_code":"3001271"},{"prefecture_jis_code":"08","city_jis_code":"08220","town_name_kana":"ｻｸﾗﾉﾓﾘ","town_name":"さくらの森","zip_code":"3050019"},{"prefecture_jis_code":"08","city_jis_code":"08220","town_name_kana":"ｻｹﾏﾙ","town_name":"酒丸","zip_code":"3002637"},{"prefecture_jis_code":"08","city_jis_code":"08220","town_name_kana":"ｻｻｷﾞ","town_name":"大角豆","zip_code":"3050043"},{"prefecture_jis_code":"08","city_jis_code":"08220","town_name_kana":"ｼｮｳｴｲ","town_name":"松栄","zip_code":"3050014"},{"prefecture_jis_code":"08","city_jis_code":"08220","town_name_kana":"ｼﾉｻﾞｷ","town_name":"篠崎","zip_code":"3003264"},{"prefecture_jis_code":"08","city_jis_code":"08220","town_name_kana":"ｼﾊﾞｻｷ","town_name":"柴崎","zip_code":"3050004"},{"prefecture_jis_code":"08","city_jis_code":"08220","town_name_kana":"ｼﾏ","town_name":"島","zip_code":"3050833"},{"prefecture_jis_code":"08","city_jis_code":"08220","town_name_kana":"ｼﾏﾅ","town_name":"島名","zip_code":"3002655"},{"prefecture_jis_code":"08","city_jis_code":"08220","town_name_kana":"ｼﾓｲﾜｻｷ","town_name":"下岩崎","zip_code":"3001273"},{"prefecture_jis_code":"08","city_jis_code":"08220","town_name_kana":"ｼﾓｵｵｼﾏ","town_name":"下大島","zip_code":"3004222"},{"prefecture_jis_code":"08","city_jis_code":"08220","town_name_kana":"ｼﾓｶﾔﾏﾙ","town_name":"下萱丸","zip_code":"3050872"},{"prefecture_jis_code":"08","city_jis_code":"08220","town_name_kana":"ｼﾓｶﾜﾗｻﾞｷ","town_name":"下河原崎","zip_code":"3002662"},{"prefecture_jis_code":"08","city_jis_code":"08220","town_name_kana":"ｼﾓﾊﾗ","town_name":"下原","zip_code":"3050063"},{"prefecture_jis_code":"08","city_jis_code":"08220","town_name_kana":"ｼﾓﾋﾗﾂｶ","town_name":"下平塚","zip_code":"3050813"},{"prefecture_jis_code":"08","city_jis_code":"08220","town_name_kana":"ｼﾓﾋﾛｵｶ","town_name":"下広岡","zip_code":"3050042"},{"prefecture_jis_code":"08","city_jis_code":"08220","town_name_kana":"ｼﾓﾍﾞｯﾌﾟ","town_name":"下別府","zip_code":"3002666"},{"prefecture_jis_code":"08","city_jis_code":"08220","town_name_kana":"ｼﾓﾖｺﾊﾞ","town_name":"下横場","zip_code":"3050075"},{"prefecture_jis_code":"08","city_jis_code":"08220","town_name_kana":"ｼﾛﾔﾏ","town_name":"城山","zip_code":"3001251"},{"prefecture_jis_code":"08","city_jis_code":"08220","town_name_kana":"ｼﾞﾕｳｶﾞｵｶ","town_name":"自由ケ丘","zip_code":"3001266"},{"prefecture_jis_code":"08","city_jis_code":"08220","town_name_kana":"ｼﾞﾝﾊﾞ","town_name":"陣場","zip_code":"3050847"},{"prefecture_jis_code":"08","city_jis_code":"08220","town_name_kana":"ｽｶﾞﾏ","town_name":"菅間","zip_code":"3001246"},{"prefecture_jis_code":"08","city_jis_code":"08220","town_name_kana":"ｽｷﾞﾉｷ","town_name":"杉木","zip_code":"3004217"},{"prefecture_jis_code":"08","city_jis_code":"08220","town_name_kana":"ｽﾜ","town_name":"諏訪","zip_code":"3002658"},{"prefecture_jis_code":"08","city_jis_code":"08220","town_name_kana":"ｾﾝｹﾞﾝ","town_name":"千現","zip_code":"3050047"},{"prefecture_jis_code":"08","city_jis_code":"08220","town_name_kana":"ﾀｲﾗ","town_name":"平","zip_code":"3050846"},{"prefecture_jis_code":"08","city_jis_code":"08220","town_name_kana":"ﾀｶｻｷ","town_name":"高崎","zip_code":"3001245"},{"prefecture_jis_code":"08","city_jis_code":"08220","town_name_kana":"ﾀｶｽｶ","town_name":"高須賀","zip_code":"3002665"},{"prefecture_jis_code":"08","city_jis_code":"08220","town_name_kana":"ﾀｶﾀ","town_name":"高田","zip_code":"3002652"},{"prefecture_jis_code":"08","city_jis_code":"08220","town_name_kana":"ﾀｶﾉﾊﾗ","town_name":"鷹野原","zip_code":"3050077"},{"prefecture_jis_code":"08","city_jis_code":"08220","town_name_kana":"ﾀｶﾐﾊﾗ","town_name":"高見原","zip_code":"3001252"},{"prefecture_jis_code":"08","city_jis_code":"08220","town_name_kana":"ﾀｶﾔﾏ","town_name":"高山","zip_code":"3002669"},{"prefecture_jis_code":"08","city_jis_code":"08220","town_name_kana":"ﾀｶﾗﾀﾞ","town_name":"高良田","zip_code":"3002664"},{"prefecture_jis_code":"08","city_jis_code":"08220","town_name_kana":"ﾀｸﾗ","town_name":"田倉","zip_code":"3002615"},{"prefecture_jis_code":"08","city_jis_code":"08220","town_name_kana":"ﾀｹｿﾞﾉ","town_name":"竹園","zip_code":"3050032"},{"prefecture_jis_code":"08","city_jis_code":"08220","town_name_kana":"ﾀﾁﾊﾗ","town_name":"立原","zip_code":"3003263"},{"prefecture_jis_code":"08","city_jis_code":"08220","town_name_kana":"ﾀﾃﾉ","town_name":"館野","zip_code":"3050067"},{"prefecture_jis_code":"08","city_jis_code":"08220","town_name_kana":"ﾀﾅｶ","town_name":"田中","zip_code":"3004244"},{"prefecture_jis_code":"08","city_jis_code":"08220","town_name_kana":"ﾀﾏﾄﾘ","town_name":"玉取","zip_code":"3003255"},{"prefecture_jis_code":"08","city_jis_code":"08220","town_name_kana":"ﾀﾐﾔﾏ","town_name":"田水山","zip_code":"3004251"},{"prefecture_jis_code":"08","city_jis_code":"08220","town_name_kana":"ﾀﾞｲﾏﾁ","town_name":"台町","zip_code":"3050868"},{"prefecture_jis_code":"08","city_jis_code":"08220","town_name_kana":"ﾂｸﾊﾞ","town_name":"筑波","zip_code":"3004352"},{"prefecture_jis_code":"08","city_jis_code":"08220","town_name_kana":"ﾂｸﾎ","town_name":"筑穂","zip_code":"3003257"},{"prefecture_jis_code":"08","city_jis_code":"08220","town_name_kana":"ﾂｸﾘﾔ","town_name":"作谷","zip_code":"3004204"},{"prefecture_jis_code":"08","city_jis_code":"08220","town_name_kana":"ﾂﾁﾀﾞ","town_name":"土田","zip_code":"3002636"},{"prefecture_jis_code":"08","city_jis_code":"08220","town_name_kana":"ﾃｺﾞﾏﾙ","town_name":"手子生","zip_code":"3002647"},{"prefecture_jis_code":"08","city_jis_code":"08220","town_name_kana":"ﾃｼﾛｷﾞ","town_name":"手代木","zip_code":"3050834"},{"prefecture_jis_code":"08","city_jis_code":"08220","town_name_kana":"ﾃﾗｸﾞ","town_name":"寺具","zip_code":"3004201"},{"prefecture_jis_code":"08","city_jis_code":"08220","town_name_kana":"ﾃﾝﾉｳﾀﾞｲ","town_name":"天王台","zip_code":"3050006"},{"prefecture_jis_code":"08","city_jis_code":"08220","town_name_kana":"ﾄｳｺｳﾀﾞｲ","town_name":"東光台","zip_code":"3002635"},{"prefecture_jis_code":"08","city_jis_code":"08220","town_name_kana":"ﾄｵﾋｶﾞｼ","town_name":"遠東","zip_code":"3002633"},{"prefecture_jis_code":"08","city_jis_code":"08220","town_name_kana":"ﾄﾖｻﾄﾉﾓﾘ","town_name":"豊里の杜","zip_code":"3002648"},{"prefecture_jis_code":"08","city_jis_code":"08220","town_name_kana":"ﾅｶｳﾁ","town_name":"中内","zip_code":"3050068"},{"prefecture_jis_code":"08","city_jis_code":"08220","town_name_kana":"ﾅｶｽｶﾞﾏ","town_name":"中菅間","zip_code":"3004242"},{"prefecture_jis_code":"08","city_jis_code":"08220","town_name_kana":"ﾅｶﾈ","town_name":"中根","zip_code":"3050012"},{"prefecture_jis_code":"08","city_jis_code":"08220","town_name_kana":"ﾅｶﾉ","town_name":"中野","zip_code":"3050873"},{"prefecture_jis_code":"08","city_jis_code":"08220","town_name_kana":"ﾅｶﾋｶﾞｼ","town_name":"中東","zip_code":"3002639"},{"prefecture_jis_code":"08","city_jis_code":"08220","town_name_kana":"ﾅｶﾋｶﾞｼﾊﾗｼﾝﾃﾞﾝ","town_name":"中東原新田","zip_code":"3002634"},{"prefecture_jis_code":"08","city_jis_code":"08220","town_name_kana":"ﾅｶﾍﾞｯﾌﾟ","town_name":"中別府","zip_code":"3002667"},{"prefecture_jis_code":"08","city_jis_code":"08220","town_name_kana":"ﾅｶﾔﾏ","town_name":"中山","zip_code":"3001268"},{"prefecture_jis_code":"08","city_jis_code":"08220","town_name_kana":"ﾅｶﾞﾐﾈ","town_name":"長峰","zip_code":"3050052"},{"prefecture_jis_code":"08","city_jis_code":"08220","town_name_kana":"ﾅﾍﾞﾇﾏｼﾝﾃﾞﾝ","town_name":"鍋沼新田","zip_code":"3002663"},{"prefecture_jis_code":"08","city_jis_code":"08220","town_name_kana":"ﾅﾐｷ","town_name":"並木","zip_code":"3050044"},{"prefecture_jis_code":"08","city_jis_code":"08220","town_name_kana":"ﾆｼｵｵｲ","town_name":"西大井","zip_code":"3001260"},{"prefecture_jis_code":"08","city_jis_code":"08220","town_name_kana":"ﾆｼｵｵﾇﾏ","town_name":"西大沼","zip_code":"3050054"},{"prefecture_jis_code":"08","city_jis_code":"08220","town_name_kana":"ﾆｼｵｵﾊｼ","town_name":"西大橋","zip_code":"3050831"},{"prefecture_jis_code":"08","city_jis_code":"08220","town_name_kana":"ﾆｼｵｶ","town_name":"西岡","zip_code":"3050832"},{"prefecture_jis_code":"08","city_jis_code":"08220","town_name_kana":"ﾆｼｸﾘﾔﾏ","town_name":"西栗山","zip_code":"3050876"},{"prefecture_jis_code":"08","city_jis_code":"08220","town_name_kana":"ﾆｼｺﾞｳﾔ","town_name":"西高野","zip_code":"3002613"},{"prefecture_jis_code":"08","city_jis_code":"08220","town_name_kana":"ﾆｼｻﾞﾜ","town_name":"西沢","zip_code":"3002624"},{"prefecture_jis_code":"08","city_jis_code":"08220","town_name_kana":"ﾆｼﾉｻﾜ","town_name":"西の沢","zip_code":"3001247"},{"prefecture_jis_code":"08","city_jis_code":"08220","town_name_kana":"ﾆｼﾉｻﾜﾁｸｻﾝｼｹﾝｼﾞｮｳﾎﾞｼﾞｮｳ","town_name":"西の沢畜産試験場圃場","zip_code":"3050902"},{"prefecture_jis_code":"08","city_jis_code":"08220","town_name_kana":"ﾆｼﾊﾗ","town_name":"西原","zip_code":"3050815"},{"prefecture_jis_code":"08","city_jis_code":"08220","town_name_kana":"ﾆｼﾋﾗﾂｶ","town_name":"西平塚","zip_code":"3050814"},{"prefecture_jis_code":"08","city_jis_code":"08220","town_name_kana":"ﾆﾉﾐﾔ","town_name":"二の宮","zip_code":"3050051"},{"prefecture_jis_code":"08","city_jis_code":"08220","town_name_kana":"ﾇﾏｻﾞｷ","town_name":"沼崎","zip_code":"3002631"},{"prefecture_jis_code":"08","city_jis_code":"08220","town_name_kana":"ﾇﾏﾀ","town_name":"沼田","zip_code":"3004353"},{"prefecture_jis_code":"08","city_jis_code":"08220","town_name_kana":"ﾈｻｷ","town_name":"根崎","zip_code":"3050865"},{"prefecture_jis_code":"08","city_jis_code":"08220","town_name_kana":"ﾉﾊﾞﾀ","town_name":"野畑","zip_code":"3002643"},{"prefecture_jis_code":"08","city_jis_code":"08220","town_name_kana":"ﾊｯｹ","town_name":"百家","zip_code":"3002638"},{"prefecture_jis_code":"08","city_jis_code":"08220","town_name_kana":"ﾊｯｻｷ","town_name":"泊崎","zip_code":"3001264"},{"prefecture_jis_code":"08","city_jis_code":"08220","town_name_kana":"ﾊｽﾇﾏ","town_name":"蓮沼","zip_code":"3003262"},{"prefecture_jis_code":"08","city_jis_code":"08220","town_name_kana":"ﾊﾁﾏﾝﾀﾞｲ","town_name":"八幡台","zip_code":"3050843"},{"prefecture_jis_code":"08","city_jis_code":"08220","town_name_kana":"ﾊﾅｼﾏｼﾝﾃﾞﾝ","town_name":"花島新田","zip_code":"3050875"},{"prefecture_jis_code":"08","city_jis_code":"08220","town_name_kana":"ﾊﾅｿﾞﾉ","town_name":"花園","zip_code":"3050029"},{"prefecture_jis_code":"08","city_jis_code":"08220","town_name_kana":"ﾊﾅﾊﾞﾀｹ","town_name":"花畑","zip_code":"3003261"},{"prefecture_jis_code":"08","city_jis_code":"08220","town_name_kana":"ﾊﾅﾑﾛ","town_name":"花室","zip_code":"3050025"},{"prefecture_jis_code":"08","city_jis_code":"08220","town_name_kana":"ﾊﾅﾚ","town_name":"羽成","zip_code":"3050857"},{"prefecture_jis_code":"08","city_jis_code":"08220","town_name_kana":"ﾊﾗ","town_name":"原","zip_code":"3050823"},{"prefecture_jis_code":"08","city_jis_code":"08220","town_name_kana":"ﾊﾙｶｾﾞﾀﾞｲ","town_name":"春風台","zip_code":"3050007"},{"prefecture_jis_code":"08","city_jis_code":"08220","town_name_kana":"ﾊﾞﾝﾊﾟｸｺｳｴﾝﾆｼ","town_name":"万博公園西","zip_code":"3002659"},{"prefecture_jis_code":"08","city_jis_code":"08220","town_name_kana":"ﾋｶﾞｼ","town_name":"東","zip_code":"3050046"},{"prefecture_jis_code":"08","city_jis_code":"08220","town_name_kana":"ﾋｶﾞｼｱﾗｲ","town_name":"東新井","zip_code":"3050033"},{"prefecture_jis_code":"08","city_jis_code":"08220","town_name_kana":"ﾋｶﾞｼｵｶ","town_name":"東岡","zip_code":"3050027"},{"prefecture_jis_code":"08","city_jis_code":"08220","town_name_kana":"ﾋｶﾞｼﾋﾗﾂｶ","town_name":"東平塚","zip_code":"3050812"},{"prefecture_jis_code":"08","city_jis_code":"08220","town_name_kana":"ﾋｶﾞｼﾏﾙﾔﾏ","town_name":"東丸山","zip_code":"3050862"},{"prefecture_jis_code":"08","city_jis_code":"08220","town_name_kana":"ﾋﾉｻﾜ","town_name":"樋の沢","zip_code":"3001242"},{"prefecture_jis_code":"08","city_jis_code":"08220","town_name_kana":"ﾋﾗｻﾜ","town_name":"平沢","zip_code":"3004213"},{"prefecture_jis_code":"08","city_jis_code":"08220","town_name_kana":"ﾌｼﾞﾐﾀﾞｲ","town_name":"富士見台","zip_code":"3001263"},{"prefecture_jis_code":"08","city_jis_code":"08220","town_name_kana":"ﾌｼﾞﾓﾄ","town_name":"藤本","zip_code":"3050852"},{"prefecture_jis_code":"08","city_jis_code":"08220","town_name_kana":"ﾌﾙｸ","town_name":"古来","zip_code":"3050021"},{"prefecture_jis_code":"08","city_jis_code":"08220","town_name_kana":"ﾌﾙﾀﾞﾃ","town_name":"古館","zip_code":"3050866"},{"prefecture_jis_code":"08","city_jis_code":"08220","town_name_kana":"ﾎｳｼﾞｮｳ","town_name":"北条","zip_code":"3004231"},{"prefecture_jis_code":"08","city_jis_code":"08220","town_name_kana":"ﾎｳﾖｳﾀﾞｲ","town_name":"宝陽台","zip_code":"3001254"},{"prefecture_jis_code":"08","city_jis_code":"08220","town_name_kana":"ﾎｿﾐ","town_name":"細見","zip_code":"3001265"},{"prefecture_jis_code":"08","city_jis_code":"08220","town_name_kana":"ﾎﾗｹﾞ","town_name":"洞下","zip_code":"3004249"},{"prefecture_jis_code":"08","city_jis_code":"08220","town_name_kana":"ﾎﾝｻﾞﾜ","town_name":"本沢","zip_code":"3002623"},{"prefecture_jis_code":"08","city_jis_code":"08220","town_name_kana":"ﾎﾞｳﾁ","town_name":"房内","zip_code":"3001278"},{"prefecture_jis_code":"08","city_jis_code":"08220","town_name_kana":"ﾏｴﾉ","town_name":"前野","zip_code":"3003267"},{"prefecture_jis_code":"08","city_jis_code":"08220","town_name_kana":"ﾏｷｿﾞﾉ","town_name":"牧園","zip_code":"3001241"},{"prefecture_jis_code":"08","city_jis_code":"08220","town_name_kana":"ﾏｾ","town_name":"真瀬","zip_code":"3002656"},{"prefecture_jis_code":"08","city_jis_code":"08220","town_name_kana":"ﾏﾂｼﾛ","town_name":"松代","zip_code":"3050035"},{"prefecture_jis_code":"08","city_jis_code":"08220","town_name_kana":"ﾏﾂﾂﾞｶ","town_name":"松塚","zip_code":"3050015"},{"prefecture_jis_code":"08","city_jis_code":"08220","town_name_kana":"ﾏﾂﾉｷ","town_name":"松野木","zip_code":"3050056"},{"prefecture_jis_code":"08","city_jis_code":"08220","town_name_kana":"ﾏﾂﾉｻﾄ","town_name":"松の里","zip_code":"3001244"},{"prefecture_jis_code":"08","city_jis_code":"08220","town_name_kana":"ﾐｮｳｼﾞﾝ","town_name":"明神","zip_code":"3001257"},{"prefecture_jis_code":"08","city_jis_code":"08220","town_name_kana":"ﾐｽﾞﾎﾞﾘ","town_name":"水堀","zip_code":"3002654"},{"prefecture_jis_code":"08","city_jis_code":"08220","town_name_kana":"ﾐﾄﾞﾘｶﾞｵｶ","town_name":"緑が丘","zip_code":"3050863"},{"prefecture_jis_code":"08","city_jis_code":"08220","town_name_kana":"ﾐﾄﾞﾘｶﾞﾊﾗ","town_name":"緑ケ原","zip_code":"3002646"},{"prefecture_jis_code":"08","city_jis_code":"08220","town_name_kana":"ﾐﾄﾞﾘﾉ","town_name":"みどりの","zip_code":"3050881"},{"prefecture_jis_code":"08","city_jis_code":"08220","town_name_kana":"ﾐﾄﾞﾘﾉﾁｭｳｵｳ","town_name":"みどりの中央","zip_code":"3050882"},{"prefecture_jis_code":"08","city_jis_code":"08220","town_name_kana":"ﾐﾄﾞﾘﾉﾋｶﾞｼ","town_name":"みどりの東","zip_code":"3050883"},{"prefecture_jis_code":"08","city_jis_code":"08220","town_name_kana":"ﾐﾄﾞﾘﾉﾐﾅﾐ","town_name":"みどりの南","zip_code":"3050884"},{"prefecture_jis_code":"08","city_jis_code":"08220","town_name_kana":"ﾐﾅﾐﾅｶﾂﾞﾏ","town_name":"南中妻","zip_code":"3050065"},{"prefecture_jis_code":"08","city_jis_code":"08220","town_name_kana":"ﾐﾅﾐﾊﾗ","town_name":"南原","zip_code":"3002621"},{"prefecture_jis_code":"08","city_jis_code":"08220","town_name_kana":"ﾐﾓﾘ","town_name":"水守","zip_code":"3004245"},{"prefecture_jis_code":"08","city_jis_code":"08220","town_name_kana":"ﾐﾕｷｶﾞｵｶ","town_name":"御幸が丘","zip_code":"3050841"},{"prefecture_jis_code":"08","city_jis_code":"08220","town_name_kana":"ﾓﾘﾉｻﾄ","town_name":"森の里","zip_code":"3001256"},{"prefecture_jis_code":"08","city_jis_code":"08220","town_name_kana":"ﾔｷﾞﾊｼ","town_name":"柳橋","zip_code":"3050842"},{"prefecture_jis_code":"08","city_jis_code":"08220","town_name_kana":"ﾔﾀﾍﾞ","town_name":"谷田部","zip_code":"3050861"},{"prefecture_jis_code":"08","city_jis_code":"08220","town_name_kana":"ﾔﾏｷ","town_name":"山木","zip_code":"3004234"},{"prefecture_jis_code":"08","city_jis_code":"08220","town_name_kana":"ﾔﾏｸﾞﾁ","town_name":"山口","zip_code":"3004214"},{"prefecture_jis_code":"08","city_jis_code":"08220","town_name_kana":"ﾔﾏﾅｶ","town_name":"山中","zip_code":"3050836"},{"prefecture_jis_code":"08","city_jis_code":"08220","town_name_kana":"ﾖｺﾏﾁ","town_name":"横町","zip_code":"3050017"},{"prefecture_jis_code":"08","city_jis_code":"08220","town_name_kana":"ﾖｼﾇﾏ","town_name":"吉沼","zip_code":"3002617"},{"prefecture_jis_code":"08","city_jis_code":"08220","town_name_kana":"ﾘｭｳｾｲﾀﾞｲ","town_name":"流星台","zip_code":"3050008"},{"prefecture_jis_code":"08","city_jis_code":"08220","town_name_kana":"ﾛｸﾄ","town_name":"六斗","zip_code":"3001258"},{"prefecture_jis_code":"08","city_jis_code":"08220","town_name_kana":"ﾜｶｸﾞﾘ","town_name":"若栗","zip_code":"3001248"},{"prefecture_jis_code":"08","city_jis_code":"08220","town_name_kana":"ﾜｶﾊﾞ","town_name":"若葉","zip_code":"3001249"},{"prefecture_jis_code":"08","city_jis_code":"08220","town_name_kana":"ﾜｶﾓﾘ","town_name":"若森","zip_code":"3003252"},{"prefecture_jis_code":"08","city_jis_code":"08220","town_name_kana":"ﾜﾀﾞｲ","town_name":"和台","zip_code":"3004247"}]