[{"prefecture_jis_code":"10","city_jis_code":"10424","town_name_kana":"ｵｵｸﾜ","town_name":"応桑","zip_code":"3771310"},{"prefecture_jis_code":"10","city_jis_code":"10424","town_name_kana":"ｵｵｸﾜﾄﾞｳｺｳﾊﾗ","town_name":"応桑堂光原","zip_code":"3771310"},{"prefecture_jis_code":"10","city_jis_code":"10424","town_name_kana":"ｵｵﾂ","town_name":"大津","zip_code":"3771308"},{"prefecture_jis_code":"10","city_jis_code":"10424","town_name_kana":"ｶﾜﾗﾊﾀ","town_name":"川原畑","zip_code":"3771301"},{"prefecture_jis_code":"10","city_jis_code":"10424","town_name_kana":"ｶﾜﾗﾕ","town_name":"川原湯","zip_code":"3771302"},{"prefecture_jis_code":"10","city_jis_code":"10424","town_name_kana":"ｷﾀｶﾙｲｻﾞﾜ","town_name":"北軽井沢","zip_code":"3771412"},{"prefecture_jis_code":"10","city_jis_code":"10424","town_name_kana":"ﾅｶﾞﾉﾊﾗ","town_name":"長野原","zip_code":"3771304"},{"prefecture_jis_code":"10","city_jis_code":"10424","town_name_kana":"ﾊﾈｵ","town_name":"羽根尾","zip_code":"3771307"},{"prefecture_jis_code":"10","city_jis_code":"10424","town_name_kana":"ﾊﾔｼ","town_name":"林","zip_code":"3771309"},{"prefecture_jis_code":"10","city_jis_code":"10424","town_name_kana":"ﾌﾙﾓﾘ","town_name":"古森","zip_code":"3771306"},{"prefecture_jis_code":"10","city_jis_code":"10424","town_name_kana":"ﾖｷﾔ","town_name":"与喜屋","zip_code":"3771305"},{"prefecture_jis_code":"10","city_jis_code":"10424","town_name_kana":"ﾖｺｶﾍﾞ","town_name":"横壁","zip_code":"3771303"}]